ts_ms,market_id,venue,yes_bid,yes_ask,no_bid,no_ask,yes_bid_n,yes_ask_n,no_bid_n,no_ask_n
1787427235705,122,3,0.5100,0.5200,0.4800,0.4900,2651,2989,2989,2651
1787427235705,123,3,0.4800,0.4900,0.5100,0.5200,954,1500,1500,954
1787427235705,124,3,0.8400,0.8500,0.1500,0.1600,2503,1824,1824,2503
1787427736288,124,2,0.8440,0.8450,0.1550,0.1560,1,1,1,1
1787427736300,122,3,0.5100,0.5200,0.4800,0.4900,2651,2989,2989,2651
1787427736300,123,2,0.4860,0.4870,0.5130,0.5140,1,1,1,1
1787427736300,123,3,0.4800,0.4900,0.5100,0.5200,954,1500,1500,954
1787427736300,124,3,0.8400,0.8500,0.1500,0.1600,2503,1824,1824,2503
1787427736300,122,2,0.5060,0.5070,0.4930,0.4940,1,1,1,1
1787427737305,123,1,0.4600,0.4700,0.5300,0.5400,28908,32323,32323,28908
1787427737305,122,1,0.5300,0.5400,0.4600,0.4700,6644,17383,17383,6644
1787427737305,124,1,0.8400,0.8500,0.1500,0.1600,381843,135525,135525,381843
1787427742004,122,2,0.5060,0.5070,0.4930,0.4940,1,1,1,1
1787427742013,123,2,0.4860,0.4870,0.5130,0.5140,1,1,1,1
1787427742185,122,2,0.5060,0.5070,0.4930,0.4940,1,1,1,1
1787427742197,123,2,0.4860,0.4870,0.5130,0.5140,1,1,1,1
1787427742701,123,2,0.4860,0.4870,0.5130,0.5140,1,1,1,1
1787427743501,123,2,0.4860,0.4870,0.5130,0.5140,1,1,1,1
1787427752408,123,2,0.4860,0.4870,0.5130,0.5140,1,1,1,1
1787427757423,124,2,0.8440,0.8450,0.1550,0.1560,1,1,1,1
1787427757632,124,2,0.8440,0.8450,0.1550,0.1560,1,1,1,1
1787427759926,124,2,0.8440,0.8450,0.1550,0.1560,1,1,1,1
1787427760076,123,2,0.4860,0.4870,0.5130,0.5140,1,1,1,1
1787427771251,122,2,0.5060,0.5070,0.4930,0.4940,1,1,1,1
1787427774608,123,2,0.4860,0.4870,0.5130,0.5140,1,1,1,1
1787427774793,123,2,0.4860,0.4870,0.5130,0.5140,1,1,1,1
1787427774897,123,2,0.4860,0.4870,0.5130,0.5140,1,1,1,1
1787427774993,123,2,0.4860,0.4870,0.5130,0.5140,1,1,1,1
1787427775561,123,2,0.4860,0.4870,0.5130,0.5140,1,1,1,1
1787427776498,123,2,0.4860,0.4870,0.5130,0.5140,1,1,1,1
1787427777603,123,2,0.4860,0.4870,0.5130,0.5140,1,1,1,1
1787427778125,123,2,0.4860,0.4870,0.5130,0.5140,1,1,1,1
1787427778679,123,2,0.4860,0.4870,0.5130,0.5140,1,1,1,1
1787427779503,123,2,0.4860,0.4870,0.5130,0.5140,1,1,1,1
1787427780705,123,2,0.4860,0.4870,0.5130,0.5140,1,1,1,1
1787427781308,123,1,0.4600,0.4700,0.5300,0.5400,28908,32320,32320,28908
1787427781510,123,2,0.4860,0.4870,0.5130,0.5140,1,1,1,1
1787427787186,124,2,0.8440,0.8450,0.1550,0.1560,1,1,1,1
1787427787388,124,2,0.8440,0.8450,0.1550,0.1560,1,1,1,1
1787427789388,122,2,0.5060,0.5070,0.4930,0.4940,1,1,1,1
1787427793106,122,2,0.5060,0.5070,0.4930,0.4940,1,1,1,1
1787427795940,123,2,0.4860,0.4870,0.5130,0.5140,1,1,1,1
1787427803820,122,2,0.5060,0.5070,0.4930,0.4940,1,1,1,1
1787427803920,122,2,0.5060,0.5070,0.4930,0.4940,1,1,1,1
1787427807261,123,2,0.4860,0.4870,0.5130,0.5140,1,1,1,1
1787427813040,123,2,0.4860,0.4870,0.5130,0.5140,1,1,1,1
1787427813241,123,2,0.4860,0.4870,0.5130,0.5140,1,1,1,1
1787427813277,123,2,0.4860,0.4870,0.5130,0.5140,1,1,1,1
1787427813758,123,2,0.4860,0.4870,0.5130,0.5140,1,1,1,1
1787427813758,123,2,0.4860,0.4870,0.5130,0.5140,1,1,1,1
1787427814135,124,2,0.8440,0.8450,0.1550,0.1560,1,1,1,1
1787427814986,123,2,0.4860,0.4870,0.5130,0.5140,1,1,1,1
1787427816593,123,2,0.4860,0.4870,0.5130,0.5140,1,1,1,1
1787427817006,123,2,0.4860,0.4870,0.5130,0.5140,1,1,1,1
1787427822166,124,2,0.8440,0.8450,0.1550,0.1560,1,1,1,1
1787427822366,124,2,0.8440,0.8450,0.1550,0.1560,1,1,1,1
1787427823303,123,2,0.4860,0.4870,0.5130,0.5140,1,1,1,1
1787427823364,124,2,0.8440,0.8450,0.1550,0.1560,1,1,1,1
1787427823502,123,2,0.4860,0.4870,0.5130,0.5140,1,1,1,1
1787427823582,124,2,0.8440,0.8450,0.1550,0.1560,1,1,1,1
1787427824874,124,2,0.8440,0.8450,0.1550,0.1560,1,1,1,1
1787427825370,124,2,0.8440,0.8450,0.1550,0.1560,1,1,1,1
1787427827191,124,2,0.8440,0.8450,0.1550,0.1560,1,1,1,1
1787427827374,124,2,0.8440,0.8450,0.1550,0.1560,1,1,1,1
1787427827472,124,2,0.8440,0.8450,0.1550,0.1560,1,1,1,1
1787427837107,124,2,0.8440,0.8450,0.1550,0.1560,1,1,1,1
1787427837198,124,2,0.8440,0.8450,0.1550,0.1560,1,1,1,1
1787427839717,122,2,0.5060,0.5070,0.4930,0.4940,1,1,1,1
1787427840443,123,2,0.4860,0.4870,0.5130,0.5140,1,1,1,1
1787427840640,123,2,0.4860,0.4870,0.5130,0.5140,1,1,1,1
1787427840743,123,2,0.4860,0.4870,0.5130,0.5140,1,1,1,1
1787427840827,122,2,0.5060,0.5070,0.4930,0.4940,1,1,1,1
1787427847252,123,2,0.4860,0.4870,0.5130,0.5140,1,1,1,1
1787427847452,123,2,0.4860,0.4870,0.5130,0.5140,1,1,1,1
1787427859059,124,2,0.8440,0.8450,0.1550,0.1560,1,1,1,1
1787427859457,124,2,0.8440,0.8450,0.1550,0.1560,1,1,1,1
1787427872890,122,2,0.5060,0.5070,0.4930,0.4940,1,1,1,1
1787427873246,122,2,0.5060,0.5070,0.4930,0.4940,1,1,1,1
1787427876177,122,2,0.5060,0.5070,0.4930,0.4940,1,1,1,1
1787427878818,123,2,0.4860,0.4870,0.5130,0.5140,1,1,1,1
1787427878921,123,2,0.4860,0.4870,0.5130,0.5140,1,1,1,1
1787427891370,124,2,0.8440,0.8450,0.1550,0.1560,1,1,1,1
1787427891519,124,2,0.8440,0.8450,0.1550,0.1560,1,1,1,1
1787427893021,124,2,0.8440,0.8450,0.1550,0.1560,1,1,1,1
1787427893925,124,2,0.8440,0.8450,0.1550,0.1560,1,1,1,1
1787427901372,123,2,0.4860,0.4870,0.5130,0.5140,1,1,1,1
1787427904476,122,2,0.5060,0.5070,0.4930,0.4940,1,1,1,1
1787427904964,122,2,0.5060,0.5070,0.4930,0.4940,1,1,1,1
1787427911614,123,2,0.4860,0.4870,0.5130,0.5140,1,1,1,1
1787427912157,123,2,0.4860,0.4870,0.5130,0.5140,1,1,1,1
1787427914515,123,3,0.4800,0.4900,0.5100,0.5200,1204,1500,1500,1204
1787427916401,123,2,0.4860,0.4870,0.5130,0.5140,1,1,1,1
1787427917719,123,2,0.4860,0.4870,0.5130,0.5140,1,1,1,1
1787427925501,124,2,0.8440,0.8450,0.1550,0.1560,1,1,1,1
1787427925704,124,2,0.8440,0.8450,0.1550,0.1560,1,1,1,1
1787427938650,122,2,0.5060,0.5070,0.4930,0.4940,1,1,1,1
1787427939409,122,2,0.5060,0.5070,0.4930,0.4940,1,1,1,1
1787427939605,122,2,0.5060,0.5070,0.4930,0.4940,1,1,1,1
1787427940528,122,2,0.5060,0.5070,0.4930,0.4940,1,1,1,1
1787427941406,122,2,0.5060,0.5070,0.4930,0.4940,1,1,1,1
1787427943306,123,2,0.4860,0.4870,0.5130,0.5140,1,1,1,1
1787427943442,122,2,0.5060,0.5070,0.4930,0.4940,1,1,1,1
1787427943461,123,2,0.4860,0.4870,0.5130,0.5140,1,1,1,1
1787427943513,122,2,0.5060,0.5070,0.4930,0.4940,1,1,1,1
1787427946970,123,3,0.4800,0.4900,0.5100,0.5200,954,1500,1500,954
1787427947482,122,2,0.5060,0.5070,0.4930,0.4940,1,1,1,1
1787427947721,122,2,0.5060,0.5070,0.4930,0.4940,1,1,1,1
1787427957180,122,2,0.5060,0.5070,0.4930,0.4940,1,1,1,1
1787427957340,122,2,0.5060,0.5070,0.4930,0.4940,1,1,1,1
1787427963011,124,2,0.8440,0.8450,0.1550,0.1560,1,1,1,1
1787427963212,124,2,0.8440,0.8450,0.1550,0.1560,1,1,1,1
1787427973690,123,3,0.4800,0.4900,0.5100,0.5200,836,1500,1500,836
1787427973768,122,2,0.5060,0.5070,0.4930,0.4940,1,1,1,1
1787427973875,123,2,0.4860,0.4870,0.5130,0.5140,1,1,1,1
1787427973966,122,2,0.5060,0.5070,0.4930,0.4940,1,1,1,1
1787427974075,123,2,0.4860,0.4870,0.5130,0.5140,1,1,1,1
1787427974289,123,1,0.4600,0.4700,0.5300,0.5400,28904,32320,32320,28904
1787427980086,123,3,0.4800,0.4900,0.5100,0.5200,836,1632,1632,836
1787427996483,124,2,0.8440,0.8450,0.1550,0.1560,1,1,1,1
1787427996483,124,2,0.8440,0.8450,0.1550,0.1560,1,1,1,1
1787428008533,122,2,0.5060,0.5070,0.4930,0.4940,1,1,1,1
1787428008541,123,2,0.4860,0.4870,0.5130,0.5140,1,1,1,1
1787428008927,122,2,0.5060,0.5070,0.4930,0.4940,1,1,1,1
1787428008927,123,2,0.4860,0.4870,0.5130,0.5140,1,1,1,1
1787428028986,124,2,0.8440,0.8450,0.1550,0.1560,1,1,1,1
1787428029257,124,2,0.8440,0.8450,0.1550,0.1560,1,1,1,1
1787428030318,122,1,0.5300,0.5400,0.4600,0.4700,6644,17383,17383,6644
1787428030899,122,2,0.5060,0.5070,0.4930,0.4940,1,1,1,1
1787428030985,122,2,0.5060,0.5070,0.4930,0.4940,1,1,1,1
1787428031095,123,3,0.4800,0.4900,0.5100,0.5200,1086,1632,1632,1086
1787428031283,122,2,0.5060,0.5070,0.4930,0.4940,1,1,1,1
1787428031985,122,2,0.5060,0.5070,0.4930,0.4940,1,1,1,1
1787428032685,122,2,0.5060,0.5070,0.4930,0.4940,1,1,1,1
1787428032989,122,2,0.5060,0.5070,0.4930,0.4940,1,1,1,1
1787428034488,122,2,0.5060,0.5070,0.4930,0.4940,1,1,1,1
1787428035129,122,2,0.5060,0.5070,0.4930,0.4940,1,1,1,1
1787428041002,123,2,0.4860,0.4870,0.5130,0.5140,1,1,1,1
1787428041323,123,2,0.4860,0.4870,0.5130,0.5140,1,1,1,1
1787428059044,123,2,0.4860,0.4870,0.5130,0.5140,1,1,1,1
1787428062063,122,2,0.5060,0.5070,0.4930,0.4940,1,1,1,1
1787428062527,124,2,0.8440,0.8450,0.1550,0.1560,1,1,1,1
1787428066937,124,2,0.8440,0.8450,0.1550,0.1560,1,1,1,1
1787428068960,122,2,0.5060,0.5070,0.4930,0.4940,1,1,1,1
1787428069061,122,2,0.5060,0.5070,0.4930,0.4940,1,1,1,1
1787428069263,122,2,0.5060,0.5070,0.4930,0.4940,1,1,1,1
1787428069966,122,2,0.5060,0.5070,0.4930,0.4940,1,1,1,1
1787428070254,123,2,0.4860,0.4870,0.5130,0.5140,1,1,1,1
1787428070452,123,2,0.4860,0.4870,0.5130,0.5140,1,1,1,1
1787428070655,123,2,0.4860,0.4870,0.5130,0.5140,1,1,1,1
1787428071304,122,2,0.5060,0.5070,0.4930,0.4940,1,1,1,1
1787428071685,122,2,0.5060,0.5070,0.4930,0.4940,1,1,1,1
1787428071889,123,2,0.4860,0.4870,0.5130,0.5140,1,1,1,1
1787428072298,122,2,0.5060,0.5070,0.4930,0.4940,1,1,1,1
1787428073176,122,2,0.5060,0.5070,0.4930,0.4940,1,1,1,1
1787428073631,123,2,0.4860,0.4870,0.5130,0.5140,1,1,1,1
1787428074100,122,2,0.5060,0.5070,0.4930,0.4940,1,1,1,1
1787428074279,122,2,0.5060,0.5070,0.4930,0.4940,1,1,1,1
1787428075836,122,2,0.5060,0.5070,0.4930,0.4940,1,1,1,1
1787428077191,122,2,0.5060,0.5070,0.4930,0.4940,1,1,1,1
1787428079472,122,2,0.5060,0.5070,0.4930,0.4940,1,1,1,1
1787428080098,122,2,0.5060,0.5070,0.4930,0.4940,1,1,1,1
1787428081202,122,2,0.5060,0.5070,0.4930,0.4940,1,1,1,1
1787428082131,122,2,0.5060,0.5070,0.4930,0.4940,1,1,1,1
1787428092023,124,2,0.8440,0.8450,0.1550,0.1560,1,1,1,1
1787428092319,124,2,0.8440,0.8450,0.1550,0.1560,1,1,1,1
1787428095928,124,2,0.8440,0.8450,0.1550,0.1560,1,1,1,1
1787428097332,124,2,0.8440,0.8450,0.1550,0.1560,1,1,1,1
1787428101021,123,2,0.4860,0.4870,0.5130,0.5140,1,1,1,1
1787428101528,123,2,0.4860,0.4870,0.5130,0.5140,1,1,1,1
1787428111244,123,2,0.4860,0.4870,0.5130,0.5140,1,1,1,1
1787428114203,122,2,0.5060,0.5070,0.4930,0.4940,1,1,1,1
1787428114765,122,2,0.5060,0.5070,0.4930,0.4940,1,1,1,1
1787428116020,122,2,0.5060,0.5070,0.4930,0.4940,1,1,1,1
1787428122164,124,2,0.8440,0.8450,0.1550,0.1560,1,1,1,1
1787428122194,124,2,0.8440,0.8450,0.1550,0.1560,1,1,1,1
1787428126486,123,2,0.4860,0.4870,0.5130,0.5140,1,1,1,1
1787428130752,122,2,0.5060,0.5070,0.4930,0.4940,1,1,1,1
1787428139917,123,2,0.4860,0.4870,0.5130,0.5140,1,1,1,1
1787428140621,123,2,0.4860,0.4870,0.5130,0.5140,1,1,1,1
1787428146257,122,2,0.5060,0.5070,0.4930,0.4940,1,1,1,1
1787428146464,122,2,0.5060,0.5070,0.4930,0.4940,1,1,1,1
1787428149093,122,2,0.5060,0.5070,0.4930,0.4940,1,1,1,1
1787428149475,122,2,0.5060,0.5070,0.4930,0.4940,1,1,1,1
1787428149561,122,2,0.5060,0.5070,0.4930,0.4940,1,1,1,1
1787428151468,122,2,0.5060,0.5070,0.4930,0.4940,1,1,1,1
1787428164187,124,2,0.8440,0.8450,0.1550,0.1560,1,1,1,1
1787428164611,124,2,0.8440,0.8450,0.1550,0.1560,1,1,1,1
1787428169888,123,2,0.4860,0.4870,0.5130,0.5140,1,1,1,1
1787428174487,123,2,0.4860,0.4870,0.5130,0.5140,1,1,1,1
1787428174603,123,2,0.4860,0.4870,0.5130,0.5140,1,1,1,1
1787428182473,123,2,0.4860,0.4870,0.5130,0.5140,1,1,1,1
1787428182522,123,2,0.4860,0.4870,0.5130,0.5140,1,1,1,1
1787428183228,123,2,0.4860,0.4870,0.5130,0.5140,1,1,1,1
1787428183331,123,2,0.4860,0.4870,0.5130,0.5140,1,1,1,1
1787428183946,122,2,0.5060,0.5070,0.4930,0.4940,1,1,1,1
1787428184664,122,2,0.5060,0.5070,0.4930,0.4940,1,1,1,1
1787428185852,122,2,0.5060,0.5070,0.4930,0.4940,1,1,1,1
1787428186672,123,2,0.4860,0.4870,0.5130,0.5140,1,1,1,1
1787428187139,123,2,0.4860,0.4870,0.5130,0.5140,1,1,1,1
1787428187348,123,2,0.4860,0.4870,0.5130,0.5140,1,1,1,1
1787428191351,123,2,0.4860,0.4870,0.5130,0.5140,1,1,1,1
1787428193156,123,2,0.4860,0.4870,0.5130,0.5140,1,1,1,1
1787428194754,124,2,0.8440,0.8450,0.1550,0.1560,1,1,1,1
1787428194853,124,2,0.8440,0.8450,0.1550,0.1560,1,1,1,1
1787428194955,124,2,0.8440,0.8450,0.1550,0.1560,1,1,1,1
1787428195657,123,2,0.4860,0.4870,0.5130,0.5140,1,1,1,1
1787428195958,124,2,0.8440,0.8450,0.1550,0.1560,1,1,1,1
1787428196164,123,2,0.4860,0.4870,0.5130,0.5140,1,1,1,1
1787428196463,124,2,0.8440,0.8450,0.1550,0.1560,1,1,1,1
1787428196463,123,2,0.4860,0.4870,0.5130,0.5140,1,1,1,1
1787428196564,124,2,0.8440,0.8450,0.1550,0.1560,1,1,1,1
1787428197362,124,2,0.8440,0.8450,0.1550,0.1560,1,1,1,1
1787428197764,124,2,0.8440,0.8450,0.1550,0.1560,1,1,1,1
1787428198071,124,2,0.8440,0.8450,0.1550,0.1560,1,1,1,1
1787428198980,122,2,0.5060,0.5070,0.4930,0.4940,1,1,1,1
1787428199769,124,2,0.8440,0.8450,0.1550,0.1560,1,1,1,1
1787428202475,123,2,0.4860,0.4870,0.5130,0.5140,1,1,1,1
1787428202573,123,2,0.4860,0.4870,0.5130,0.5140,1,1,1,1
1787428205515,123,2,0.4860,0.4870,0.5130,0.5140,1,1,1,1
1787428205581,123,2,0.4860,0.4870,0.5130,0.5140,1,1,1,1
1787428219344,122,2,0.5060,0.5070,0.4930,0.4940,1,1,1,1
1787428219922,122,2,0.5060,0.5070,0.4930,0.4940,1,1,1,1
1787428227070,124,2,0.8440,0.8450,0.1550,0.1560,1,1,1,1
1787428227533,124,2,0.8440,0.8450,0.1550,0.1560,1,1,1,1
1787428234455,123,2,0.4860,0.4870,0.5130,0.5140,1,1,1,1
1787428235353,123,2,0.4860,0.4870,0.5130,0.5140,1,1,1,1
1787428235656,123,2,0.4860,0.4870,0.5130,0.5140,1,1,1,1
1787428240468,123,2,0.4860,0.4870,0.5130,0.5140,1,1,1,1
1787428240563,123,2,0.4860,0.4870,0.5130,0.5140,1,1,1,1
1787428241087,122,2,0.5060,0.5070,0.4930,0.4940,1,1,1,1
1787428241164,124,2,0.8440,0.8450,0.1550,0.1560,1,1,1,1
1787428241262,124,2,0.8440,0.8450,0.1550,0.1560,1,1,1,1
1787428246079,124,2,0.8440,0.8450,0.1550,0.1560,1,1,1,1
1787428251692,122,2,0.5060,0.5070,0.4930,0.4940,1,1,1,1
1787428252306,122,2,0.5060,0.5070,0.4930,0.4940,1,1,1,1
1787428261433,124,2,0.8440,0.8450,0.1550,0.1560,1,1,1,1
1787428261623,124,2,0.8440,0.8450,0.1550,0.1560,1,1,1,1
1787428262647,124,2,0.8440,0.8450,0.1550,0.1560,1,1,1,1
1787428263936,124,2,0.8440,0.8450,0.1550,0.1560,1,1,1,1
1787428267537,123,2,0.4860,0.4870,0.5130,0.5140,1,1,1,1
1787428267732,123,2,0.4860,0.4870,0.5130,0.5140,1,1,1,1
1787428273944,123,2,0.4860,0.4870,0.5130,0.5140,1,1,1,1
1787428274423,123,2,0.4860,0.4870,0.5130,0.5140,1,1,1,1
1787428274443,123,2,0.4860,0.4870,0.5130,0.5140,1,1,1,1
1787428274553,123,2,0.4860,0.4870,0.5130,0.5140,1,1,1,1
1787428274964,123,2,0.4860,0.4870,0.5130,0.5140,1,1,1,1
1787428275346,123,2,0.4860,0.4870,0.5130,0.5140,1,1,1,1
1787428276348,123,2,0.4860,0.4870,0.5130,0.5140,1,1,1,1
1787428276452,123,2,0.4860,0.4870,0.5130,0.5140,1,1,1,1
1787428276779,123,2,0.4860,0.4870,0.5130,0.5140,1,1,1,1
1787428276982,123,2,0.4860,0.4870,0.5130,0.5140,1,1,1,1
1787428277597,123,2,0.4860,0.4870,0.5130,0.5140,1,1,1,1
1787428278764,123,2,0.4860,0.4870,0.5130,0.5140,1,1,1,1
1787428278958,123,2,0.4860,0.4870,0.5130,0.5140,1,1,1,1
1787428279623,123,2,0.4860,0.4870,0.5130,0.5140,1,1,1,1
1787428280158,123,2,0.4860,0.4870,0.5130,0.5140,1,1,1,1
1787428280159,123,2,0.4860,0.4870,0.5130,0.5140,1,1,1,1
1787428280268,123,2,0.4860,0.4870,0.5130,0.5140,1,1,1,1
1787428280864,123,2,0.4860,0.4870,0.5130,0.5140,1,1,1,1
1787428282719,123,2,0.4860,0.4870,0.5130,0.5140,1,1,1,1
1787428282719,123,2,0.4860,0.4870,0.5130,0.5140,1,1,1,1
1787428282719,122,2,0.5060,0.5070,0.4930,0.4940,1,1,1,1
1787428282995,122,2,0.5060,0.5070,0.4930,0.4940,1,1,1,1
1787428283383,122,2,0.5060,0.5070,0.4930,0.4940,1,1,1,1
1787428284379,123,2,0.4860,0.4870,0.5130,0.5140,1,1,1,1
1787428284485,122,2,0.5060,0.5070,0.4930,0.4940,1,1,1,1
1787428284869,123,2,0.4860,0.4870,0.5130,0.5140,1,1,1,1
1787428285278,123,2,0.4860,0.4870,0.5130,0.5140,1,1,1,1
1787428285279,123,2,0.4860,0.4870,0.5130,0.5140,1,1,1,1
1787428287120,123,2,0.4860,0.4870,0.5130,0.5140,1,1,1,1
1787428287176,123,2,0.4860,0.4870,0.5130,0.5140,1,1,1,1
1787428287281,123,2,0.4860,0.4870,0.5130,0.5140,1,1,1,1
1787428288449,123,2,0.4860,0.4870,0.5130,0.5140,1,1,1,1
1787428288483,123,2,0.4860,0.4870,0.5130,0.5140,1,1,1,1
1787428288756,123,2,0.4860,0.4870,0.5130,0.5140,1,1,1,1
1787428289919,123,2,0.4860,0.4870,0.5130,0.5140,1,1,1,1
1787428290226,123,2,0.4860,0.4870,0.5130,0.5140,1,1,1,1
1787428292094,123,2,0.4860,0.4870,0.5130,0.5140,1,1,1,1
1787428292265,123,1,0.4600,0.4700,0.5300,0.5400,28904,32120,32120,28904
1787428292300,123,2,0.4860,0.4870,0.5130,0.5140,1,1,1,1
1787428292493,123,2,0.4860,0.4870,0.5130,0.5140,1,1,1,1
1787428292593,123,2,0.4860,0.4870,0.5130,0.5140,1,1,1,1
1787428294198,123,2,0.4860,0.4870,0.5130,0.5140,1,1,1,1
1787428295924,124,2,0.8440,0.8450,0.1550,0.1560,1,1,1,1
1787428296315,124,2,0.8440,0.8450,0.1550,0.1560,1,1,1,1
1787428299507,122,2,0.5060,0.5070,0.4930,0.4940,1,1,1,1
1787428300448,122,2,0.5060,0.5070,0.4930,0.4940,1,1,1,1
1787428301044,122,2,0.5060,0.5070,0.4930,0.4940,1,1,1,1
1787428319022,122,2,0.5060,0.5070,0.4930,0.4940,1,1,1,1
1787428320805,122,2,0.5060,0.5070,0.4930,0.4940,1,1,1,1
1787428329084,124,2,0.8440,0.8450,0.1550,0.1560,1,1,1,1
1787428329161,123,2,0.4860,0.4870,0.5130,0.5140,1,1,1,1
1787428329277,124,2,0.8440,0.8450,0.1550,0.1560,1,1,1,1
1787428329371,123,2,0.4860,0.4870,0.5130,0.5140,1,1,1,1
1787428330580,122,2,0.5060,0.5070,0.4930,0.4940,1,1,1,1
1787428331484,122,2,0.5060,0.5070,0.4930,0.4940,1,1,1,1
1787428331684,122,2,0.5060,0.5070,0.4930,0.4940,1,1,1,1
1787428332785,122,2,0.5060,0.5070,0.4930,0.4940,1,1,1,1
1787428359728,123,2,0.4860,0.4870,0.5130,0.5140,1,1,1,1
1787428359836,123,2,0.4860,0.4870,0.5130,0.5140,1,1,1,1
1787428366232,122,2,0.5060,0.5070,0.4930,0.4940,1,1,1,1
1787428366302,124,2,0.8440,0.8450,0.1550,0.1560,1,1,1,1
1787428366494,124,2,0.8440,0.8450,0.1550,0.1560,1,1,1,1
1787428366568,122,2,0.5060,0.5070,0.4930,0.4940,1,1,1,1
1787428395963,123,2,0.4860,0.4870,0.5130,0.5140,1,1,1,1
1787428396046,122,2,0.5060,0.5070,0.4930,0.4940,1,1,1,1
1787428396142,122,2,0.5060,0.5070,0.4930,0.4940,1,1,1,1
1787428396211,123,2,0.4860,0.4870,0.5130,0.5140,1,1,1,1
1787428400366,124,2,0.8440,0.8450,0.1550,0.1560,1,1,1,1
1787428400379,124,2,0.8440,0.8450,0.1550,0.1560,1,1,1,1
1787428407282,123,2,0.4860,0.4870,0.5130,0.5140,1,1,1,1
1787428423301,123,2,0.4860,0.4870,0.5130,0.5140,1,1,1,1
1787428423329,124,2,0.8440,0.8450,0.1550,0.1560,1,1,1,1
1787428423364,123,2,0.4860,0.4870,0.5130,0.5140,1,1,1,1
1787428424069,123,2,0.4860,0.4870,0.5130,0.5140,1,1,1,1
1787428424875,123,2,0.4860,0.4870,0.5130,0.5140,1,1,1,1
1787428434465,124,2,0.8440,0.8450,0.1550,0.1560,1,1,1,1
1787428434489,123,2,0.4860,0.4870,0.5130,0.5140,1,1,1,1
1787428434535,122,2,0.5060,0.5070,0.4930,0.4940,1,1,1,1
1787428434786,123,2,0.4860,0.4870,0.5130,0.5140,1,1,1,1
1787428434961,124,2,0.8440,0.8450,0.1550,0.1560,1,1,1,1
1787428435133,122,2,0.5060,0.5070,0.4930,0.4940,1,1,1,1
1787428436612,122,2,0.5060,0.5070,0.4930,0.4940,1,1,1,1
1787428437124,124,2,0.8440,0.8450,0.1550,0.1560,1,1,1,1
1787428437175,124,2,0.8440,0.8450,0.1550,0.1560,1,1,1,1
1787428437290,122,2,0.5060,0.5070,0.4930,0.4940,1,1,1,1
1787428442961,122,2,0.5060,0.5070,0.4930,0.4940,1,1,1,1
1787428446236,123,2,0.4860,0.4870,0.5130,0.5140,1,1,1,1
1787428448694,123,2,0.4860,0.4870,0.5130,0.5140,1,1,1,1
1787428451132,123,2,0.4860,0.4870,0.5130,0.5140,1,1,1,1
1787428453444,123,2,0.4860,0.4870,0.5130,0.5140,1,1,1,1
1787428456069,123,2,0.4860,0.4870,0.5130,0.5140,1,1,1,1
1787428457810,124,2,0.8440,0.8450,0.1550,0.1560,1,1,1,1
1787428457831,124,2,0.8440,0.8450,0.1550,0.1560,1,1,1,1
1787428458629,123,2,0.4860,0.4870,0.5130,0.5140,1,1,1,1
1787428461050,123,2,0.4860,0.4870,0.5130,0.5140,1,1,1,1
1787428462496,122,2,0.5060,0.5070,0.4930,0.4940,1,1,1,1
1787428463134,122,2,0.5060,0.5070,0.4930,0.4940,1,1,1,1
1787428463355,123,2,0.4860,0.4870,0.5130,0.5140,1,1,1,1
1787428463485,122,2,0.5060,0.5070,0.4930,0.4940,1,1,1,1
1787428465965,123,2,0.4860,0.4870,0.5130,0.5140,1,1,1,1
1787428468259,124,2,0.8440,0.8450,0.1550,0.1560,1,1,1,1
1787428468416,122,2,0.5060,0.5070,0.4930,0.4940,1,1,1,1
1787428468491,123,2,0.4860,0.4870,0.5130,0.5140,1,1,1,1
1787428468610,122,2,0.5060,0.5070,0.4930,0.4940,1,1,1,1
1787428468972,124,2,0.8440,0.8450,0.1550,0.1560,1,1,1,1
1787428468972,122,2,0.5060,0.5070,0.4930,0.4940,1,1,1,1
1787428468972,123,2,0.4860,0.4870,0.5130,0.5140,1,1,1,1
1787428470650,124,2,0.8440,0.8450,0.1550,0.1560,1,1,1,1
1787428470869,123,2,0.4860,0.4870,0.5130,0.5140,1,1,1,1
1787428471256,124,2,0.8440,0.8450,0.1550,0.1560,1,1,1,1
1787428473575,123,2,0.4860,0.4870,0.5130,0.5140,1,1,1,1
1787428475978,123,2,0.4860,0.4870,0.5130,0.5140,1,1,1,1
1787428478900,123,2,0.4860,0.4870,0.5130,0.5140,1,1,1,1
1787428481651,123,2,0.4860,0.4870,0.5130,0.5140,1,1,1,1
1787428484942,123,2,0.4860,0.4870,0.5130,0.5140,1,1,1,1
1787428485915,124,2,0.8440,0.8450,0.1550,0.1560,1,1,1,1
1787428486079,124,2,0.8440,0.8450,0.1550,0.1560,1,1,1,1
1787428486171,124,2,0.8440,0.8450,0.1550,0.1560,1,1,1,1
1787428486855,123,2,0.4860,0.4870,0.5130,0.5140,1,1,1,1
1787428489345,123,2,0.4860,0.4870,0.5130,0.5140,1,1,1,1
1787428492110,123,2,0.4860,0.4870,0.5130,0.5140,1,1,1,1
1787428494669,123,2,0.4860,0.4870,0.5130,0.5140,1,1,1,1
1787428497620,122,2,0.5060,0.5070,0.4930,0.4940,1,1,1,1
1787428497950,123,2,0.4860,0.4870,0.5130,0.5140,1,1,1,1
1787428498258,122,2,0.5060,0.5070,0.4930,0.4940,1,1,1,1
1787428498308,122,2,0.5060,0.5070,0.4930,0.4940,1,1,1,1
1787428498561,122,2,0.5060,0.5070,0.4930,0.4940,1,1,1,1
1787428499720,123,2,0.4860,0.4870,0.5130,0.5140,1,1,1,1
1787428502520,123,2,0.4860,0.4870,0.5130,0.5140,1,1,1,1
1787428503026,124,2,0.8440,0.8450,0.1550,0.1560,1,1,1,1
1787428503518,123,2,0.4860,0.4870,0.5130,0.5140,1,1,1,1
1787428503623,123,2,0.4860,0.4870,0.5130,0.5140,1,1,1,1
1787428503628,124,2,0.8440,0.8450,0.1550,0.1560,1,1,1,1
1787428504071,122,2,0.5060,0.5070,0.4930,0.4940,1,1,1,1
1787428505013,124,2,0.8440,0.8450,0.1550,0.1560,1,1,1,1
1787428505245,123,2,0.4860,0.4870,0.5130,0.5140,1,1,1,1
1787428505371,123,2,0.4860,0.4870,0.5130,0.5140,1,1,1,1
1787428505440,124,2,0.8440,0.8450,0.1550,0.1560,1,1,1,1
1787428505448,123,2,0.4860,0.4870,0.5130,0.5140,1,1,1,1
1787428507060,124,2,0.8440,0.8450,0.1550,0.1560,1,1,1,1
1787428507764,124,2,0.8440,0.8450,0.1550,0.1560,1,1,1,1
1787428508025,123,2,0.4860,0.4870,0.5130,0.5140,1,1,1,1
1787428510931,123,2,0.4860,0.4870,0.5130,0.5140,1,1,1,1
1787428513819,123,2,0.4860,0.4870,0.5130,0.5140,1,1,1,1
1787428516788,123,2,0.4860,0.4870,0.5130,0.5140,1,1,1,1
1787428519654,123,2,0.4860,0.4870,0.5130,0.5140,1,1,1,1
1787428521599,122,2,0.5060,0.5070,0.4930,0.4940,1,1,1,1
1787428523852,123,2,0.4860,0.4870,0.5130,0.5140,1,1,1,1
1787428525379,123,2,0.4860,0.4870,0.5130,0.5140,1,1,1,1
1787428527971,123,2,0.4860,0.4870,0.5130,0.5140,1,1,1,1
1787428528974,122,2,0.5060,0.5070,0.4930,0.4940,1,1,1,1
1787428529894,122,2,0.5060,0.5070,0.4930,0.4940,1,1,1,1
1787428530874,123,2,0.4860,0.4870,0.5130,0.5140,1,1,1,1
1787428531150,122,2,0.5060,0.5070,0.4930,0.4940,1,1,1,1
1787428531225,122,2,0.5060,0.5070,0.4930,0.4940,1,1,1,1
1787428531322,122,2,0.5060,0.5070,0.4930,0.4940,1,1,1,1
1787428531943,122,2,0.5060,0.5070,0.4930,0.4940,1,1,1,1
1787428533990,123,2,0.4860,0.4870,0.5130,0.5140,1,1,1,1
1787428535147,122,2,0.5060,0.5070,0.4930,0.4940,1,1,1,1
1787428536140,123,2,0.4860,0.4870,0.5130,0.5140,1,1,1,1
1787428536406,124,2,0.8440,0.8450,0.1550,0.1560,1,1,1,1
1787428536493,124,2,0.8440,0.8450,0.1550,0.1560,1,1,1,1
1787428536972,123,2,0.4860,0.4870,0.5130,0.5140,1,1,1,1
1787428537267,123,1,0.4600,0.4700,0.5300,0.5400,29404,32120,32120,29404
1787428539876,123,2,0.4860,0.4870,0.5130,0.5140,1,1,1,1
1787428542897,123,2,0.4860,0.4870,0.5130,0.5140,1,1,1,1
1787428545817,123,2,0.4860,0.4870,0.5130,0.5140,1,1,1,1
1787428548816,123,2,0.4860,0.4870,0.5130,0.5140,1,1,1,1
1787428551804,123,2,0.4860,0.4870,0.5130,0.5140,1,1,1,1
1787428554671,123,2,0.4860,0.4870,0.5130,0.5140,1,1,1,1
1787428557948,123,2,0.4860,0.4870,0.5130,0.5140,1,1,1,1
1787428560842,123,2,0.4860,0.4870,0.5130,0.5140,1,1,1,1
1787428562556,122,2,0.5060,0.5070,0.4930,0.4940,1,1,1,1
1787428563989,123,2,0.4860,0.4870,0.5130,0.5140,1,1,1,1
1787428567355,123,2,0.4860,0.4870,0.5130,0.5140,1,1,1,1
1787428567373,124,2,0.8440,0.8450,0.1550,0.1560,1,1,1,1
1787428567452,124,2,0.8440,0.8450,0.1550,0.1560,1,1,1,1
1787428568054,124,2,0.8440,0.8450,0.1550,0.1560,1,1,1,1
1787428568055,123,2,0.4860,0.4870,0.5130,0.5140,1,1,1,1
1787428570544,123,2,0.4860,0.4870,0.5130,0.5140,1,1,1,1
1787428572795,122,2,0.5060,0.5070,0.4930,0.4940,1,1,1,1
1787428573308,122,2,0.5060,0.5070,0.4930,0.4940,1,1,1,1
1787428573716,123,2,0.4860,0.4870,0.5130,0.5140,1,1,1,1
1787428576871,123,2,0.4860,0.4870,0.5130,0.5140,1,1,1,1
1787428578326,122,2,0.5060,0.5070,0.4930,0.4940,1,1,1,1
1787428580065,123,2,0.4860,0.4870,0.5130,0.5140,1,1,1,1
1787428583245,123,2,0.4860,0.4870,0.5130,0.5140,1,1,1,1
1787428583649,124,2,0.8440,0.8450,0.1550,0.1560,1,1,1,1
1787428586680,123,2,0.4860,0.4870,0.5130,0.5140,1,1,1,1
1787428590190,123,2,0.4860,0.4870,0.5130,0.5140,1,1,1,1
1787428593481,123,2,0.4860,0.4870,0.5130,0.5140,1,1,1,1
1787428594810,122,2,0.5060,0.5070,0.4930,0.4940,1,1,1,1
1787428595052,122,2,0.5060,0.5070,0.4930,0.4940,1,1,1,1
1787428595419,122,2,0.5060,0.5070,0.4930,0.4940,1,1,1,1
1787428595645,122,2,0.5060,0.5070,0.4930,0.4940,1,1,1,1
1787428596038,122,2,0.5060,0.5070,0.4930,0.4940,1,1,1,1
1787428597064,123,2,0.4860,0.4870,0.5130,0.5140,1,1,1,1
1787428599724,124,2,0.8440,0.8450,0.1550,0.1560,1,1,1,1
1787428600339,123,2,0.4860,0.4870,0.5130,0.5140,1,1,1,1
1787428601396,122,2,0.5060,0.5070,0.4930,0.4940,1,1,1,1
1787428603309,123,2,0.4860,0.4870,0.5130,0.5140,1,1,1,1
1787428603309,123,2,0.4860,0.4870,0.5130,0.5140,1,1,1,1
1787428603821,123,2,0.4860,0.4870,0.5130,0.5140,1,1,1,1
1787428605121,124,2,0.8440,0.8450,0.1550,0.1560,1,1,1,1
1787428607409,123,2,0.4860,0.4870,0.5130,0.5140,1,1,1,1
1787428607890,124,2,0.8440,0.8450,0.1550,0.1560,1,1,1,1
1787428611196,123,2,0.4860,0.4870,0.5130,0.5140,1,1,1,1
1787428611705,124,2,0.8440,0.8450,0.1550,0.1560,1,1,1,1
1787428614773,123,2,0.4860,0.4870,0.5130,0.5140,1,1,1,1
1787428615186,124,2,0.8440,0.8450,0.1550,0.1560,1,1,1,1
1787428618142,123,2,0.4860,0.4870,0.5130,0.5140,1,1,1,1
1787428618525,124,2,0.8440,0.8450,0.1550,0.1560,1,1,1,1
1787428621637,123,2,0.4860,0.4870,0.5130,0.5140,1,1,1,1
1787428622048,124,2,0.8440,0.8450,0.1550,0.1560,1,1,1,1
1787428622048,122,2,0.5060,0.5070,0.4930,0.4940,1,1,1,1
1787428622089,122,2,0.5060,0.5070,0.4930,0.4940,1,1,1,1
1787428622867,122,2,0.5060,0.5070,0.4930,0.4940,1,1,1,1
1787428623275,122,2,0.5060,0.5070,0.4930,0.4940,1,1,1,1
1787428625221,123,2,0.4860,0.4870,0.5130,0.5140,1,1,1,1
1787428625540,124,2,0.8440,0.8450,0.1550,0.1560,1,1,1,1
1787428627733,122,2,0.5060,0.5070,0.4930,0.4940,1,1,1,1
1787428627911,122,2,0.5060,0.5070,0.4930,0.4940,1,1,1,1
1787428628004,122,2,0.5060,0.5070,0.4930,0.4940,1,1,1,1
1787428628601,122,2,0.5060,0.5070,0.4930,0.4940,1,1,1,1
1787428628908,122,2,0.5060,0.5070,0.4930,0.4940,1,1,1,1
1787428628909,123,2,0.4860,0.4870,0.5130,0.5140,1,1,1,1
1787428629419,124,2,0.8440,0.8450,0.1550,0.1560,1,1,1,1
1787428632904,123,2,0.4860,0.4870,0.5130,0.5140,1,1,1,1
1787428633107,124,2,0.8440,0.8450,0.1550,0.1560,1,1,1,1
1787428634030,123,2,0.4860,0.4870,0.5130,0.5140,1,1,1,1
1787428634030,123,2,0.4860,0.4870,0.5130,0.5140,1,1,1,1
1787428634030,124,2,0.8440,0.8450,0.1550,0.1560,1,1,1,1
1787428634440,124,2,0.8440,0.8450,0.1550,0.1560,1,1,1,1
1787428634962,124,2,0.8440,0.8450,0.1550,0.1560,1,1,1,1
1787428636163,123,2,0.4860,0.4870,0.5130,0.5140,1,1,1,1
1787428636691,122,2,0.5060,0.5070,0.4930,0.4940,1,1,1,1
1787428636885,124,2,0.8440,0.8450,0.1550,0.1560,1,1,1,1
1787428639575,123,2,0.4860,0.4870,0.5130,0.5140,1,1,1,1
1787428640030,122,2,0.5060,0.5070,0.4930,0.4940,1,1,1,1
1787428640128,122,2,0.5060,0.5070,0.4930,0.4940,1,1,1,1
1787428640173,124,2,0.8440,0.8450,0.1550,0.1560,1,1,1,1
1787428644016,123,2,0.4860,0.4870,0.5130,0.5140,1,1,1,1
1787428644378,122,2,0.5060,0.5070,0.4930,0.4940,1,1,1,1
1787428644516,124,2,0.8440,0.8450,0.1550,0.1560,1,1,1,1
1787428645233,122,2,0.5060,0.5070,0.4930,0.4940,1,1,1,1
1787428645640,122,2,0.5060,0.5070,0.4930,0.4940,1,1,1,1
1787428648165,123,2,0.4860,0.4870,0.5130,0.5140,1,1,1,1
1787428648677,122,2,0.5060,0.5070,0.4930,0.4940,1,1,1,1
1787428648877,122,2,0.5060,0.5070,0.4930,0.4940,1,1,1,1
1787428648878,124,2,0.8440,0.8450,0.1550,0.1560,1,1,1,1
1787428651191,122,2,0.5060,0.5070,0.4930,0.4940,1,1,1,1
1787428651491,123,2,0.4860,0.4870,0.5130,0.5140,1,1,1,1
1787428652056,122,2,0.5060,0.5070,0.4930,0.4940,1,1,1,1
1787428652364,124,2,0.8440,0.8450,0.1550,0.1560,1,1,1,1
1787428655334,123,2,0.4860,0.4870,0.5130,0.5140,1,1,1,1
1787428655742,122,2,0.5060,0.5070,0.4930,0.4940,1,1,1,1
1787428655763,122,2,0.5060,0.5070,0.4930,0.4940,1,1,1,1
1787428655901,124,2,0.8440,0.8450,0.1550,0.1560,1,1,1,1
1787428658918,123,2,0.4860,0.4870,0.5130,0.5140,1,1,1,1
1787428659060,122,2,0.5060,0.5070,0.4930,0.4940,1,1,1,1
1787428659162,122,2,0.5060,0.5070,0.4930,0.4940,1,1,1,1
1787428659304,124,2,0.8440,0.8450,0.1550,0.1560,1,1,1,1
1787428662511,123,2,0.4860,0.4870,0.5130,0.5140,1,1,1,1
1787428663015,122,2,0.5060,0.5070,0.4930,0.4940,1,1,1,1
1787428663015,122,2,0.5060,0.5070,0.4930,0.4940,1,1,1,1
1787428663021,122,3,0.5100,0.5200,0.4800,0.4900,2901,2989,2989,2901
1787428663104,124,2,0.8440,0.8450,0.1550,0.1560,1,1,1,1
1787428663423,124,2,0.8440,0.8450,0.1550,0.1560,1,1,1,1
1787428663474,122,2,0.5060,0.5070,0.4930,0.4940,1,1,1,1
1787428663501,124,2,0.8440,0.8450,0.1550,0.1560,1,1,1,1
1787428663674,122,2,0.5060,0.5070,0.4930,0.4940,1,1,1,1
1787428663971,122,2,0.5060,0.5070,0.4930,0.4940,1,1,1,1
1787428665914,123,2,0.4860,0.4870,0.5130,0.5140,1,1,1,1
1787428666761,123,2,0.4860,0.4870,0.5130,0.5140,1,1,1,1
1787428666834,124,2,0.8440,0.8450,0.1550,0.1560,1,1,1,1
1787428666965,122,2,0.5060,0.5070,0.4930,0.4940,1,1,1,1
1787428666984,122,2,0.5060,0.5070,0.4930,0.4940,1,1,1,1
1787428667070,123,2,0.4860,0.4870,0.5130,0.5140,1,1,1,1
1787428667586,122,2,0.5060,0.5070,0.4930,0.4940,1,1,1,1
1787428668543,122,2,0.5060,0.5070,0.4930,0.4940,1,1,1,1
1787428669769,123,2,0.4860,0.4870,0.5130,0.5140,1,1,1,1
1787428670285,122,2,0.5060,0.5070,0.4930,0.4940,1,1,1,1
1787428670286,122,2,0.5060,0.5070,0.4930,0.4940,1,1,1,1
1787428670520,124,2,0.8440,0.8450,0.1550,0.1560,1,1,1,1
1787428670938,123,2,0.4860,0.4870,0.5130,0.5140,1,1,1,1
1787428673763,123,2,0.4860,0.4870,0.5130,0.5140,1,1,1,1
1787428673792,122,2,0.5060,0.5070,0.4930,0.4940,1,1,1,1
1787428674118,122,2,0.5060,0.5070,0.4930,0.4940,1,1,1,1
1787428674259,122,2,0.5060,0.5070,0.4930,0.4940,1,1,1,1
1787428674684,124,2,0.8440,0.8450,0.1550,0.1560,1,1,1,1
1787428677550,123,2,0.4860,0.4870,0.5130,0.5140,1,1,1,1
1787428678064,122,2,0.5060,0.5070,0.4930,0.4940,1,1,1,1
1787428678119,122,2,0.5060,0.5070,0.4930,0.4940,1,1,1,1
1787428678335,124,2,0.8440,0.8450,0.1550,0.1560,1,1,1,1
1787428681255,123,2,0.4860,0.4870,0.5130,0.5140,1,1,1,1
1787428681708,122,2,0.5060,0.5070,0.4930,0.4940,1,1,1,1
1787428681903,122,2,0.5060,0.5070,0.4930,0.4940,1,1,1,1
1787428682040,124,2,0.8440,0.8450,0.1550,0.1560,1,1,1,1
1787428685743,123,2,0.4860,0.4870,0.5130,0.5140,1,1,1,1
1787428685936,122,3,0.5100,0.5200,0.4800,0.4900,2651,2989,2989,2651
1787428686392,122,2,0.5060,0.5070,0.4930,0.4940,1,1,1,1
1787428686415,122,2,0.5060,0.5070,0.4930,0.4940,1,1,1,1
1787428686609,124,2,0.8440,0.8450,0.1550,0.1560,1,1,1,1
1787428687150,123,2,0.4860,0.4870,0.5130,0.5140,1,1,1,1
1787428689327,122,1,0.5300,0.5400,0.4600,0.4700,6635,17383,17383,6635
1787428690350,123,1,0.4600,0.4700,0.5300,0.5400,28904,32120,32120,28904
1787428690957,123,2,0.4860,0.4870,0.5130,0.5140,1,1,1,1
1787428691786,122,2,0.5060,0.5070,0.4930,0.4940,1,1,1,1
1787428692071,122,2,0.5060,0.5070,0.4930,0.4940,1,1,1,1
1787428692071,124,2,0.8440,0.8450,0.1550,0.1560,1,1,1,1
1787428692189,122,2,0.5060,0.5070,0.4930,0.4940,1,1,1,1
1787428692604,122,2,0.5060,0.5070,0.4930,0.4940,1,1,1,1
1787428692624,122,2,0.5060,0.5070,0.4930,0.4940,1,1,1,1
1787428694138,122,2,0.5060,0.5070,0.4930,0.4940,1,1,1,1
1787428694225,122,2,0.5060,0.5070,0.4930,0.4940,1,1,1,1
1787428696466,123,2,0.4860,0.4870,0.5130,0.5140,1,1,1,1
1787428696476,124,2,0.8440,0.8450,0.1550,0.1560,1,1,1,1
1787428696684,124,2,0.8440,0.8450,0.1550,0.1560,1,1,1,1
1787428697109,122,2,0.5060,0.5070,0.4930,0.4940,1,1,1,1
1787428697229,122,2,0.5060,0.5070,0.4930,0.4940,1,1,1,1
1787428697279,124,2,0.8440,0.8450,0.1550,0.1560,1,1,1,1
1787428698031,122,2,0.5060,0.5070,0.4930,0.4940,1,1,1,1
1787428698183,123,2,0.4860,0.4870,0.5130,0.5140,1,1,1,1
1787428699259,123,2,0.4860,0.4870,0.5130,0.5140,1,1,1,1
1787428700283,122,2,0.5060,0.5070,0.4930,0.4940,1,1,1,1
1787428700359,122,2,0.5060,0.5070,0.4930,0.4940,1,1,1,1
1787428700693,124,2,0.8440,0.8450,0.1550,0.1560,1,1,1,1
1787428704162,123,2,0.4860,0.4870,0.5130,0.5140,1,1,1,1
1787428704616,122,2,0.5060,0.5070,0.4930,0.4940,1,1,1,1
1787428704756,122,2,0.5060,0.5070,0.4930,0.4940,1,1,1,1
1787428705654,124,2,0.8440,0.8450,0.1550,0.1560,1,1,1,1
1787428707991,123,2,0.4860,0.4870,0.5130,0.5140,1,1,1,1
1787428708680,122,2,0.5060,0.5070,0.4930,0.4940,1,1,1,1
1787428708747,122,2,0.5060,0.5070,0.4930,0.4940,1,1,1,1
1787428710010,124,2,0.8440,0.8450,0.1550,0.1560,1,1,1,1
1787428712264,123,2,0.4860,0.4870,0.5130,0.5140,1,1,1,1
1787428712908,122,2,0.5060,0.5070,0.4930,0.4940,1,1,1,1
1787428713081,122,2,0.5060,0.5070,0.4930,0.4940,1,1,1,1
1787428713800,122,2,0.5060,0.5070,0.4930,0.4940,1,1,1,1
1787428713800,124,2,0.8440,0.8450,0.1550,0.1560,1,1,1,1
1787428714408,122,2,0.5060,0.5070,0.4930,0.4940,1,1,1,1
1787428716408,123,2,0.4860,0.4870,0.5130,0.5140,1,1,1,1
1787428717360,122,2,0.5060,0.5070,0.4930,0.4940,1,1,1,1
1787428717792,124,2,0.8440,0.8450,0.1550,0.1560,1,1,1,1
1787428720045,122,2,0.5060,0.5070,0.4930,0.4940,1,1,1,1
1787428721582,123,2,0.4860,0.4870,0.5130,0.5140,1,1,1,1
1787428722240,122,1,0.5300,0.5400,0.4600,0.4700,6635,17383,17383,6635
1787428722268,122,2,0.5060,0.5070,0.4930,0.4940,1,1,1,1
1787428722373,122,2,0.5060,0.5070,0.4930,0.4940,1,1,1,1
1787428722519,124,2,0.8440,0.8450,0.1550,0.1560,1,1,1,1
1787428725164,123,2,0.4860,0.4870,0.5130,0.5140,1,1,1,1
1787428725540,123,2,0.4860,0.4870,0.5130,0.5140,1,1,1,1
1787428726691,124,2,0.8440,0.8450,0.1550,0.1560,1,1,1,1
1787428726721,124,2,0.8440,0.8450,0.1550,0.1560,1,1,1,1
1787428726727,124,2,0.8440,0.8450,0.1550,0.1560,1,1,1,1
1787428727213,122,2,0.5060,0.5070,0.4930,0.4940,1,1,1,1
1787428727213,122,2,0.5060,0.5070,0.4930,0.4940,1,1,1,1
1787428727347,124,2,0.8440,0.8450,0.1550,0.1560,1,1,1,1
1787428728238,122,2,0.5060,0.5070,0.4930,0.4940,1,1,1,1
1787428728238,122,2,0.5060,0.5070,0.4930,0.4940,1,1,1,1
1787428728267,124,2,0.8440,0.8450,0.1550,0.1560,1,1,1,1
1787428728330,122,2,0.5060,0.5070,0.4930,0.4940,1,1,1,1
1787428728748,124,2,0.8440,0.8450,0.1550,0.1560,1,1,1,1
1787428730284,123,2,0.4860,0.4870,0.5130,0.5140,1,1,1,1
1787428730796,124,2,0.8440,0.8450,0.1550,0.1560,1,1,1,1
1787428730914,124,2,0.8440,0.8450,0.1550,0.1560,1,1,1,1
1787428731114,122,2,0.5060,0.5070,0.4930,0.4940,1,1,1,1
1787428731151,122,2,0.5060,0.5070,0.4930,0.4940,1,1,1,1
1787428731197,123,2,0.4860,0.4870,0.5130,0.5140,1,1,1,1
1787428731371,124,2,0.8440,0.8450,0.1550,0.1560,1,1,1,1
1787428731572,123,2,0.4860,0.4870,0.5130,0.5140,1,1,1,1
1787428734791,123,2,0.4860,0.4870,0.5130,0.5140,1,1,1,1
1787428735097,123,2,0.4860,0.4870,0.5130,0.5140,1,1,1,1
1787428735918,122,2,0.5060,0.5070,0.4930,0.4940,1,1,1,1
1787428735918,122,2,0.5060,0.5070,0.4930,0.4940,1,1,1,1
1787428736530,124,2,0.8440,0.8450,0.1550,0.1560,1,1,1,1
1787428739855,123,2,0.4860,0.4870,0.5130,0.5140,1,1,1,1
1787428740605,122,2,0.5060,0.5070,0.4930,0.4940,1,1,1,1
1787428740905,124,2,0.8440,0.8450,0.1550,0.1560,1,1,1,1
1787428740946,124,2,0.8440,0.8450,0.1550,0.1560,1,1,1,1
1787428741508,122,2,0.5060,0.5070,0.4930,0.4940,1,1,1,1
1787428742545,123,2,0.4860,0.4870,0.5130,0.5140,1,1,1,1
1787428743247,122,2,0.5060,0.5070,0.4930,0.4940,1,1,1,1
1787428743408,122,2,0.5060,0.5070,0.4930,0.4940,1,1,1,1
1787428744054,124,2,0.8440,0.8450,0.1550,0.1560,1,1,1,1
1787428746053,122,2,0.5060,0.5070,0.4930,0.4940,1,1,1,1
1787428746421,122,2,0.5060,0.5070,0.4930,0.4940,1,1,1,1
1787428746872,123,2,0.4860,0.4870,0.5130,0.5140,1,1,1,1
1787428747462,122,2,0.5060,0.5070,0.4930,0.4940,1,1,1,1
1787428747757,122,2,0.5060,0.5070,0.4930,0.4940,1,1,1,1
1787428747920,124,2,0.8440,0.8450,0.1550,0.1560,1,1,1,1
1787428750634,123,2,0.4860,0.4870,0.5130,0.5140,1,1,1,1
1787428751173,122,2,0.5060,0.5070,0.4930,0.4940,1,1,1,1
1787428751378,122,2,0.5060,0.5070,0.4930,0.4940,1,1,1,1
1787428751457,124,2,0.8440,0.8450,0.1550,0.1560,1,1,1,1
1787428751625,122,2,0.5060,0.5070,0.4930,0.4940,1,1,1,1
1787428754275,123,2,0.4860,0.4870,0.5130,0.5140,1,1,1,1
1787428754963,122,2,0.5060,0.5070,0.4930,0.4940,1,1,1,1
1787428755130,122,2,0.5060,0.5070,0.4930,0.4940,1,1,1,1
1787428755267,124,2,0.8440,0.8450,0.1550,0.1560,1,1,1,1
1787428758135,122,2,0.5060,0.5070,0.4930,0.4940,1,1,1,1
1787428758235,122,2,0.5060,0.5070,0.4930,0.4940,1,1,1,1
1787428758381,124,2,0.8440,0.8450,0.1550,0.1560,1,1,1,1
1787428758441,123,2,0.4860,0.4870,0.5130,0.5140,1,1,1,1
1787428758537,122,2,0.5060,0.5070,0.4930,0.4940,1,1,1,1
1787428759160,122,2,0.5060,0.5070,0.4930,0.4940,1,1,1,1
1787428759160,122,2,0.5060,0.5070,0.4930,0.4940,1,1,1,1
1787428759165,122,2,0.5060,0.5070,0.4930,0.4940,1,1,1,1
1787428759466,122,2,0.5060,0.5070,0.4930,0.4940,1,1,1,1
1787428759476,124,2,0.8440,0.8450,0.1550,0.1560,1,1,1,1
1787428759879,124,2,0.8440,0.8450,0.1550,0.1560,1,1,1,1
1787428760390,124,2,0.8440,0.8450,0.1550,0.1560,1,1,1,1
1787428760479,124,2,0.8440,0.8450,0.1550,0.1560,1,1,1,1
1787428762989,123,2,0.4860,0.4870,0.5130,0.5140,1,1,1,1
1787428763564,122,2,0.5060,0.5070,0.4930,0.4940,1,1,1,1
1787428763769,122,2,0.5060,0.5070,0.4930,0.4940,1,1,1,1
1787428763890,124,2,0.8440,0.8450,0.1550,0.1560,1,1,1,1
1787428764588,122,2,0.5060,0.5070,0.4930,0.4940,1,1,1,1
1787428765204,123,2,0.4860,0.4870,0.5130,0.5140,1,1,1,1
1787428765204,123,2,0.4860,0.4870,0.5130,0.5140,1,1,1,1
1787428768119,123,2,0.4860,0.4870,0.5130,0.5140,1,1,1,1
1787428769196,122,2,0.5060,0.5070,0.4930,0.4940,1,1,1,1
1787428769279,124,2,0.8440,0.8450,0.1550,0.1560,1,1,1,1
1787428769290,124,2,0.8440,0.8450,0.1550,0.1560,1,1,1,1
1787428771468,123,2,0.4860,0.4870,0.5130,0.5140,1,1,1,1
1787428772164,122,2,0.5060,0.5070,0.4930,0.4940,1,1,1,1
1787428772678,124,2,0.8440,0.8450,0.1550,0.1560,1,1,1,1
1787428774980,123,2,0.4860,0.4870,0.5130,0.5140,1,1,1,1
1787428776517,123,2,0.4860,0.4870,0.5130,0.5140,1,1,1,1
1787428776875,123,2,0.4860,0.4870,0.5130,0.5140,1,1,1,1
1787428777593,122,2,0.5060,0.5070,0.4930,0.4940,1,1,1,1
1787428777900,122,2,0.5060,0.5070,0.4930,0.4940,1,1,1,1
1787428777957,124,2,0.8440,0.8450,0.1550,0.1560,1,1,1,1
1787428781789,123,2,0.4860,0.4870,0.5130,0.5140,1,1,1,1
1787428782393,122,2,0.5060,0.5070,0.4930,0.4940,1,1,1,1
1787428782914,124,2,0.8440,0.8450,0.1550,0.1560,1,1,1,1
1787428782983,122,2,0.5060,0.5070,0.4930,0.4940,1,1,1,1
1787428783837,122,2,0.5060,0.5070,0.4930,0.4940,1,1,1,1
1787428785714,124,2,0.8440,0.8450,0.1550,0.1560,1,1,1,1
1787428786295,123,2,0.4860,0.4870,0.5130,0.5140,1,1,1,1
1787428787113,122,2,0.5060,0.5070,0.4930,0.4940,1,1,1,1
1787428787316,124,2,0.8440,0.8450,0.1550,0.1560,1,1,1,1
1787428787415,124,2,0.8440,0.8450,0.1550,0.1560,1,1,1,1
1787428789089,122,2,0.5060,0.5070,0.4930,0.4940,1,1,1,1
1787428789365,124,2,0.8440,0.8450,0.1550,0.1560,1,1,1,1
1787428789426,124,2,0.8440,0.8450,0.1550,0.1560,1,1,1,1
1787428790460,122,2,0.5060,0.5070,0.4930,0.4940,1,1,1,1
1787428790522,122,2,0.5060,0.5070,0.4930,0.4940,1,1,1,1
1787428790686,124,2,0.8440,0.8450,0.1550,0.1560,1,1,1,1
1787428790741,124,2,0.8440,0.8450,0.1550,0.1560,1,1,1,1
1787428790843,123,2,0.4860,0.4870,0.5130,0.5140,1,1,1,1
1787428791825,122,2,0.5060,0.5070,0.4930,0.4940,1,1,1,1
1787428791906,122,2,0.5060,0.5070,0.4930,0.4940,1,1,1,1
1787428792349,124,2,0.8440,0.8450,0.1550,0.1560,1,1,1,1
1787428795243,123,2,0.4860,0.4870,0.5130,0.5140,1,1,1,1
1787428796234,122,2,0.5060,0.5070,0.4930,0.4940,1,1,1,1
1787428796375,124,2,0.8440,0.8450,0.1550,0.1560,1,1,1,1
1787428796843,123,2,0.4860,0.4870,0.5130,0.5140,1,1,1,1
1787428797040,123,2,0.4860,0.4870,0.5130,0.5140,1,1,1,1
1787428800630,123,2,0.4860,0.4870,0.5130,0.5140,1,1,1,1
1787428801655,122,2,0.5060,0.5070,0.4930,0.4940,1,1,1,1
1787428801704,122,2,0.5060,0.5070,0.4930,0.4940,1,1,1,1
1787428802064,124,2,0.8440,0.8450,0.1550,0.1560,1,1,1,1
1787428805903,123,2,0.4860,0.4870,0.5130,0.5140,1,1,1,1
1787428806436,122,2,0.5060,0.5070,0.4930,0.4940,1,1,1,1
1787428806554,124,2,0.8440,0.8450,0.1550,0.1560,1,1,1,1
1787428806631,122,2,0.5060,0.5070,0.4930,0.4940,1,1,1,1
1787428806857,124,2,0.8440,0.8450,0.1550,0.1560,1,1,1,1
1787428807191,122,2,0.5060,0.5070,0.4930,0.4940,1,1,1,1
1787428807736,122,2,0.5060,0.5070,0.4930,0.4940,1,1,1,1
1787428810356,123,2,0.4860,0.4870,0.5130,0.5140,1,1,1,1
1787428811031,122,2,0.5060,0.5070,0.4930,0.4940,1,1,1,1
1787428811489,122,2,0.5060,0.5070,0.4930,0.4940,1,1,1,1
1787428811579,124,2,0.8440,0.8450,0.1550,0.1560,1,1,1,1
1787428812814,122,2,0.5060,0.5070,0.4930,0.4940,1,1,1,1
1787428816683,123,2,0.4860,0.4870,0.5130,0.5140,1,1,1,1
1787428817428,122,2,0.5060,0.5070,0.4930,0.4940,1,1,1,1
1787428817689,122,2,0.5060,0.5070,0.4930,0.4940,1,1,1,1
1787428817885,124,2,0.8440,0.8450,0.1550,0.1560,1,1,1,1
1787428819783,123,2,0.4860,0.4870,0.5130,0.5140,1,1,1,1
1787428820697,122,2,0.5060,0.5070,0.4930,0.4940,1,1,1,1
1787428820785,124,2,0.8440,0.8450,0.1550,0.1560,1,1,1,1
1787428820878,124,2,0.8440,0.8450,0.1550,0.1560,1,1,1,1
1787428820985,124,2,0.8440,0.8450,0.1550,0.1560,1,1,1,1
1787428821280,124,2,0.8440,0.8450,0.1550,0.1560,1,1,1,1
1787428821377,124,2,0.8440,0.8450,0.1550,0.1560,1,1,1,1
1787428821827,123,2,0.4860,0.4870,0.5130,0.5140,1,1,1,1
1787428821859,122,2,0.5060,0.5070,0.4930,0.4940,1,1,1,1
1787428821882,124,2,0.8440,0.8450,0.1550,0.1560,1,1,1,1
1787428821983,124,2,0.8440,0.8450,0.1550,0.1560,1,1,1,1
1787428823053,122,2,0.5060,0.5070,0.4930,0.4940,1,1,1,1
1787428823214,122,2,0.5060,0.5070,0.4930,0.4940,1,1,1,1
1787428823367,122,2,0.5060,0.5070,0.4930,0.4940,1,1,1,1
1787428823566,122,2,0.5060,0.5070,0.4930,0.4940,1,1,1,1
1787428824716,123,2,0.4860,0.4870,0.5130,0.5140,1,1,1,1
1787428825407,122,2,0.5060,0.5070,0.4930,0.4940,1,1,1,1
1787428825688,124,2,0.8440,0.8450,0.1550,0.1560,1,1,1,1
1787428827804,123,2,0.4860,0.4870,0.5130,0.5140,1,1,1,1
1787428827897,123,2,0.4860,0.4870,0.5130,0.5140,1,1,1,1
1787428828897,123,2,0.4860,0.4870,0.5130,0.5140,1,1,1,1
1787428829786,122,2,0.5060,0.5070,0.4930,0.4940,1,1,1,1
1787428830170,124,2,0.8440,0.8450,0.1550,0.1560,1,1,1,1
1787428830204,122,2,0.5060,0.5070,0.4930,0.4940,1,1,1,1
1787428830944,122,2,0.5060,0.5070,0.4930,0.4940,1,1,1,1
1787428833544,123,2,0.4860,0.4870,0.5130,0.5140,1,1,1,1
1787428834486,122,2,0.5060,0.5070,0.4930,0.4940,1,1,1,1
1787428834600,122,2,0.5060,0.5070,0.4930,0.4940,1,1,1,1
1787428835049,124,2,0.8440,0.8450,0.1550,0.1560,1,1,1,1
1787428836057,122,2,0.5060,0.5070,0.4930,0.4940,1,1,1,1
1787428838218,123,2,0.4860,0.4870,0.5130,0.5140,1,1,1,1
1787428839109,122,2,0.5060,0.5070,0.4930,0.4940,1,1,1,1
1787428839642,124,2,0.8440,0.8450,0.1550,0.1560,1,1,1,1
1787428839643,124,2,0.8440,0.8450,0.1550,0.1560,1,1,1,1
1787428843122,123,2,0.4860,0.4870,0.5130,0.5140,1,1,1,1
1787428844213,122,2,0.5060,0.5070,0.4930,0.4940,1,1,1,1
1787428844371,124,2,0.8440,0.8450,0.1550,0.1560,1,1,1,1
1787428844829,122,2,0.5060,0.5070,0.4930,0.4940,1,1,1,1
1787428847733,123,2,0.4860,0.4870,0.5130,0.5140,1,1,1,1
1787428848449,122,2,0.5060,0.5070,0.4930,0.4940,1,1,1,1
1787428848655,122,2,0.5060,0.5070,0.4930,0.4940,1,1,1,1
1787428849000,124,2,0.8440,0.8450,0.1550,0.1560,1,1,1,1
1787428852217,123,2,0.4860,0.4870,0.5130,0.5140,1,1,1,1
1787428853057,122,2,0.5060,0.5070,0.4930,0.4940,1,1,1,1
1787428853058,122,2,0.5060,0.5070,0.4930,0.4940,1,1,1,1
1787428853058,124,2,0.8440,0.8450,0.1550,0.1560,1,1,1,1
1787428853138,124,2,0.8440,0.8450,0.1550,0.1560,1,1,1,1
1787428853173,122,2,0.5060,0.5070,0.4930,0.4940,1,1,1,1
1787428853230,122,2,0.5060,0.5070,0.4930,0.4940,1,1,1,1
1787428853333,124,2,0.8440,0.8450,0.1550,0.1560,1,1,1,1
1787428853438,124,2,0.8440,0.8450,0.1550,0.1560,1,1,1,1
1787428853978,122,2,0.5060,0.5070,0.4930,0.4940,1,1,1,1
1787428854416,122,2,0.5060,0.5070,0.4930,0.4940,1,1,1,1
1787428857869,123,2,0.4860,0.4870,0.5130,0.5140,1,1,1,1
1787428858586,122,2,0.5060,0.5070,0.4930,0.4940,1,1,1,1
1787428858680,122,2,0.5060,0.5070,0.4930,0.4940,1,1,1,1
1787428859098,123,2,0.4860,0.4870,0.5130,0.5140,1,1,1,1
1787428859161,124,2,0.8440,0.8450,0.1550,0.1560,1,1,1,1
1787428859249,123,2,0.4860,0.4870,0.5130,0.5140,1,1,1,1
1787428859852,122,2,0.5060,0.5070,0.4930,0.4940,1,1,1,1
1787428862360,123,2,0.4860,0.4870,0.5130,0.5140,1,1,1,1
1787428862884,123,2,0.4860,0.4870,0.5130,0.5140,1,1,1,1
1787428863255,122,2,0.5060,0.5070,0.4930,0.4940,1,1,1,1
1787428863601,124,2,0.8440,0.8450,0.1550,0.1560,1,1,1,1
1787428864832,123,2,0.4860,0.4870,0.5130,0.5140,1,1,1,1
1787428864832,123,2,0.4860,0.4870,0.5130,0.5140,1,1,1,1
1787428866774,123,2,0.4860,0.4870,0.5130,0.5140,1,1,1,1
1787428867591,122,2,0.5060,0.5070,0.4930,0.4940,1,1,1,1
1787428867651,122,2,0.5060,0.5070,0.4930,0.4940,1,1,1,1
1787428868198,124,2,0.8440,0.8450,0.1550,0.1560,1,1,1,1
1787428869029,123,2,0.4860,0.4870,0.5130,0.5140,1,1,1,1
1787428869030,123,2,0.4860,0.4870,0.5130,0.5140,1,1,1,1
1787428869030,123,2,0.4860,0.4870,0.5130,0.5140,1,1,1,1
1787428871382,123,2,0.4860,0.4870,0.5130,0.5140,1,1,1,1
1787428872155,122,2,0.5060,0.5070,0.4930,0.4940,1,1,1,1
1787428872611,124,2,0.8440,0.8450,0.1550,0.1560,1,1,1,1
1787428873321,123,2,0.4860,0.4870,0.5130,0.5140,1,1,1,1
1787428874864,123,2,0.4860,0.4870,0.5130,0.5140,1,1,1,1
1787428875990,123,2,0.4860,0.4870,0.5130,0.5140,1,1,1,1
1787428876979,122,2,0.5060,0.5070,0.4930,0.4940,1,1,1,1
1787428877413,124,2,0.8440,0.8450,0.1550,0.1560,1,1,1,1
1787428879165,123,2,0.4860,0.4870,0.5130,0.5140,1,1,1,1
1787428879284,123,2,0.4860,0.4870,0.5130,0.5140,1,1,1,1
1787428879386,123,2,0.4860,0.4870,0.5130,0.5140,1,1,1,1
1787428879490,123,2,0.4860,0.4870,0.5130,0.5140,1,1,1,1
1787428880086,123,2,0.4860,0.4870,0.5130,0.5140,1,1,1,1
1787428881521,123,2,0.4860,0.4870,0.5130,0.5140,1,1,1,1
1787428882647,122,2,0.5060,0.5070,0.4930,0.4940,1,1,1,1
1787428882850,122,2,0.5060,0.5070,0.4930,0.4940,1,1,1,1
1787428883056,124,2,0.8440,0.8450,0.1550,0.1560,1,1,1,1
1787428883977,122,2,0.5060,0.5070,0.4930,0.4940,1,1,1,1
1787428884182,122,2,0.5060,0.5070,0.4930,0.4940,1,1,1,1
1787428885205,122,2,0.5060,0.5070,0.4930,0.4940,1,1,1,1
1787428885690,122,2,0.5060,0.5070,0.4930,0.4940,1,1,1,1
1787428886306,123,2,0.4860,0.4870,0.5130,0.5140,1,1,1,1
1787428887151,122,2,0.5060,0.5070,0.4930,0.4940,1,1,1,1
1787428887196,122,2,0.5060,0.5070,0.4930,0.4940,1,1,1,1
1787428887562,124,2,0.8440,0.8450,0.1550,0.1560,1,1,1,1
1787428887642,124,2,0.8440,0.8450,0.1550,0.1560,1,1,1,1
1787428888278,124,2,0.8440,0.8450,0.1550,0.1560,1,1,1,1
1787428888501,124,2,0.8440,0.8450,0.1550,0.1560,1,1,1,1
1787428890941,123,2,0.4860,0.4870,0.5130,0.5140,1,1,1,1
1787428890990,122,2,0.5060,0.5070,0.4930,0.4940,1,1,1,1
1787428891107,123,2,0.4860,0.4870,0.5130,0.5140,1,1,1,1
1787428891212,123,2,0.4860,0.4870,0.5130,0.5140,1,1,1,1
1787428891761,122,2,0.5060,0.5070,0.4930,0.4940,1,1,1,1
1787428891761,123,2,0.4860,0.4870,0.5130,0.5140,1,1,1,1
1787428892168,123,2,0.4860,0.4870,0.5130,0.5140,1,1,1,1
1787428892199,124,2,0.8440,0.8450,0.1550,0.1560,1,1,1,1
1787428892209,123,2,0.4860,0.4870,0.5130,0.5140,1,1,1,1
1787428895518,123,2,0.4860,0.4870,0.5130,0.5140,1,1,1,1
1787428896303,122,2,0.5060,0.5070,0.4930,0.4940,1,1,1,1
1787428896721,124,2,0.8440,0.8450,0.1550,0.1560,1,1,1,1
1787428897083,123,2,0.4860,0.4870,0.5130,0.5140,1,1,1,1
1787428900668,123,2,0.4860,0.4870,0.5130,0.5140,1,1,1,1
1787428901329,122,2,0.5060,0.5070,0.4930,0.4940,1,1,1,1
1787428901999,124,2,0.8440,0.8450,0.1550,0.1560,1,1,1,1
1787428901999,123,2,0.4860,0.4870,0.5130,0.5140,1,1,1,1
1787428902328,122,2,0.5060,0.5070,0.4930,0.4940,1,1,1,1
1787428903021,122,2,0.5060,0.5070,0.4930,0.4940,1,1,1,1
1787428904738,123,2,0.4860,0.4870,0.5130,0.5140,1,1,1,1
1787428905715,122,2,0.5060,0.5070,0.4930,0.4940,1,1,1,1
1787428905924,122,2,0.5060,0.5070,0.4930,0.4940,1,1,1,1
1787428906222,124,2,0.8440,0.8450,0.1550,0.1560,1,1,1,1
1787428908121,122,2,0.5060,0.5070,0.4930,0.4940,1,1,1,1
1787428909781,123,2,0.4860,0.4870,0.5130,0.5140,1,1,1,1
1787428910808,122,2,0.5060,0.5070,0.4930,0.4940,1,1,1,1
1787428910941,124,2,0.8440,0.8450,0.1550,0.1560,1,1,1,1
1787428914388,123,2,0.4860,0.4870,0.5130,0.5140,1,1,1,1
1787428915310,122,2,0.5060,0.5070,0.4930,0.4940,1,1,1,1
1787428915667,124,2,0.8440,0.8450,0.1550,0.1560,1,1,1,1
1787428915901,122,2,0.5060,0.5070,0.4930,0.4940,1,1,1,1
1787428916242,122,2,0.5060,0.5070,0.4930,0.4940,1,1,1,1
1787428918279,124,2,0.8440,0.8450,0.1550,0.1560,1,1,1,1
1787428918342,124,2,0.8440,0.8450,0.1550,0.1560,1,1,1,1
1787428919618,123,2,0.4860,0.4870,0.5130,0.5140,1,1,1,1
1787428919816,123,2,0.4860,0.4870,0.5130,0.5140,1,1,1,1
1787428920080,123,2,0.4860,0.4870,0.5130,0.5140,1,1,1,1
1787428920429,122,2,0.5060,0.5070,0.4930,0.4940,1,1,1,1
1787428920542,122,2,0.5060,0.5070,0.4930,0.4940,1,1,1,1
1787428920582,123,2,0.4860,0.4870,0.5130,0.5140,1,1,1,1
1787428920941,124,2,0.8440,0.8450,0.1550,0.1560,1,1,1,1
1787428924423,123,2,0.4860,0.4870,0.5130,0.5140,1,1,1,1
1787428925038,123,2,0.4860,0.4870,0.5130,0.5140,1,1,1,1
1787428925076,123,2,0.4860,0.4870,0.5130,0.5140,1,1,1,1
1787428925446,122,2,0.5060,0.5070,0.4930,0.4940,1,1,1,1
1787428925814,122,2,0.5060,0.5070,0.4930,0.4940,1,1,1,1
1787428925951,124,2,0.8440,0.8450,0.1550,0.1560,1,1,1,1
1787428926267,123,2,0.4860,0.4870,0.5130,0.5140,1,1,1,1
1787428929706,123,2,0.4860,0.4870,0.5130,0.5140,1,1,1,1
1787428930561,122,2,0.5060,0.5070,0.4930,0.4940,1,1,1,1
1787428930966,124,2,0.8440,0.8450,0.1550,0.1560,1,1,1,1
1787428931386,122,2,0.5060,0.5070,0.4930,0.4940,1,1,1,1
1787428932358,122,2,0.5060,0.5070,0.4930,0.4940,1,1,1,1
1787428934253,123,2,0.4860,0.4870,0.5130,0.5140,1,1,1,1
1787428935077,122,2,0.5060,0.5070,0.4930,0.4940,1,1,1,1
1787428935167,122,2,0.5060,0.5070,0.4930,0.4940,1,1,1,1
1787428935488,124,2,0.8440,0.8450,0.1550,0.1560,1,1,1,1
1787428937687,122,2,0.5060,0.5070,0.4930,0.4940,1,1,1,1
1787428937987,123,2,0.4860,0.4870,0.5130,0.5140,1,1,1,1
1787428938090,123,2,0.4860,0.4870,0.5130,0.5140,1,1,1,1
1787428938361,123,2,0.4860,0.4870,0.5130,0.5140,1,1,1,1
1787428938679,123,2,0.4860,0.4870,0.5130,0.5140,1,1,1,1
1787428939452,122,2,0.5060,0.5070,0.4930,0.4940,1,1,1,1
1787428939578,122,2,0.5060,0.5070,0.4930,0.4940,1,1,1,1
1787428940096,124,2,0.8440,0.8450,0.1550,0.1560,1,1,1,1
1787428942991,123,2,0.4860,0.4870,0.5130,0.5140,1,1,1,1
1787428943592,123,2,0.4860,0.4870,0.5130,0.5140,1,1,1,1
1787428943786,122,2,0.5060,0.5070,0.4930,0.4940,1,1,1,1
1787428944198,124,2,0.8440,0.8450,0.1550,0.1560,1,1,1,1
1787428944285,124,2,0.8440,0.8450,0.1550,0.1560,1,1,1,1
1787428947875,123,2,0.4860,0.4870,0.5130,0.5140,1,1,1,1
1787428948194,124,2,0.8440,0.8450,0.1550,0.1560,1,1,1,1
1787428949049,122,2,0.5060,0.5070,0.4930,0.4940,1,1,1,1
1787428949212,124,2,0.8440,0.8450,0.1550,0.1560,1,1,1,1
1787428949329,122,2,0.5060,0.5070,0.4930,0.4940,1,1,1,1
1787428949374,124,2,0.8440,0.8450,0.1550,0.1560,1,1,1,1
1787428949419,122,2,0.5060,0.5070,0.4930,0.4940,1,1,1,1
1787428953227,123,2,0.4860,0.4870,0.5130,0.5140,1,1,1,1
1787428953999,122,2,0.5060,0.5070,0.4930,0.4940,1,1,1,1
1787428955287,124,2,0.8440,0.8450,0.1550,0.1560,1,1,1,1
1787428955395,124,2,0.8440,0.8450,0.1550,0.1560,1,1,1,1
1787428958132,123,2,0.4860,0.4870,0.5130,0.5140,1,1,1,1
1787428958908,122,2,0.5060,0.5070,0.4930,0.4940,1,1,1,1
1787428959042,123,2,0.4860,0.4870,0.5130,0.5140,1,1,1,1
1787428959443,124,2,0.8440,0.8450,0.1550,0.1560,1,1,1,1
1787428959921,122,2,0.5060,0.5070,0.4930,0.4940,1,1,1,1
1787428959935,123,2,0.4860,0.4870,0.5130,0.5140,1,1,1,1
1787428960569,122,2,0.5060,0.5070,0.4930,0.4940,1,1,1,1
1787428963807,123,2,0.4860,0.4870,0.5130,0.5140,1,1,1,1
1787428965074,122,2,0.5060,0.5070,0.4930,0.4940,1,1,1,1
1787428965901,123,2,0.4860,0.4870,0.5130,0.5140,1,1,1,1
1787428965901,123,2,0.4860,0.4870,0.5130,0.5140,1,1,1,1
1787428966200,124,2,0.8440,0.8450,0.1550,0.1560,1,1,1,1
1787428966201,124,2,0.8440,0.8450,0.1550,0.1560,1,1,1,1
1787428966201,123,2,0.4860,0.4870,0.5130,0.5140,1,1,1,1
1787428970275,123,2,0.4860,0.4870,0.5130,0.5140,1,1,1,1
1787428971040,122,2,0.5060,0.5070,0.4930,0.4940,1,1,1,1
1787428971222,124,1,0.8400,0.8500,0.1500,0.1600,381832,135525,135525,381832
1787428971560,123,2,0.4860,0.4870,0.5130,0.5140,1,1,1,1
1787428971759,124,2,0.8440,0.8450,0.1550,0.1560,1,1,1,1
1787428974358,123,2,0.4860,0.4870,0.5130,0.5140,1,1,1,1
1787428975274,122,2,0.5060,0.5070,0.4930,0.4940,1,1,1,1
1787428975518,122,2,0.5060,0.5070,0.4930,0.4940,1,1,1,1
1787428975708,124,2,0.8440,0.8450,0.1550,0.1560,1,1,1,1
1787428976849,122,2,0.5060,0.5070,0.4930,0.4940,1,1,1,1
1787428977260,122,2,0.5060,0.5070,0.4930,0.4940,1,1,1,1
1787428979817,123,2,0.4860,0.4870,0.5130,0.5140,1,1,1,1
1787428980375,122,2,0.5060,0.5070,0.4930,0.4940,1,1,1,1
1787428980556,122,2,0.5060,0.5070,0.4930,0.4940,1,1,1,1
1787428980778,124,2,0.8440,0.8450,0.1550,0.1560,1,1,1,1
1787428980882,124,2,0.8440,0.8450,0.1550,0.1560,1,1,1,1
1787428981634,124,2,0.8440,0.8450,0.1550,0.1560,1,1,1,1
1787428981681,124,2,0.8440,0.8450,0.1550,0.1560,1,1,1,1
1787428981754,122,2,0.5060,0.5070,0.4930,0.4940,1,1,1,1
1787428981950,122,2,0.5060,0.5070,0.4930,0.4940,1,1,1,1
1787428982585,122,2,0.5060,0.5070,0.4930,0.4940,1,1,1,1
1787428982979,124,2,0.8440,0.8450,0.1550,0.1560,1,1,1,1
1787428983184,124,2,0.8440,0.8450,0.1550,0.1560,1,1,1,1
1787428984222,123,2,0.4860,0.4870,0.5130,0.5140,1,1,1,1
1787428984987,122,2,0.5060,0.5070,0.4930,0.4940,1,1,1,1
1787428985125,124,2,0.8440,0.8450,0.1550,0.1560,1,1,1,1
1787428985174,122,2,0.5060,0.5070,0.4930,0.4940,1,1,1,1
1787428985452,124,2,0.8440,0.8450,0.1550,0.1560,1,1,1,1
1787428985488,124,2,0.8440,0.8450,0.1550,0.1560,1,1,1,1
1787428988831,123,2,0.4860,0.4870,0.5130,0.5140,1,1,1,1
1787428989854,122,2,0.5060,0.5070,0.4930,0.4940,1,1,1,1
1787428989979,122,2,0.5060,0.5070,0.4930,0.4940,1,1,1,1
1787428990264,123,2,0.4860,0.4870,0.5130,0.5140,1,1,1,1
1787428990299,124,2,0.8440,0.8450,0.1550,0.1560,1,1,1,1
1787428990577,123,2,0.4860,0.4870,0.5130,0.5140,1,1,1,1
1787428990699,123,2,0.4860,0.4870,0.5130,0.5140,1,1,1,1
1787428990901,123,2,0.4860,0.4870,0.5130,0.5140,1,1,1,1
1787428990998,123,2,0.4860,0.4870,0.5130,0.5140,1,1,1,1
1787428991202,123,2,0.4860,0.4870,0.5130,0.5140,1,1,1,1
1787428991402,123,2,0.4860,0.4870,0.5130,0.5140,1,1,1,1
1787428992114,123,2,0.4860,0.4870,0.5130,0.5140,1,1,1,1
1787428992199,123,2,0.4860,0.4870,0.5130,0.5140,1,1,1,1
1787428992305,123,2,0.4860,0.4870,0.5130,0.5140,1,1,1,1
1787428993964,123,2,0.4860,0.4870,0.5130,0.5140,1,1,1,1
1787428994360,123,2,0.4860,0.4870,0.5130,0.5140,1,1,1,1
1787428994874,123,2,0.4860,0.4870,0.5130,0.5140,1,1,1,1
1787428995778,122,2,0.5060,0.5070,0.4930,0.4940,1,1,1,1
1787428996124,124,2,0.8440,0.8450,0.1550,0.1560,1,1,1,1
1787428996226,124,2,0.8440,0.8450,0.1550,0.1560,1,1,1,1
1787428999227,124,1,0.8400,0.8500,0.1500,0.1600,381832,135525,135525,381832
1787428999889,123,2,0.4860,0.4870,0.5130,0.5140,1,1,1,1
1787429000196,123,2,0.4860,0.4870,0.5130,0.5140,1,1,1,1
1787429001016,122,2,0.5060,0.5070,0.4930,0.4940,1,1,1,1
1787429001017,122,2,0.5060,0.5070,0.4930,0.4940,1,1,1,1
1787429001424,124,2,0.8440,0.8450,0.1550,0.1560,1,1,1,1
1787429005213,122,2,0.5060,0.5070,0.4930,0.4940,1,1,1,1
1787429005521,123,2,0.4860,0.4870,0.5130,0.5140,1,1,1,1
1787429005606,122,2,0.5060,0.5070,0.4930,0.4940,1,1,1,1
1787429006851,122,2,0.5060,0.5070,0.4930,0.4940,1,1,1,1
1787429007600,124,2,0.8440,0.8450,0.1550,0.1560,1,1,1,1
1787429010844,123,2,0.4860,0.4870,0.5130,0.5140,1,1,1,1
1787429011433,123,2,0.4860,0.4870,0.5130,0.5140,1,1,1,1
1787429012482,123,2,0.4860,0.4870,0.5130,0.5140,1,1,1,1
1787429013600,122,2,0.5060,0.5070,0.4930,0.4940,1,1,1,1
1787429013775,122,2,0.5060,0.5070,0.4930,0.4940,1,1,1,1
1787429014109,124,2,0.8440,0.8450,0.1550,0.1560,1,1,1,1
1787429014284,122,2,0.5060,0.5070,0.4930,0.4940,1,1,1,1
1787429016341,124,2,0.8440,0.8450,0.1550,0.1560,1,1,1,1
1787429016679,124,2,0.8440,0.8450,0.1550,0.1560,1,1,1,1
1787429016886,123,2,0.4860,0.4870,0.5130,0.5140,1,1,1,1
1787429017293,124,2,0.8440,0.8450,0.1550,0.1560,1,1,1,1
1787429017909,124,2,0.8440,0.8450,0.1550,0.1560,1,1,1,1
1787429017941,123,2,0.4860,0.4870,0.5130,0.5140,1,1,1,1
1787429018838,122,2,0.5060,0.5070,0.4930,0.4940,1,1,1,1
1787429018838,122,2,0.5060,0.5070,0.4930,0.4940,1,1,1,1
1787429019463,124,2,0.8440,0.8450,0.1550,0.1560,1,1,1,1
1787429020577,123,2,0.4860,0.4870,0.5130,0.5140,1,1,1,1
1787429022142,122,2,0.5060,0.5070,0.4930,0.4940,1,1,1,1
1787429022220,122,1,0.5300,0.5400,0.4600,0.4700,6635,17383,17383,6635
1787429022335,122,2,0.5060,0.5070,0.4930,0.4940,1,1,1,1
1787429023336,123,2,0.4860,0.4870,0.5130,0.5140,1,1,1,1
1787429024139,122,2,0.5060,0.5070,0.4930,0.4940,1,1,1,1
1787429024332,122,2,0.5060,0.5070,0.4930,0.4940,1,1,1,1
1787429024972,124,2,0.8440,0.8450,0.1550,0.1560,1,1,1,1
1787429027840,122,2,0.5060,0.5070,0.4930,0.4940,1,1,1,1
1787429029390,123,2,0.4860,0.4870,0.5130,0.5140,1,1,1,1
1787429030300,122,2,0.5060,0.5070,0.4930,0.4940,1,1,1,1
1787429030707,124,2,0.8440,0.8450,0.1550,0.1560,1,1,1,1
1787429034374,122,3,0.5100,0.5200,0.4800,0.4900,2901,2989,2989,2901
1787429034664,123,2,0.4860,0.4870,0.5130,0.5140,1,1,1,1
1787429034775,123,2,0.4860,0.4870,0.5130,0.5140,1,1,1,1
1787429035110,123,2,0.4860,0.4870,0.5130,0.5140,1,1,1,1
1787429035163,123,2,0.4860,0.4870,0.5130,0.5140,1,1,1,1
1787429035315,123,2,0.4860,0.4870,0.5130,0.5140,1,1,1,1
1787429035502,123,2,0.4860,0.4870,0.5130,0.5140,1,1,1,1
1787429035923,122,2,0.5060,0.5070,0.4930,0.4940,1,1,1,1
1787429035974,122,2,0.5060,0.5070,0.4930,0.4940,1,1,1,1
1787429036204,124,2,0.8440,0.8450,0.1550,0.1560,1,1,1,1
1787429036278,124,2,0.8440,0.8450,0.1550,0.1560,1,1,1,1
1787429039105,123,2,0.4860,0.4870,0.5130,0.5140,1,1,1,1
1787429039614,123,2,0.4860,0.4870,0.5130,0.5140,1,1,1,1
1787429040378,123,2,0.4860,0.4870,0.5130,0.5140,1,1,1,1
1787429041869,122,2,0.5060,0.5070,0.4930,0.4940,1,1,1,1
1787429041930,122,2,0.5060,0.5070,0.4930,0.4940,1,1,1,1
1787429042387,124,2,0.8440,0.8450,0.1550,0.1560,1,1,1,1
1787429043300,124,1,0.8400,0.8500,0.1500,0.1600,381830,135449,135449,381830
1787429044783,122,2,0.5060,0.5070,0.4930,0.4940,1,1,1,1
1787429045349,122,2,0.5060,0.5070,0.4930,0.4940,1,1,1,1
1787429045911,122,2,0.5060,0.5070,0.4930,0.4940,1,1,1,1
1787429045986,122,2,0.5060,0.5070,0.4930,0.4940,1,1,1,1
1787429047398,123,2,0.4860,0.4870,0.5130,0.5140,1,1,1,1
1787429048625,122,2,0.5060,0.5070,0.4930,0.4940,1,1,1,1
1787429049397,124,2,0.8440,0.8450,0.1550,0.1560,1,1,1,1
1787429049497,124,2,0.8440,0.8450,0.1550,0.1560,1,1,1,1
1787429053131,123,2,0.4860,0.4870,0.5130,0.5140,1,1,1,1
1787429054463,122,2,0.5060,0.5070,0.4930,0.4940,1,1,1,1
1787429054593,122,2,0.5060,0.5070,0.4930,0.4940,1,1,1,1
1787429054943,124,2,0.8440,0.8450,0.1550,0.1560,1,1,1,1
1787429054953,124,2,0.8440,0.8450,0.1550,0.1560,1,1,1,1
1787429057102,123,2,0.4860,0.4870,0.5130,0.5140,1,1,1,1
1787429057636,123,2,0.4860,0.4870,0.5130,0.5140,1,1,1,1
1787429058801,122,3,0.5100,0.5200,0.4800,0.4900,2651,2989,2989,2651
1787429058865,123,2,0.4860,0.4870,0.5130,0.5140,1,1,1,1
1787429059889,122,2,0.5060,0.5070,0.4930,0.4940,1,1,1,1
1787429060197,124,2,0.8440,0.8450,0.1550,0.1560,1,1,1,1
1787429062912,123,2,0.4860,0.4870,0.5130,0.5140,1,1,1,1
1787429064112,123,2,0.4860,0.4870,0.5130,0.5140,1,1,1,1
1787429064212,123,2,0.4860,0.4870,0.5130,0.5140,1,1,1,1
1787429064820,123,2,0.4860,0.4870,0.5130,0.5140,1,1,1,1
1787429065313,123,1,0.4600,0.4700,0.5300,0.5400,28903,32120,32120,28903
1787429065382,123,2,0.4860,0.4870,0.5130,0.5140,1,1,1,1
1787429065727,123,2,0.4860,0.4870,0.5130,0.5140,1,1,1,1
1787429065728,123,2,0.4860,0.4870,0.5130,0.5140,1,1,1,1
1787429066714,122,2,0.5060,0.5070,0.4930,0.4940,1,1,1,1
1787429066815,122,2,0.5060,0.5070,0.4930,0.4940,1,1,1,1
1787429067158,122,2,0.5060,0.5070,0.4930,0.4940,1,1,1,1
1787429067364,124,2,0.8440,0.8450,0.1550,0.1560,1,1,1,1
1787429067416,122,2,0.5060,0.5070,0.4930,0.4940,1,1,1,1
1787429068370,122,2,0.5060,0.5070,0.4930,0.4940,1,1,1,1
1787429068829,122,2,0.5060,0.5070,0.4930,0.4940,1,1,1,1
1787429071575,123,2,0.4860,0.4870,0.5130,0.5140,1,1,1,1
1787429072460,122,2,0.5060,0.5070,0.4930,0.4940,1,1,1,1
1787429072522,122,2,0.5060,0.5070,0.4930,0.4940,1,1,1,1
1787429073099,124,2,0.8440,0.8450,0.1550,0.1560,1,1,1,1
1787429074023,122,2,0.5060,0.5070,0.4930,0.4940,1,1,1,1
1787429076581,122,2,0.5060,0.5070,0.4930,0.4940,1,1,1,1
1787429076739,122,2,0.5060,0.5070,0.4930,0.4940,1,1,1,1
1787429077297,123,2,0.4860,0.4870,0.5130,0.5140,1,1,1,1
1787429077707,122,2,0.5060,0.5070,0.4930,0.4940,1,1,1,1
1787429077961,122,2,0.5060,0.5070,0.4930,0.4940,1,1,1,1
1787429078150,122,2,0.5060,0.5070,0.4930,0.4940,1,1,1,1
1787429078214,122,1,0.5300,0.5400,0.4600,0.4700,6635,17385,17385,6635
1787429078733,124,2,0.8440,0.8450,0.1550,0.1560,1,1,1,1
1787429079462,123,2,0.4860,0.4870,0.5130,0.5140,1,1,1,1
1787429079641,123,2,0.4860,0.4870,0.5130,0.5140,1,1,1,1
1787429079960,123,2,0.4860,0.4870,0.5130,0.5140,1,1,1,1
1787429082553,124,2,0.8440,0.8450,0.1550,0.1560,1,1,1,1
1787429082657,124,2,0.8440,0.8450,0.1550,0.1560,1,1,1,1
1787429082948,123,2,0.4860,0.4870,0.5130,0.5140,1,1,1,1
1787429084886,122,2,0.5060,0.5070,0.4930,0.4940,1,1,1,1
1787429085183,124,2,0.8440,0.8450,0.1550,0.1560,1,1,1,1
1787429092552,124,2,0.8440,0.8450,0.1550,0.1560,1,1,1,1
1787429093573,123,2,0.4860,0.4870,0.5130,0.5140,1,1,1,1
1787429095450,123,2,0.4860,0.4870,0.5130,0.5140,1,1,1,1
1787429096572,124,2,0.8440,0.8450,0.1550,0.1560,1,1,1,1
1787429096701,123,2,0.4860,0.4870,0.5130,0.5140,1,1,1,1
1787429096973,123,2,0.4860,0.4870,0.5130,0.5140,1,1,1,1
1787429097988,123,2,0.4860,0.4870,0.5130,0.5140,1,1,1,1
1787429098630,122,2,0.5060,0.5070,0.4930,0.4940,1,1,1,1
1787429098755,122,2,0.5060,0.5070,0.4930,0.4940,1,1,1,1
1787429098758,122,2,0.5060,0.5070,0.4930,0.4940,1,1,1,1
1787429101668,123,2,0.4860,0.4870,0.5130,0.5140,1,1,1,1
1787429102096,123,2,0.4860,0.4870,0.5130,0.5140,1,1,1,1
1787429102487,122,2,0.5060,0.5070,0.4930,0.4940,1,1,1,1
1787429103001,124,2,0.8440,0.8450,0.1550,0.1560,1,1,1,1
1787429103001,124,2,0.8440,0.8450,0.1550,0.1560,1,1,1,1
1787429105354,123,2,0.4860,0.4870,0.5130,0.5140,1,1,1,1
1787429106090,123,2,0.4860,0.4870,0.5130,0.5140,1,1,1,1
1787429106189,123,2,0.4860,0.4870,0.5130,0.5140,1,1,1,1
1787429106289,123,2,0.4860,0.4870,0.5130,0.5140,1,1,1,1
1787429106877,122,2,0.5060,0.5070,0.4930,0.4940,1,1,1,1
1787429107115,122,2,0.5060,0.5070,0.4930,0.4940,1,1,1,1
1787429108199,124,2,0.8440,0.8450,0.1550,0.1560,1,1,1,1
1787429108393,124,2,0.8440,0.8450,0.1550,0.1560,1,1,1,1
1787429108580,122,2,0.5060,0.5070,0.4930,0.4940,1,1,1,1
1787429108677,122,2,0.5060,0.5070,0.4930,0.4940,1,1,1,1
1787429112421,123,2,0.4860,0.4870,0.5130,0.5140,1,1,1,1
1787429112421,123,2,0.4860,0.4870,0.5130,0.5140,1,1,1,1
1787429113546,122,2,0.5060,0.5070,0.4930,0.4940,1,1,1,1
1787429113547,122,2,0.5060,0.5070,0.4930,0.4940,1,1,1,1
1787429114042,124,2,0.8440,0.8450,0.1550,0.1560,1,1,1,1
1787429118174,123,2,0.4860,0.4870,0.5130,0.5140,1,1,1,1
1787429118366,123,2,0.4860,0.4870,0.5130,0.5140,1,1,1,1
1787429118372,123,2,0.4860,0.4870,0.5130,0.5140,1,1,1,1
1787429118746,123,2,0.4860,0.4870,0.5130,0.5140,1,1,1,1
1787429119209,122,2,0.5060,0.5070,0.4930,0.4940,1,1,1,1
1787429119394,122,2,0.5060,0.5070,0.4930,0.4940,1,1,1,1
1787429119794,124,2,0.8440,0.8450,0.1550,0.1560,1,1,1,1
1787429119948,124,2,0.8440,0.8450,0.1550,0.1560,1,1,1,1
1787429120499,124,2,0.8440,0.8450,0.1550,0.1560,1,1,1,1
1787429123921,123,2,0.4860,0.4870,0.5130,0.5140,1,1,1,1
1787429125501,122,2,0.5060,0.5070,0.4930,0.4940,1,1,1,1
1787429125698,122,2,0.5060,0.5070,0.4930,0.4940,1,1,1,1
1787429126547,124,2,0.8440,0.8450,0.1550,0.1560,1,1,1,1
1787429126630,124,2,0.8440,0.8450,0.1550,0.1560,1,1,1,1
1787429128520,123,2,0.4860,0.4870,0.5130,0.5140,1,1,1,1
1787429129220,123,2,0.4860,0.4870,0.5130,0.5140,1,1,1,1
1787429129820,123,2,0.4860,0.4870,0.5130,0.5140,1,1,1,1
1787429130331,123,2,0.4860,0.4870,0.5130,0.5140,1,1,1,1
1787429131158,122,2,0.5060,0.5070,0.4930,0.4940,1,1,1,1
1787429131414,122,2,0.5060,0.5070,0.4930,0.4940,1,1,1,1
1787429131875,124,2,0.8440,0.8450,0.1550,0.1560,1,1,1,1
1787429135047,123,2,0.4860,0.4870,0.5130,0.5140,1,1,1,1
1787429136049,123,2,0.4860,0.4870,0.5130,0.5140,1,1,1,1
1787429137022,122,2,0.5060,0.5070,0.4930,0.4940,1,1,1,1
1787429137555,124,2,0.8440,0.8450,0.1550,0.1560,1,1,1,1
1787429137723,122,2,0.5060,0.5070,0.4930,0.4940,1,1,1,1
1787429137927,122,2,0.5060,0.5070,0.4930,0.4940,1,1,1,1
1787429141583,123,2,0.4860,0.4870,0.5130,0.5140,1,1,1,1
1787429142930,122,2,0.5060,0.5070,0.4930,0.4940,1,1,1,1
1787429143655,124,2,0.8440,0.8450,0.1550,0.1560,1,1,1,1
1787429147915,123,2,0.4860,0.4870,0.5130,0.5140,1,1,1,1
1787429148869,122,2,0.5060,0.5070,0.4930,0.4940,1,1,1,1
1787429148878,122,2,0.5060,0.5070,0.4930,0.4940,1,1,1,1
1787429149875,124,2,0.8440,0.8450,0.1550,0.1560,1,1,1,1
1787429150712,124,2,0.8440,0.8450,0.1550,0.1560,1,1,1,1
1787429151434,124,2,0.8440,0.8450,0.1550,0.1560,1,1,1,1
1787429152045,124,2,0.8440,0.8450,0.1550,0.1560,1,1,1,1
1787429152247,124,2,0.8440,0.8450,0.1550,0.1560,1,1,1,1
1787429154222,123,2,0.4860,0.4870,0.5130,0.5140,1,1,1,1
1787429155022,123,2,0.4860,0.4870,0.5130,0.5140,1,1,1,1
1787429155089,122,2,0.5060,0.5070,0.4930,0.4940,1,1,1,1
1787429155119,123,2,0.4860,0.4870,0.5130,0.5140,1,1,1,1
1787429155186,122,2,0.5060,0.5070,0.4930,0.4940,1,1,1,1
1787429155359,123,2,0.4860,0.4870,0.5130,0.5140,1,1,1,1
1787429155782,124,2,0.8440,0.8450,0.1550,0.1560,1,1,1,1
1787429158214,124,1,0.8400,0.8500,0.1500,0.1600,382330,134189,134189,382330
1787429159828,123,2,0.4860,0.4870,0.5130,0.5140,1,1,1,1
1787429160216,124,1,0.8400,0.8500,0.1500,0.1600,382830,134189,134189,382830
1787429160728,122,2,0.5060,0.5070,0.4930,0.4940,1,1,1,1
1787429160918,122,2,0.5060,0.5070,0.4930,0.4940,1,1,1,1
1787429160967,123,2,0.4860,0.4870,0.5130,0.5140,1,1,1,1
1787429161609,124,2,0.8440,0.8450,0.1550,0.1560,1,1,1,1
1787429161868,123,2,0.4860,0.4870,0.5130,0.5140,1,1,1,1
1787429162183,123,2,0.4860,0.4870,0.5130,0.5140,1,1,1,1
1787429166476,123,2,0.4860,0.4870,0.5130,0.5140,1,1,1,1
1787429166995,122,2,0.5060,0.5070,0.4930,0.4940,1,1,1,1
1787429167367,122,2,0.5060,0.5070,0.4930,0.4940,1,1,1,1
1787429167465,122,2,0.5060,0.5070,0.4930,0.4940,1,1,1,1
1787429167898,124,2,0.8440,0.8450,0.1550,0.1560,1,1,1,1
1787429172319,123,2,0.4860,0.4870,0.5130,0.5140,1,1,1,1
1787429173004,122,2,0.5060,0.5070,0.4930,0.4940,1,1,1,1
1787429173016,122,2,0.5060,0.5070,0.4930,0.4940,1,1,1,1
1787429173196,122,2,0.5060,0.5070,0.4930,0.4940,1,1,1,1
1787429173856,124,2,0.8440,0.8450,0.1550,0.1560,1,1,1,1
1787429178566,123,2,0.4860,0.4870,0.5130,0.5140,1,1,1,1
1787429178572,123,2,0.4860,0.4870,0.5130,0.5140,1,1,1,1
1787429178873,123,2,0.4860,0.4870,0.5130,0.5140,1,1,1,1
1787429179004,123,2,0.4860,0.4870,0.5130,0.5140,1,1,1,1
1787429179492,122,2,0.5060,0.5070,0.4930,0.4940,1,1,1,1
1787429179596,122,2,0.5060,0.5070,0.4930,0.4940,1,1,1,1
1787429180130,124,2,0.8440,0.8450,0.1550,0.1560,1,1,1,1
1787429182763,124,2,0.8440,0.8450,0.1550,0.1560,1,1,1,1
1787429182968,124,2,0.8440,0.8450,0.1550,0.1560,1,1,1,1
1787429184377,123,2,0.4860,0.4870,0.5130,0.5140,1,1,1,1
1787429184542,123,2,0.4860,0.4870,0.5130,0.5140,1,1,1,1
1787429185527,122,2,0.5060,0.5070,0.4930,0.4940,1,1,1,1
1787429186237,124,2,0.8440,0.8450,0.1550,0.1560,1,1,1,1
1787429190420,123,2,0.4860,0.4870,0.5130,0.5140,1,1,1,1
1787429191773,122,2,0.5060,0.5070,0.4930,0.4940,1,1,1,1
1787429191773,122,2,0.5060,0.5070,0.4930,0.4940,1,1,1,1
1787429192693,124,2,0.8440,0.8450,0.1550,0.1560,1,1,1,1
1787429194332,123,2,0.4860,0.4870,0.5130,0.5140,1,1,1,1
1787429194333,123,2,0.4860,0.4870,0.5130,0.5140,1,1,1,1
1787429196116,123,2,0.4860,0.4870,0.5130,0.5140,1,1,1,1
1787429197263,122,2,0.5060,0.5070,0.4930,0.4940,1,1,1,1
1787429197553,124,2,0.8440,0.8450,0.1550,0.1560,1,1,1,1
1787429197659,124,2,0.8440,0.8450,0.1550,0.1560,1,1,1,1
1787429202319,123,2,0.4860,0.4870,0.5130,0.5140,1,1,1,1
1787429202830,123,2,0.4860,0.4870,0.5130,0.5140,1,1,1,1
1787429202932,123,2,0.4860,0.4870,0.5130,0.5140,1,1,1,1
1787429203343,123,2,0.4860,0.4870,0.5130,0.5140,1,1,1,1
1787429203752,122,2,0.5060,0.5070,0.4930,0.4940,1,1,1,1
1787429203831,122,2,0.5060,0.5070,0.4930,0.4940,1,1,1,1
1787429204983,124,2,0.8440,0.8450,0.1550,0.1560,1,1,1,1
1787429206351,122,2,0.5060,0.5070,0.4930,0.4940,1,1,1,1
1787429206636,122,2,0.5060,0.5070,0.4930,0.4940,1,1,1,1
1787429208142,123,2,0.4860,0.4870,0.5130,0.5140,1,1,1,1
1787429208343,123,2,0.4860,0.4870,0.5130,0.5140,1,1,1,1
1787429209152,122,2,0.5060,0.5070,0.4930,0.4940,1,1,1,1
1787429209312,122,2,0.5060,0.5070,0.4930,0.4940,1,1,1,1
1787429209665,124,2,0.8440,0.8450,0.1550,0.1560,1,1,1,1
1787429213992,123,2,0.4860,0.4870,0.5130,0.5140,1,1,1,1
1787429215018,122,2,0.5060,0.5070,0.4930,0.4940,1,1,1,1
1787429215623,124,2,0.8440,0.8450,0.1550,0.1560,1,1,1,1
1787429215624,124,2,0.8440,0.8450,0.1550,0.1560,1,1,1,1
1787429220974,123,2,0.4860,0.4870,0.5130,0.5140,1,1,1,1
1787429222082,122,2,0.5060,0.5070,0.4930,0.4940,1,1,1,1
1787429222083,122,2,0.5060,0.5070,0.4930,0.4940,1,1,1,1
1787429222352,124,2,0.8440,0.8450,0.1550,0.1560,1,1,1,1
1787429225460,123,2,0.4860,0.4870,0.5130,0.5140,1,1,1,1
1787429225479,123,2,0.4860,0.4870,0.5130,0.5140,1,1,1,1
1787429226176,123,2,0.4860,0.4870,0.5130,0.5140,1,1,1,1
1787429226281,123,2,0.4860,0.4870,0.5130,0.5140,1,1,1,1
1787429226482,123,2,0.4860,0.4870,0.5130,0.5140,1,1,1,1
1787429226685,123,2,0.4860,0.4870,0.5130,0.5140,1,1,1,1
1787429227569,122,2,0.5060,0.5070,0.4930,0.4940,1,1,1,1
1787429227669,122,2,0.5060,0.5070,0.4930,0.4940,1,1,1,1
1787429228941,124,2,0.8440,0.8450,0.1550,0.1560,1,1,1,1
1787429232292,123,2,0.4860,0.4870,0.5130,0.5140,1,1,1,1
1787429234896,123,2,0.4860,0.4870,0.5130,0.5140,1,1,1,1
1787429234994,123,2,0.4860,0.4870,0.5130,0.5140,1,1,1,1
1787429236176,122,2,0.5060,0.5070,0.4930,0.4940,1,1,1,1
1787429237030,124,2,0.8440,0.8450,0.1550,0.1560,1,1,1,1
1787429237119,124,2,0.8440,0.8450,0.1550,0.1560,1,1,1,1
1787429237278,122,2,0.5060,0.5070,0.4930,0.4940,1,1,1,1
1787429237378,122,2,0.5060,0.5070,0.4930,0.4940,1,1,1,1
1787429242047,123,2,0.4860,0.4870,0.5130,0.5140,1,1,1,1
1787429243071,122,2,0.5060,0.5070,0.4930,0.4940,1,1,1,1
1787429243093,122,2,0.5060,0.5070,0.4930,0.4940,1,1,1,1
1787429243433,124,2,0.8440,0.8450,0.1550,0.1560,1,1,1,1
1787429248524,123,2,0.4860,0.4870,0.5130,0.5140,1,1,1,1
1787429249320,123,2,0.4860,0.4870,0.5130,0.5140,1,1,1,1
1787429249627,123,2,0.4860,0.4870,0.5130,0.5140,1,1,1,1
1787429249725,123,2,0.4860,0.4870,0.5130,0.5140,1,1,1,1
1787429250138,122,2,0.5060,0.5070,0.4930,0.4940,1,1,1,1
1787429250227,122,2,0.5060,0.5070,0.4930,0.4940,1,1,1,1
1787429250962,124,2,0.8440,0.8450,0.1550,0.1560,1,1,1,1
1787429251157,124,2,0.8440,0.8450,0.1550,0.1560,1,1,1,1
1787429253087,124,2,0.8440,0.8450,0.1550,0.1560,1,1,1,1
1787429254939,123,2,0.4860,0.4870,0.5130,0.5140,1,1,1,1
1787429255210,123,2,0.4860,0.4870,0.5130,0.5140,1,1,1,1
1787429255347,123,2,0.4860,0.4870,0.5130,0.5140,1,1,1,1
1787429256334,123,2,0.4860,0.4870,0.5130,0.5140,1,1,1,1
1787429258023,122,2,0.5060,0.5070,0.4930,0.4940,1,1,1,1
1787429258955,124,2,0.8440,0.8450,0.1550,0.1560,1,1,1,1
1787429264912,123,2,0.4860,0.4870,0.5130,0.5140,1,1,1,1
1787429265292,122,2,0.5060,0.5070,0.4930,0.4940,1,1,1,1
1787429265495,122,2,0.5060,0.5070,0.4930,0.4940,1,1,1,1
1787429266622,124,2,0.8440,0.8450,0.1550,0.1560,1,1,1,1
1787429267762,123,2,0.4860,0.4870,0.5130,0.5140,1,1,1,1
1787429268628,122,2,0.5060,0.5070,0.4930,0.4940,1,1,1,1
1787429268938,122,2,0.5060,0.5070,0.4930,0.4940,1,1,1,1
1787429271984,123,2,0.4860,0.4870,0.5130,0.5140,1,1,1,1
1787429272768,123,2,0.4860,0.4870,0.5130,0.5140,1,1,1,1
1787429272768,123,2,0.4860,0.4870,0.5130,0.5140,1,1,1,1
1787429273166,123,2,0.4860,0.4870,0.5130,0.5140,1,1,1,1
1787429273294,122,2,0.5060,0.5070,0.4930,0.4940,1,1,1,1
1787429273440,122,2,0.5060,0.5070,0.4930,0.4940,1,1,1,1
1787429274610,124,2,0.8440,0.8450,0.1550,0.1560,1,1,1,1
1787429274684,124,2,0.8440,0.8450,0.1550,0.1560,1,1,1,1
1787429279081,123,2,0.4860,0.4870,0.5130,0.5140,1,1,1,1
1787429281483,123,2,0.4860,0.4870,0.5130,0.5140,1,1,1,1
1787429283695,124,2,0.8440,0.8450,0.1550,0.1560,1,1,1,1
1787429283949,122,2,0.5060,0.5070,0.4930,0.4940,1,1,1,1
1787429283983,123,2,0.4860,0.4870,0.5130,0.5140,1,1,1,1
1787429284125,124,2,0.8440,0.8450,0.1550,0.1560,1,1,1,1
1787429284161,122,2,0.5060,0.5070,0.4930,0.4940,1,1,1,1
1787429285610,124,2,0.8440,0.8450,0.1550,0.1560,1,1,1,1
1787429289457,123,2,0.4860,0.4870,0.5130,0.5140,1,1,1,1
1787429289971,122,2,0.5060,0.5070,0.4930,0.4940,1,1,1,1
1787429291707,123,2,0.4860,0.4870,0.5130,0.5140,1,1,1,1
1787429293265,122,2,0.5060,0.5070,0.4930,0.4940,1,1,1,1
1787429294512,124,2,0.8440,0.8450,0.1550,0.1560,1,1,1,1
1787429295171,122,2,0.5060,0.5070,0.4930,0.4940,1,1,1,1
1787429300713,123,2,0.4860,0.4870,0.5130,0.5140,1,1,1,1
1787429300822,123,2,0.4860,0.4870,0.5130,0.5140,1,1,1,1
1787429301913,123,2,0.4860,0.4870,0.5130,0.5140,1,1,1,1
1787429302020,123,2,0.4860,0.4870,0.5130,0.5140,1,1,1,1
1787429302511,123,2,0.4860,0.4870,0.5130,0.5140,1,1,1,1
1787429302985,122,2,0.5060,0.5070,0.4930,0.4940,1,1,1,1
1787429303081,122,2,0.5060,0.5070,0.4930,0.4940,1,1,1,1
1787429303286,122,2,0.5060,0.5070,0.4930,0.4940,1,1,1,1
1787429303486,122,2,0.5060,0.5070,0.4930,0.4940,1,1,1,1
1787429303931,124,2,0.8440,0.8450,0.1550,0.1560,1,1,1,1
1787429307946,123,2,0.4860,0.4870,0.5130,0.5140,1,1,1,1
1787429309015,123,2,0.4860,0.4870,0.5130,0.5140,1,1,1,1
1787429310754,122,2,0.5060,0.5070,0.4930,0.4940,1,1,1,1
1787429310754,122,2,0.5060,0.5070,0.4930,0.4940,1,1,1,1
1787429311595,124,2,0.8440,0.8450,0.1550,0.1560,1,1,1,1
1787429316238,123,2,0.4860,0.4870,0.5130,0.5140,1,1,1,1
1787429316350,124,2,0.8440,0.8450,0.1550,0.1560,1,1,1,1
1787429316460,124,2,0.8440,0.8450,0.1550,0.1560,1,1,1,1
1787429318422,122,2,0.5060,0.5070,0.4930,0.4940,1,1,1,1
1787429318433,122,2,0.5060,0.5070,0.4930,0.4940,1,1,1,1
1787429318744,124,2,0.8440,0.8450,0.1550,0.1560,1,1,1,1
1787429318744,124,2,0.8440,0.8450,0.1550,0.1560,1,1,1,1
1787429318859,124,2,0.8440,0.8450,0.1550,0.1560,1,1,1,1
1787429323961,123,2,0.4860,0.4870,0.5130,0.5140,1,1,1,1
1787429324781,123,2,0.4860,0.4870,0.5130,0.5140,1,1,1,1
1787429324985,123,2,0.4860,0.4870,0.5130,0.5140,1,1,1,1
1787429324993,122,2,0.5060,0.5070,0.4930,0.4940,1,1,1,1
1787429325473,122,2,0.5060,0.5070,0.4930,0.4940,1,1,1,1
1787429325805,124,2,0.8440,0.8450,0.1550,0.1560,1,1,1,1
1787429328876,124,2,0.8440,0.8450,0.1550,0.1560,1,1,1,1
1787429330105,123,2,0.4860,0.4870,0.5130,0.5140,1,1,1,1
1787429331334,123,2,0.4860,0.4870,0.5130,0.5140,1,1,1,1
1787429331974,123,2,0.4860,0.4870,0.5130,0.5140,1,1,1,1
1787429332870,122,2,0.5060,0.5070,0.4930,0.4940,1,1,1,1
1787429332948,122,2,0.5060,0.5070,0.4930,0.4940,1,1,1,1
1787429334073,124,2,0.8440,0.8450,0.1550,0.1560,1,1,1,1
1787429334173,124,2,0.8440,0.8450,0.1550,0.1560,1,1,1,1
1787429334469,123,2,0.4860,0.4870,0.5130,0.5140,1,1,1,1
1787429334650,122,2,0.5060,0.5070,0.4930,0.4940,1,1,1,1
1787429334684,123,2,0.4860,0.4870,0.5130,0.5140,1,1,1,1
1787429335400,122,2,0.5060,0.5070,0.4930,0.4940,1,1,1,1
1787429335941,123,2,0.4860,0.4870,0.5130,0.5140,1,1,1,1
1787429335968,122,2,0.5060,0.5070,0.4930,0.4940,1,1,1,1
1787429339143,122,2,0.5060,0.5070,0.4930,0.4940,1,1,1,1
1787429340959,123,2,0.4860,0.4870,0.5130,0.5140,1,1,1,1
1787429342242,122,2,0.5060,0.5070,0.4930,0.4940,1,1,1,1
1787429343622,124,2,0.8440,0.8450,0.1550,0.1560,1,1,1,1
1787429349355,123,2,0.4860,0.4870,0.5130,0.5140,1,1,1,1
1787429350532,123,2,0.4860,0.4870,0.5130,0.5140,1,1,1,1
1787429350792,122,2,0.5060,0.5070,0.4930,0.4940,1,1,1,1
1787429350803,123,2,0.4860,0.4870,0.5130,0.5140,1,1,1,1
1787429351007,123,2,0.4860,0.4870,0.5130,0.5140,1,1,1,1
1787429351312,124,2,0.8440,0.8450,0.1550,0.1560,1,1,1,1
1787429351916,124,2,0.8440,0.8450,0.1550,0.1560,1,1,1,1
1787429356728,123,2,0.4860,0.4870,0.5130,0.5140,1,1,1,1
1787429356816,123,2,0.4860,0.4870,0.5130,0.5140,1,1,1,1
1787429357855,122,2,0.5060,0.5070,0.4930,0.4940,1,1,1,1
1787429357885,122,2,0.5060,0.5070,0.4930,0.4940,1,1,1,1
1787429358878,124,2,0.8440,0.8450,0.1550,0.1560,1,1,1,1
1787429365331,123,2,0.4860,0.4870,0.5130,0.5140,1,1,1,1
1787429365568,123,2,0.4860,0.4870,0.5130,0.5140,1,1,1,1
1787429365584,123,2,0.4860,0.4870,0.5130,0.5140,1,1,1,1
1787429365946,123,2,0.4860,0.4870,0.5130,0.5140,1,1,1,1
1787429366031,123,2,0.4860,0.4870,0.5130,0.5140,1,1,1,1
1787429366031,122,2,0.5060,0.5070,0.4930,0.4940,1,1,1,1
1787429366139,123,2,0.4860,0.4870,0.5130,0.5140,1,1,1,1
1787429366266,123,2,0.4860,0.4870,0.5130,0.5140,1,1,1,1
1787429366331,122,2,0.5060,0.5070,0.4930,0.4940,1,1,1,1
1787429366402,122,2,0.5060,0.5070,0.4930,0.4940,1,1,1,1
1787429366970,123,2,0.4860,0.4870,0.5130,0.5140,1,1,1,1
1787429367170,123,2,0.4860,0.4870,0.5130,0.5140,1,1,1,1
1787429367235,123,2,0.4860,0.4870,0.5130,0.5140,1,1,1,1
1787429367790,124,2,0.8440,0.8450,0.1550,0.1560,1,1,1,1
1787429367791,123,2,0.4860,0.4870,0.5130,0.5140,1,1,1,1
1787429367994,123,2,0.4860,0.4870,0.5130,0.5140,1,1,1,1
1787429369939,122,2,0.5060,0.5070,0.4930,0.4940,1,1,1,1
1787429369993,122,2,0.5060,0.5070,0.4930,0.4940,1,1,1,1
1787429371595,124,2,0.8440,0.8450,0.1550,0.1560,1,1,1,1
1787429372294,122,2,0.5060,0.5070,0.4930,0.4940,1,1,1,1
1787429373447,123,2,0.4860,0.4870,0.5130,0.5140,1,1,1,1
1787429374138,123,2,0.4860,0.4870,0.5130,0.5140,1,1,1,1
1787429374408,123,2,0.4860,0.4870,0.5130,0.5140,1,1,1,1
1787429374965,124,2,0.8440,0.8450,0.1550,0.1560,1,1,1,1
1787429375026,122,2,0.5060,0.5070,0.4930,0.4940,1,1,1,1
1787429375058,123,2,0.4860,0.4870,0.5130,0.5140,1,1,1,1
1787429375099,124,2,0.8440,0.8450,0.1550,0.1560,1,1,1,1
1787429378986,123,2,0.4860,0.4870,0.5130,0.5140,1,1,1,1
1787429379872,122,2,0.5060,0.5070,0.4930,0.4940,1,1,1,1
1787429379873,122,2,0.5060,0.5070,0.4930,0.4940,1,1,1,1
1787429379919,122,2,0.5060,0.5070,0.4930,0.4940,1,1,1,1
1787429379956,123,2,0.4860,0.4870,0.5130,0.5140,1,1,1,1
1787429380895,124,2,0.8440,0.8450,0.1550,0.1560,1,1,1,1
1787429387466,123,2,0.4860,0.4870,0.5130,0.5140,1,1,1,1
1787429387662,124,2,0.8440,0.8450,0.1550,0.1560,1,1,1,1
1787429388267,124,2,0.8440,0.8450,0.1550,0.1560,1,1,1,1
1787429388322,122,2,0.5060,0.5070,0.4930,0.4940,1,1,1,1
1787429388421,122,2,0.5060,0.5070,0.4930,0.4940,1,1,1,1
1787429389085,124,2,0.8440,0.8450,0.1550,0.1560,1,1,1,1
1787429390882,124,2,0.8440,0.8450,0.1550,0.1560,1,1,1,1
1787429393478,123,2,0.4860,0.4870,0.5130,0.5140,1,1,1,1
1787429394922,122,2,0.5060,0.5070,0.4930,0.4940,1,1,1,1
1787429395077,122,2,0.5060,0.5070,0.4930,0.4940,1,1,1,1
1787429395523,124,2,0.8440,0.8450,0.1550,0.1560,1,1,1,1
1787429399324,123,2,0.4860,0.4870,0.5130,0.5140,1,1,1,1
1787429399382,123,2,0.4860,0.4870,0.5130,0.5140,1,1,1,1
1787429399482,123,2,0.4860,0.4870,0.5130,0.5140,1,1,1,1
1787429399733,123,2,0.4860,0.4870,0.5130,0.5140,1,1,1,1
1787429400429,123,2,0.4860,0.4870,0.5130,0.5140,1,1,1,1
1787429400496,123,2,0.4860,0.4870,0.5130,0.5140,1,1,1,1
1787429400956,123,2,0.4860,0.4870,0.5130,0.5140,1,1,1,1
1787429400994,123,2,0.4860,0.4870,0.5130,0.5140,1,1,1,1
1787429404136,122,2,0.5060,0.5070,0.4930,0.4940,1,1,1,1
1787429405588,124,2,0.8440,0.8450,0.1550,0.1560,1,1,1,1
1787429406287,123,2,0.4860,0.4870,0.5130,0.5140,1,1,1,1
1787429411510,123,2,0.4860,0.4870,0.5130,0.5140,1,1,1,1
1787429411510,122,2,0.5060,0.5070,0.4930,0.4940,1,1,1,1
1787429411600,123,2,0.4860,0.4870,0.5130,0.5140,1,1,1,1
1787429411658,122,2,0.5060,0.5070,0.4930,0.4940,1,1,1,1
1787429413353,124,2,0.8440,0.8450,0.1550,0.1560,1,1,1,1
1787429413354,122,2,0.5060,0.5070,0.4930,0.4940,1,1,1,1
1787429414806,124,2,0.8440,0.8450,0.1550,0.1560,1,1,1,1
1787429417549,124,2,0.8440,0.8450,0.1550,0.1560,1,1,1,1
1787429417756,124,2,0.8440,0.8450,0.1550,0.1560,1,1,1,1
1787429420521,123,2,0.4860,0.4870,0.5130,0.5140,1,1,1,1
1787429420925,123,2,0.4860,0.4870,0.5130,0.5140,1,1,1,1
1787429421018,123,2,0.4860,0.4870,0.5130,0.5140,1,1,1,1
1787429421113,123,2,0.4860,0.4870,0.5130,0.5140,1,1,1,1
1787429421316,123,2,0.4860,0.4870,0.5130,0.5140,1,1,1,1
1787429421514,123,2,0.4860,0.4870,0.5130,0.5140,1,1,1,1
1787429421680,122,2,0.5060,0.5070,0.4930,0.4940,1,1,1,1
1787429421778,122,2,0.5060,0.5070,0.4930,0.4940,1,1,1,1
1787429421814,123,2,0.4860,0.4870,0.5130,0.5140,1,1,1,1
1787429422013,123,2,0.4860,0.4870,0.5130,0.5140,1,1,1,1
1787429422679,123,2,0.4860,0.4870,0.5130,0.5140,1,1,1,1
1787429423716,124,2,0.8440,0.8450,0.1550,0.1560,1,1,1,1
1787429428025,123,2,0.4860,0.4870,0.5130,0.5140,1,1,1,1
1787429430044,123,2,0.4860,0.4870,0.5130,0.5140,1,1,1,1
1787429431113,122,2,0.5060,0.5070,0.4930,0.4940,1,1,1,1
1787429431384,122,2,0.5060,0.5070,0.4930,0.4940,1,1,1,1
1787429432090,124,2,0.8440,0.8450,0.1550,0.1560,1,1,1,1
1787429435369,123,2,0.4860,0.4870,0.5130,0.5140,1,1,1,1
1787429436135,123,2,0.4860,0.4870,0.5130,0.5140,1,1,1,1
1787429436904,123,2,0.4860,0.4870,0.5130,0.5140,1,1,1,1
1787429436911,123,2,0.4860,0.4870,0.5130,0.5140,1,1,1,1
1787429437113,123,2,0.4860,0.4870,0.5130,0.5140,1,1,1,1
1787429437416,123,2,0.4860,0.4870,0.5130,0.5140,1,1,1,1
1787429437451,123,2,0.4860,0.4870,0.5130,0.5140,1,1,1,1
1787429438030,123,2,0.4860,0.4870,0.5130,0.5140,1,1,1,1
1787429438101,122,2,0.5060,0.5070,0.4930,0.4940,1,1,1,1
1787429438303,122,2,0.5060,0.5070,0.4930,0.4940,1,1,1,1
1787429438443,123,2,0.4860,0.4870,0.5130,0.5140,1,1,1,1
1787429438649,123,2,0.4860,0.4870,0.5130,0.5140,1,1,1,1
1787429439441,123,2,0.4860,0.4870,0.5130,0.5140,1,1,1,1
1787429439771,124,2,0.8440,0.8450,0.1550,0.1560,1,1,1,1
1787429440003,123,2,0.4860,0.4870,0.5130,0.5140,1,1,1,1
1787429440260,123,2,0.4860,0.4870,0.5130,0.5140,1,1,1,1
1787429440649,123,2,0.4860,0.4870,0.5130,0.5140,1,1,1,1
1787429441000,122,2,0.5060,0.5070,0.4930,0.4940,1,1,1,1
1787429441004,122,2,0.5060,0.5070,0.4930,0.4940,1,1,1,1
1787429441550,123,2,0.4860,0.4870,0.5130,0.5140,1,1,1,1
1787429441659,123,2,0.4860,0.4870,0.5130,0.5140,1,1,1,1
1787429441849,123,2,0.4860,0.4870,0.5130,0.5140,1,1,1,1
1787429442361,123,2,0.4860,0.4870,0.5130,0.5140,1,1,1,1
1787429442452,123,2,0.4860,0.4870,0.5130,0.5140,1,1,1,1
1787429442846,123,2,0.4860,0.4870,0.5130,0.5140,1,1,1,1
1787429443355,123,2,0.4860,0.4870,0.5130,0.5140,1,1,1,1
1787429444054,123,2,0.4860,0.4870,0.5130,0.5140,1,1,1,1
1787429444792,123,2,0.4860,0.4870,0.5130,0.5140,1,1,1,1
1787429444800,123,2,0.4860,0.4870,0.5130,0.5140,1,1,1,1
1787429445198,123,2,0.4860,0.4870,0.5130,0.5140,1,1,1,1
1787429445937,123,2,0.4860,0.4870,0.5130,0.5140,1,1,1,1
1787429446276,122,2,0.5060,0.5070,0.4930,0.4940,1,1,1,1
1787429446861,124,2,0.8440,0.8450,0.1550,0.1560,1,1,1,1
1787429446864,123,2,0.4860,0.4870,0.5130,0.5140,1,1,1,1
1787429446890,123,2,0.4860,0.4870,0.5130,0.5140,1,1,1,1
1787429447303,123,2,0.4860,0.4870,0.5130,0.5140,1,1,1,1
1787429447656,123,2,0.4860,0.4870,0.5130,0.5140,1,1,1,1
1787429447760,123,2,0.4860,0.4870,0.5130,0.5140,1,1,1,1
1787429448884,123,2,0.4860,0.4870,0.5130,0.5140,1,1,1,1
1787429449346,123,2,0.4860,0.4870,0.5130,0.5140,1,1,1,1
1787429449758,123,2,0.4860,0.4870,0.5130,0.5140,1,1,1,1
1787429449864,123,2,0.4860,0.4870,0.5130,0.5140,1,1,1,1
1787429449866,124,2,0.8440,0.8450,0.1550,0.1560,1,1,1,1
1787429449962,124,2,0.8440,0.8450,0.1550,0.1560,1,1,1,1
1787429450406,124,2,0.8440,0.8450,0.1550,0.1560,1,1,1,1
1787429450728,123,2,0.4860,0.4870,0.5130,0.5140,1,1,1,1
1787429450729,124,2,0.8440,0.8450,0.1550,0.1560,1,1,1,1
1787429451242,123,2,0.4860,0.4870,0.5130,0.5140,1,1,1,1
1787429451486,123,2,0.4860,0.4870,0.5130,0.5140,1,1,1,1
1787429452059,123,2,0.4860,0.4870,0.5130,0.5140,1,1,1,1
1787429452264,122,2,0.5060,0.5070,0.4930,0.4940,1,1,1,1
1787429452607,124,2,0.8440,0.8450,0.1550,0.1560,1,1,1,1
1787429452980,123,2,0.4860,0.4870,0.5130,0.5140,1,1,1,1
1787429453667,123,2,0.4860,0.4870,0.5130,0.5140,1,1,1,1
1787429454004,123,2,0.4860,0.4870,0.5130,0.5140,1,1,1,1
1787429454833,123,2,0.4860,0.4870,0.5130,0.5140,1,1,1,1
1787429455747,123,2,0.4860,0.4870,0.5130,0.5140,1,1,1,1
1787429456010,123,2,0.4860,0.4870,0.5130,0.5140,1,1,1,1
1787429456372,123,2,0.4860,0.4870,0.5130,0.5140,1,1,1,1
1787429456474,123,2,0.4860,0.4870,0.5130,0.5140,1,1,1,1
1787429456676,123,2,0.4860,0.4870,0.5130,0.5140,1,1,1,1
1787429457794,123,2,0.4860,0.4870,0.5130,0.5140,1,1,1,1
1787429457795,122,2,0.5060,0.5070,0.4930,0.4940,1,1,1,1
1787429457909,122,2,0.5060,0.5070,0.4930,0.4940,1,1,1,1
1787429458920,123,2,0.4860,0.4870,0.5130,0.5140,1,1,1,1
1787429459273,124,2,0.8440,0.8450,0.1550,0.1560,1,1,1,1
1787429459636,123,2,0.4860,0.4870,0.5130,0.5140,1,1,1,1
1787429460527,123,2,0.4860,0.4870,0.5130,0.5140,1,1,1,1
1787429460685,123,2,0.4860,0.4870,0.5130,0.5140,1,1,1,1
1787429461184,122,3,0.5100,0.5200,0.4800,0.4900,2901,2989,2989,2901
1787429461185,124,2,0.8440,0.8450,0.1550,0.1560,1,1,1,1
1787429461280,124,2,0.8440,0.8450,0.1550,0.1560,1,1,1,1
1787429461282,123,2,0.4860,0.4870,0.5130,0.5140,1,1,1,1
1787429461381,123,2,0.4860,0.4870,0.5130,0.5140,1,1,1,1
1787429461489,123,2,0.4860,0.4870,0.5130,0.5140,1,1,1,1
1787429461693,123,2,0.4860,0.4870,0.5130,0.5140,1,1,1,1
1787429461783,123,2,0.4860,0.4870,0.5130,0.5140,1,1,1,1
1787429462196,123,2,0.4860,0.4870,0.5130,0.5140,1,1,1,1
1787429462503,123,2,0.4860,0.4870,0.5130,0.5140,1,1,1,1
1787429462708,123,2,0.4860,0.4870,0.5130,0.5140,1,1,1,1
1787429462783,123,2,0.4860,0.4870,0.5130,0.5140,1,1,1,1
1787429463015,123,2,0.4860,0.4870,0.5130,0.5140,1,1,1,1
1787429463219,123,2,0.4860,0.4870,0.5130,0.5140,1,1,1,1
1787429464038,123,2,0.4860,0.4870,0.5130,0.5140,1,1,1,1
1787429464756,122,2,0.5060,0.5070,0.4930,0.4940,1,1,1,1
1787429464757,122,2,0.5060,0.5070,0.4930,0.4940,1,1,1,1
1787429464900,123,2,0.4860,0.4870,0.5130,0.5140,1,1,1,1
1787429465370,124,2,0.8440,0.8450,0.1550,0.1560,1,1,1,1
1787429465400,123,2,0.4860,0.4870,0.5130,0.5140,1,1,1,1
1787429466286,123,2,0.4860,0.4870,0.5130,0.5140,1,1,1,1
1787429466920,123,2,0.4860,0.4870,0.5130,0.5140,1,1,1,1
1787429467093,123,2,0.4860,0.4870,0.5130,0.5140,1,1,1,1
1787429468119,123,2,0.4860,0.4870,0.5130,0.5140,1,1,1,1
1787429468196,123,2,0.4860,0.4870,0.5130,0.5140,1,1,1,1
1787429468954,123,2,0.4860,0.4870,0.5130,0.5140,1,1,1,1
1787429469258,123,2,0.4860,0.4870,0.5130,0.5140,1,1,1,1
1787429469464,123,2,0.4860,0.4870,0.5130,0.5140,1,1,1,1
1787429470329,123,2,0.4860,0.4870,0.5130,0.5140,1,1,1,1
1787429470426,123,2,0.4860,0.4870,0.5130,0.5140,1,1,1,1
1787429470612,123,2,0.4860,0.4870,0.5130,0.5140,1,1,1,1
1787429471205,122,2,0.5060,0.5070,0.4930,0.4940,1,1,1,1
1787429471205,123,2,0.4860,0.4870,0.5130,0.5140,1,1,1,1
1787429471408,122,2,0.5060,0.5070,0.4930,0.4940,1,1,1,1
1787429471593,124,2,0.8440,0.8450,0.1550,0.1560,1,1,1,1
1787429471797,123,2,0.4860,0.4870,0.5130,0.5140,1,1,1,1
1787429472021,123,2,0.4860,0.4870,0.5130,0.5140,1,1,1,1
1787429473153,123,2,0.4860,0.4870,0.5130,0.5140,1,1,1,1
1787429473198,123,2,0.4860,0.4870,0.5130,0.5140,1,1,1,1
1787429473558,123,2,0.4860,0.4870,0.5130,0.5140,1,1,1,1
1787429473970,123,2,0.4860,0.4870,0.5130,0.5140,1,1,1,1
1787429475402,123,2,0.4860,0.4870,0.5130,0.5140,1,1,1,1
1787429476222,122,2,0.5060,0.5070,0.4930,0.4940,1,1,1,1
1787429476258,122,2,0.5060,0.5070,0.4930,0.4940,1,1,1,1
1787429476632,124,2,0.8440,0.8450,0.1550,0.1560,1,1,1,1
1787429480932,123,2,0.4860,0.4870,0.5130,0.5140,1,1,1,1
1787429482364,122,2,0.5060,0.5070,0.4930,0.4940,1,1,1,1
1787429483490,124,2,0.8440,0.8450,0.1550,0.1560,1,1,1,1
1787429483621,124,2,0.8440,0.8450,0.1550,0.1560,1,1,1,1
1787429484003,124,2,0.8440,0.8450,0.1550,0.1560,1,1,1,1
1787429485185,122,1,0.5300,0.5400,0.4600,0.4700,6635,14342,14342,6635
1787429485743,122,2,0.5060,0.5070,0.4930,0.4940,1,1,1,1
1787429486051,122,2,0.5060,0.5070,0.4930,0.4940,1,1,1,1
1787429486257,122,2,0.5060,0.5070,0.4930,0.4940,1,1,1,1
1787429486421,122,3,0.5100,0.5200,0.4800,0.4900,2651,2989,2989,2651
1787429486870,122,2,0.5060,0.5070,0.4930,0.4940,1,1,1,1
1787429487281,123,2,0.4860,0.4870,0.5130,0.5140,1,1,1,1
1787429487282,123,2,0.4860,0.4870,0.5130,0.5140,1,1,1,1
1787429489225,122,2,0.5060,0.5070,0.4930,0.4940,1,1,1,1
1787429489430,123,2,0.4860,0.4870,0.5130,0.5140,1,1,1,1
1787429490195,122,2,0.5060,0.5070,0.4930,0.4940,1,1,1,1
1787429490381,122,2,0.5060,0.5070,0.4930,0.4940,1,1,1,1
1787429490869,124,2,0.8440,0.8450,0.1550,0.1560,1,1,1,1
1787429494447,123,2,0.4860,0.4870,0.5130,0.5140,1,1,1,1
1787429495880,122,2,0.5060,0.5070,0.4930,0.4940,1,1,1,1
1787429496274,124,2,0.8440,0.8450,0.1550,0.1560,1,1,1,1
1787429496290,124,2,0.8440,0.8450,0.1550,0.1560,1,1,1,1
1787429500079,123,2,0.4860,0.4870,0.5130,0.5140,1,1,1,1
1787429500899,122,2,0.5060,0.5070,0.4930,0.4940,1,1,1,1
1787429500900,122,2,0.5060,0.5070,0.4930,0.4940,1,1,1,1
1787429501718,124,2,0.8440,0.8450,0.1550,0.1560,1,1,1,1
1787429504891,123,2,0.4860,0.4870,0.5130,0.5140,1,1,1,1
1787429506018,123,2,0.4860,0.4870,0.5130,0.5140,1,1,1,1
1787429506940,122,2,0.5060,0.5070,0.4930,0.4940,1,1,1,1
1787429507043,122,2,0.5060,0.5070,0.4930,0.4940,1,1,1,1
1787429507451,123,2,0.4860,0.4870,0.5130,0.5140,1,1,1,1
1787429507534,123,2,0.4860,0.4870,0.5130,0.5140,1,1,1,1
1787429508475,124,2,0.8440,0.8450,0.1550,0.1560,1,1,1,1
1787429513289,123,2,0.4860,0.4870,0.5130,0.5140,1,1,1,1
1787429513902,124,2,0.8440,0.8450,0.1550,0.1560,1,1,1,1
1787429514052,124,2,0.8440,0.8450,0.1550,0.1560,1,1,1,1
1787429514223,122,2,0.5060,0.5070,0.4930,0.4940,1,1,1,1
1787429514419,122,2,0.5060,0.5070,0.4930,0.4940,1,1,1,1
1787429514926,124,2,0.8440,0.8450,0.1550,0.1560,1,1,1,1
1787429514975,124,2,0.8440,0.8450,0.1550,0.1560,1,1,1,1
1787429519227,123,2,0.4860,0.4870,0.5130,0.5140,1,1,1,1
1787429520046,122,2,0.5060,0.5070,0.4930,0.4940,1,1,1,1
1787429520865,122,2,0.5060,0.5070,0.4930,0.4940,1,1,1,1
1787429520957,122,2,0.5060,0.5070,0.4930,0.4940,1,1,1,1
1787429521320,124,2,0.8440,0.8450,0.1550,0.1560,1,1,1,1
1787429521330,124,2,0.8440,0.8450,0.1550,0.1560,1,1,1,1
1787429525781,123,2,0.4860,0.4870,0.5130,0.5140,1,1,1,1
1787429527215,122,2,0.5060,0.5070,0.4930,0.4940,1,1,1,1
1787429527216,122,2,0.5060,0.5070,0.4930,0.4940,1,1,1,1
1787429527829,124,2,0.8440,0.8450,0.1550,0.1560,1,1,1,1
1787429534222,123,2,0.4860,0.4870,0.5130,0.5140,1,1,1,1
1787429535673,122,2,0.5060,0.5070,0.4930,0.4940,1,1,1,1
1787429535748,122,2,0.5060,0.5070,0.4930,0.4940,1,1,1,1
1787429536567,124,2,0.8440,0.8450,0.1550,0.1560,1,1,1,1
1787429536794,123,2,0.4860,0.4870,0.5130,0.5140,1,1,1,1
1787429537182,123,2,0.4860,0.4870,0.5130,0.5140,1,1,1,1
1787429540969,123,2,0.4860,0.4870,0.5130,0.5140,1,1,1,1
1787429541983,122,2,0.5060,0.5070,0.4930,0.4940,1,1,1,1
1787429542152,123,2,0.4860,0.4870,0.5130,0.5140,1,1,1,1
1787429542301,123,2,0.4860,0.4870,0.5130,0.5140,1,1,1,1
1787429542343,124,2,0.8440,0.8450,0.1550,0.1560,1,1,1,1
1787429546402,123,2,0.4860,0.4870,0.5130,0.5140,1,1,1,1
1787429546496,123,2,0.4860,0.4870,0.5130,0.5140,1,1,1,1
1787429546910,124,2,0.8440,0.8450,0.1550,0.1560,1,1,1,1
1787429546993,124,2,0.8440,0.8450,0.1550,0.1560,1,1,1,1
1787429547831,122,2,0.5060,0.5070,0.4930,0.4940,1,1,1,1
1787429548242,124,2,0.8440,0.8450,0.1550,0.1560,1,1,1,1
1787429552540,123,2,0.4860,0.4870,0.5130,0.5140,1,1,1,1
1787429553972,122,2,0.5060,0.5070,0.4930,0.4940,1,1,1,1
1787429554012,124,2,0.8440,0.8450,0.1550,0.1560,1,1,1,1
1787429556945,122,2,0.5060,0.5070,0.4930,0.4940,1,1,1,1
1787429557065,122,2,0.5060,0.5070,0.4930,0.4940,1,1,1,1
1787429558317,123,2,0.4860,0.4870,0.5130,0.5140,1,1,1,1
1787429559399,122,2,0.5060,0.5070,0.4930,0.4940,1,1,1,1
1787429559620,122,2,0.5060,0.5070,0.4930,0.4940,1,1,1,1
1787429559913,124,2,0.8440,0.8450,0.1550,0.1560,1,1,1,1
1787429559914,124,2,0.8440,0.8450,0.1550,0.1560,1,1,1,1
1787429564419,123,2,0.4860,0.4870,0.5130,0.5140,1,1,1,1
1787429565339,122,1,0.5300,0.5400,0.4600,0.4700,6635,16950,16950,6635
1787429566056,122,2,0.5060,0.5070,0.4930,0.4940,1,1,1,1
1787429566978,124,2,0.8440,0.8450,0.1550,0.1560,1,1,1,1
1787429570561,124,2,0.8440,0.8450,0.1550,0.1560,1,1,1,1
1787429570638,124,2,0.8440,0.8450,0.1550,0.1560,1,1,1,1
1787429570971,123,2,0.4860,0.4870,0.5130,0.5140,1,1,1,1
1787429571585,123,2,0.4860,0.4870,0.5130,0.5140,1,1,1,1
1787429572506,122,2,0.5060,0.5070,0.4930,0.4940,1,1,1,1
1787429573083,124,2,0.8440,0.8450,0.1550,0.1560,1,1,1,1
1787429573083,124,2,0.8440,0.8450,0.1550,0.1560,1,1,1,1
1787429574145,123,2,0.4860,0.4870,0.5130,0.5140,1,1,1,1
1787429574189,123,2,0.4860,0.4870,0.5130,0.5140,1,1,1,1
1787429575994,123,2,0.4860,0.4870,0.5130,0.5140,1,1,1,1
1787429577011,122,2,0.5060,0.5070,0.4930,0.4940,1,1,1,1
1787429577217,122,2,0.5060,0.5070,0.4930,0.4940,1,1,1,1
1787429577328,124,2,0.8440,0.8450,0.1550,0.1560,1,1,1,1
1787429581517,123,2,0.4860,0.4870,0.5130,0.5140,1,1,1,1
1787429582541,122,2,0.5060,0.5070,0.4930,0.4940,1,1,1,1
1787429583164,124,2,0.8440,0.8450,0.1550,0.1560,1,1,1,1
1787429587096,123,2,0.4860,0.4870,0.5130,0.5140,1,1,1,1
1787429588070,122,2,0.5060,0.5070,0.4930,0.4940,1,1,1,1
1787429588078,122,2,0.5060,0.5070,0.4930,0.4940,1,1,1,1
1787429588469,124,2,0.8440,0.8450,0.1550,0.1560,1,1,1,1
1787429589607,122,2,0.5060,0.5070,0.4930,0.4940,1,1,1,1
1787429589626,122,2,0.5060,0.5070,0.4930,0.4940,1,1,1,1
1787429592225,123,2,0.4860,0.4870,0.5130,0.5140,1,1,1,1
1787429593002,122,2,0.5060,0.5070,0.4930,0.4940,1,1,1,1
1787429593119,122,2,0.5060,0.5070,0.4930,0.4940,1,1,1,1
1787429593396,124,2,0.8440,0.8450,0.1550,0.1560,1,1,1,1
1787429597900,123,2,0.4860,0.4870,0.5130,0.5140,1,1,1,1
1787429598581,122,2,0.5060,0.5070,0.4930,0.4940,1,1,1,1
1787429599031,122,2,0.5060,0.5070,0.4930,0.4940,1,1,1,1
1787429599950,124,2,0.8440,0.8450,0.1550,0.1560,1,1,1,1
1787429599997,124,2,0.8440,0.8450,0.1550,0.1560,1,1,1,1
1787429602675,124,2,0.8440,0.8450,0.1550,0.1560,1,1,1,1
1787429603798,123,2,0.4860,0.4870,0.5130,0.5140,1,1,1,1
1787429604031,123,2,0.4860,0.4870,0.5130,0.5140,1,1,1,1
1787429604504,124,2,0.8440,0.8450,0.1550,0.1560,1,1,1,1
1787429604653,123,2,0.4860,0.4870,0.5130,0.5140,1,1,1,1
1787429604905,124,2,0.8440,0.8450,0.1550,0.1560,1,1,1,1
1787429605516,122,2,0.5060,0.5070,0.4930,0.4940,1,1,1,1
1787429605569,122,2,0.5060,0.5070,0.4930,0.4940,1,1,1,1
1787429605890,124,2,0.8440,0.8450,0.1550,0.1560,1,1,1,1
1787429606002,124,2,0.8440,0.8450,0.1550,0.1560,1,1,1,1
1787429609473,123,2,0.4860,0.4870,0.5130,0.5140,1,1,1,1
1787429610550,122,2,0.5060,0.5070,0.4930,0.4940,1,1,1,1
1787429611119,124,2,0.8440,0.8450,0.1550,0.1560,1,1,1,1
1787429614571,122,2,0.5060,0.5070,0.4930,0.4940,1,1,1,1
1787429614593,124,2,0.8440,0.8450,0.1550,0.1560,1,1,1,1
1787429614696,124,2,0.8440,0.8450,0.1550,0.1560,1,1,1,1
1787429614798,124,2,0.8440,0.8450,0.1550,0.1560,1,1,1,1
1787429614915,123,2,0.4860,0.4870,0.5130,0.5140,1,1,1,1
1787429616642,122,2,0.5060,0.5070,0.4930,0.4940,1,1,1,1
1787429616642,122,2,0.5060,0.5070,0.4930,0.4940,1,1,1,1
1787429617152,124,2,0.8440,0.8450,0.1550,0.1560,1,1,1,1
1787429617247,124,2,0.8440,0.8450,0.1550,0.1560,1,1,1,1
1787429622169,123,2,0.4860,0.4870,0.5130,0.5140,1,1,1,1
1787429622681,122,2,0.5060,0.5070,0.4930,0.4940,1,1,1,1
1787429622681,122,2,0.5060,0.5070,0.4930,0.4940,1,1,1,1
1787429623089,122,2,0.5060,0.5070,0.4930,0.4940,1,1,1,1
1787429623601,124,2,0.8440,0.8450,0.1550,0.1560,1,1,1,1
1787429623715,124,2,0.8440,0.8450,0.1550,0.1560,1,1,1,1
1787429627286,123,2,0.4860,0.4870,0.5130,0.5140,1,1,1,1
1787429628482,122,2,0.5060,0.5070,0.4930,0.4940,1,1,1,1
1787429629232,122,2,0.5060,0.5070,0.4930,0.4940,1,1,1,1
1787429629642,124,2,0.8440,0.8450,0.1550,0.1560,1,1,1,1
1787429632749,123,2,0.4860,0.4870,0.5130,0.5140,1,1,1,1
1787429634045,122,2,0.5060,0.5070,0.4930,0.4940,1,1,1,1
1787429634455,123,2,0.4860,0.4870,0.5130,0.5140,1,1,1,1
1787429634456,123,2,0.4860,0.4870,0.5130,0.5140,1,1,1,1
1787429634665,124,2,0.8440,0.8450,0.1550,0.1560,1,1,1,1
1787429635245,124,2,0.8440,0.8450,0.1550,0.1560,1,1,1,1
1787429636605,124,2,0.8440,0.8450,0.1550,0.1560,1,1,1,1
1787429636631,124,2,0.8440,0.8450,0.1550,0.1560,1,1,1,1
1787429639677,123,2,0.4860,0.4870,0.5130,0.5140,1,1,1,1
1787429641526,122,2,0.5060,0.5070,0.4930,0.4940,1,1,1,1
1787429641527,122,2,0.5060,0.5070,0.4930,0.4940,1,1,1,1
1787429641929,124,2,0.8440,0.8450,0.1550,0.1560,1,1,1,1
1787429646333,123,2,0.4860,0.4870,0.5130,0.5140,1,1,1,1
1787429647663,122,2,0.5060,0.5070,0.4930,0.4940,1,1,1,1
1787429648343,124,2,0.8440,0.8450,0.1550,0.1560,1,1,1,1
1787429652352,122,2,0.5060,0.5070,0.4930,0.4940,1,1,1,1
1787429652558,123,2,0.4860,0.4870,0.5130,0.5140,1,1,1,1
1787429653808,122,2,0.5060,0.5070,0.4930,0.4940,1,1,1,1
1787429653836,122,2,0.5060,0.5070,0.4930,0.4940,1,1,1,1
1787429654730,124,2,0.8440,0.8450,0.1550,0.1560,1,1,1,1
1787429659951,123,2,0.4860,0.4870,0.5130,0.5140,1,1,1,1
1787429660770,122,2,0.5060,0.5070,0.4930,0.4940,1,1,1,1
1787429660789,122,2,0.5060,0.5070,0.4930,0.4940,1,1,1,1
1787429661669,124,2,0.8440,0.8450,0.1550,0.1560,1,1,1,1
1787429664456,123,2,0.4860,0.4870,0.5130,0.5140,1,1,1,1
1787429664660,123,2,0.4860,0.4870,0.5130,0.5140,1,1,1,1
1787429665788,123,2,0.4860,0.4870,0.5130,0.5140,1,1,1,1
1787429665877,124,2,0.8440,0.8450,0.1550,0.1560,1,1,1,1
1787429666197,124,2,0.8440,0.8450,0.1550,0.1560,1,1,1,1
1787429666709,122,2,0.5060,0.5070,0.4930,0.4940,1,1,1,1
1787429667337,124,2,0.8440,0.8450,0.1550,0.1560,1,1,1,1
1787429671419,123,2,0.4860,0.4870,0.5130,0.5140,1,1,1,1
1787429672862,122,2,0.5060,0.5070,0.4930,0.4940,1,1,1,1
1787429673043,122,2,0.5060,0.5070,0.4930,0.4940,1,1,1,1
1787429673569,124,2,0.8440,0.8450,0.1550,0.1560,1,1,1,1
1787429678522,123,2,0.4860,0.4870,0.5130,0.5140,1,1,1,1
1787429679714,122,2,0.5060,0.5070,0.4930,0.4940,1,1,1,1
1787429679916,122,2,0.5060,0.5070,0.4930,0.4940,1,1,1,1
1787429680225,124,2,0.8440,0.8450,0.1550,0.1560,1,1,1,1
1787429682390,122,2,0.5060,0.5070,0.4930,0.4940,1,1,1,1
1787429682544,122,2,0.5060,0.5070,0.4930,0.4940,1,1,1,1
1787429684334,123,2,0.4860,0.4870,0.5130,0.5140,1,1,1,1
1787429685331,122,2,0.5060,0.5070,0.4930,0.4940,1,1,1,1
1787429686035,124,2,0.8440,0.8450,0.1550,0.1560,1,1,1,1
1787429686037,124,2,0.8440,0.8450,0.1550,0.1560,1,1,1,1
1787429690066,123,2,0.4860,0.4870,0.5130,0.5140,1,1,1,1
1787429691357,122,2,0.5060,0.5070,0.4930,0.4940,1,1,1,1
1787429692105,124,2,0.8440,0.8450,0.1550,0.1560,1,1,1,1
1787429694460,123,2,0.4860,0.4870,0.5130,0.5140,1,1,1,1
1787429694666,123,2,0.4860,0.4870,0.5130,0.5140,1,1,1,1
1787429696351,123,2,0.4860,0.4870,0.5130,0.5140,1,1,1,1
1787429697392,122,2,0.5060,0.5070,0.4930,0.4940,1,1,1,1
1787429697673,124,2,0.8440,0.8450,0.1550,0.1560,1,1,1,1
1787429697835,124,2,0.8440,0.8450,0.1550,0.1560,1,1,1,1
1787429698861,124,2,0.8440,0.8450,0.1550,0.1560,1,1,1,1
1787429699012,124,2,0.8440,0.8450,0.1550,0.1560,1,1,1,1
1787429702551,123,2,0.4860,0.4870,0.5130,0.5140,1,1,1,1
1787429703511,122,2,0.5060,0.5070,0.4930,0.4940,1,1,1,1
1787429704187,124,2,0.8440,0.8450,0.1550,0.1560,1,1,1,1
1787429708301,123,2,0.4860,0.4870,0.5130,0.5140,1,1,1,1
1787429709308,122,2,0.5060,0.5070,0.4930,0.4940,1,1,1,1
1787429709948,124,2,0.8440,0.8450,0.1550,0.1560,1,1,1,1
1787429714579,123,2,0.4860,0.4870,0.5130,0.5140,1,1,1,1
1787429714758,122,2,0.5060,0.5070,0.4930,0.4940,1,1,1,1
1787429714851,122,2,0.5060,0.5070,0.4930,0.4940,1,1,1,1
1787429716269,122,2,0.5060,0.5070,0.4930,0.4940,1,1,1,1
1787429716269,122,2,0.5060,0.5070,0.4930,0.4940,1,1,1,1
1787429716574,124,2,0.8440,0.8450,0.1550,0.1560,1,1,1,1
1787429720568,123,2,0.4860,0.4870,0.5130,0.5140,1,1,1,1
1787429721799,122,2,0.5060,0.5070,0.4930,0.4940,1,1,1,1
1787429721799,122,2,0.5060,0.5070,0.4930,0.4940,1,1,1,1
1787429722103,124,2,0.8440,0.8450,0.1550,0.1560,1,1,1,1
1787429726200,123,2,0.4860,0.4870,0.5130,0.5140,1,1,1,1
1787429727123,122,2,0.5060,0.5070,0.4930,0.4940,1,1,1,1
1787429727736,122,2,0.5060,0.5070,0.4930,0.4940,1,1,1,1
1787429727736,124,2,0.8440,0.8450,0.1550,0.1560,1,1,1,1
1787429728657,123,2,0.4860,0.4870,0.5130,0.5140,1,1,1,1
1787429728699,123,2,0.4860,0.4870,0.5130,0.5140,1,1,1,1
1787429731934,123,2,0.4860,0.4870,0.5130,0.5140,1,1,1,1
1787429731934,124,2,0.8440,0.8450,0.1550,0.1560,1,1,1,1
1787429731983,124,2,0.8440,0.8450,0.1550,0.1560,1,1,1,1
1787429732445,124,2,0.8440,0.8450,0.1550,0.1560,1,1,1,1
1787429732650,122,2,0.5060,0.5070,0.4930,0.4940,1,1,1,1
1787429733018,122,2,0.5060,0.5070,0.4930,0.4940,1,1,1,1
1787429733208,124,2,0.8440,0.8450,0.1550,0.1560,1,1,1,1
1787429733566,124,2,0.8440,0.8450,0.1550,0.1560,1,1,1,1
1787429734190,124,2,0.8440,0.8450,0.1550,0.1560,1,1,1,1
1787429734698,124,2,0.8440,0.8450,0.1550,0.1560,1,1,1,1
1787429737463,123,2,0.4860,0.4870,0.5130,0.5140,1,1,1,1
1787429738692,122,2,0.5060,0.5070,0.4930,0.4940,1,1,1,1
1787429739108,124,2,0.8440,0.8450,0.1550,0.1560,1,1,1,1
1787429739135,124,2,0.8440,0.8450,0.1550,0.1560,1,1,1,1
1787429744016,123,2,0.4860,0.4870,0.5130,0.5140,1,1,1,1
1787429745142,122,2,0.5060,0.5070,0.4930,0.4940,1,1,1,1
1787429745981,124,2,0.8440,0.8450,0.1550,0.1560,1,1,1,1
1787429747809,122,2,0.5060,0.5070,0.4930,0.4940,1,1,1,1
1787429747809,122,2,0.5060,0.5070,0.4930,0.4940,1,1,1,1
1787429747810,122,2,0.5060,0.5070,0.4930,0.4940,1,1,1,1
1787429748359,122,2,0.5060,0.5070,0.4930,0.4940,1,1,1,1
1787429750159,123,2,0.4860,0.4870,0.5130,0.5140,1,1,1,1
1787429751389,122,2,0.5060,0.5070,0.4930,0.4940,1,1,1,1
1787429751389,122,2,0.5060,0.5070,0.4930,0.4940,1,1,1,1
1787429751594,124,2,0.8440,0.8450,0.1550,0.1560,1,1,1,1
1787429755978,123,2,0.4860,0.4870,0.5130,0.5140,1,1,1,1
1787429756867,122,2,0.5060,0.5070,0.4930,0.4940,1,1,1,1
1787429757221,124,2,0.8440,0.8450,0.1550,0.1560,1,1,1,1
1787429757330,124,2,0.8440,0.8450,0.1550,0.1560,1,1,1,1
1787429759375,123,2,0.4860,0.4870,0.5130,0.5140,1,1,1,1
1787429759580,123,2,0.4860,0.4870,0.5130,0.5140,1,1,1,1
1787429762037,123,2,0.4860,0.4870,0.5130,0.5140,1,1,1,1
1787429763526,122,2,0.5060,0.5070,0.4930,0.4940,1,1,1,1
1787429764187,124,2,0.8440,0.8450,0.1550,0.1560,1,1,1,1
1787429766646,124,2,0.8440,0.8450,0.1550,0.1560,1,1,1,1
1787429766853,124,2,0.8440,0.8450,0.1550,0.1560,1,1,1,1
1787429768691,123,2,0.4860,0.4870,0.5130,0.5140,1,1,1,1
1787429769717,122,2,0.5060,0.5070,0.4930,0.4940,1,1,1,1
1787429769832,122,2,0.5060,0.5070,0.4930,0.4940,1,1,1,1
1787429770374,124,2,0.8440,0.8450,0.1550,0.1560,1,1,1,1
1787429774941,123,2,0.4860,0.4870,0.5130,0.5140,1,1,1,1
1787429776003,122,2,0.5060,0.5070,0.4930,0.4940,1,1,1,1
1787429776007,122,2,0.5060,0.5070,0.4930,0.4940,1,1,1,1
1787429776474,124,2,0.8440,0.8450,0.1550,0.1560,1,1,1,1
1787429780777,123,2,0.4860,0.4870,0.5130,0.5140,1,1,1,1
1787429781287,122,2,0.5060,0.5070,0.4930,0.4940,1,1,1,1
1787429781492,122,2,0.5060,0.5070,0.4930,0.4940,1,1,1,1
1787429782107,122,2,0.5060,0.5070,0.4930,0.4940,1,1,1,1
1787429782108,122,2,0.5060,0.5070,0.4930,0.4940,1,1,1,1
1787429783232,124,2,0.8440,0.8450,0.1550,0.1560,1,1,1,1
1787429787433,123,2,0.4860,0.4870,0.5130,0.5140,1,1,1,1
1787429788293,122,2,0.5060,0.5070,0.4930,0.4940,1,1,1,1
1787429788865,124,2,0.8440,0.8450,0.1550,0.1560,1,1,1,1
1787429792208,123,2,0.4860,0.4870,0.5130,0.5140,1,1,1,1
1787429792209,123,2,0.4860,0.4870,0.5130,0.5140,1,1,1,1
1787429792756,123,2,0.4860,0.4870,0.5130,0.5140,1,1,1,1
1787429793592,122,2,0.5060,0.5070,0.4930,0.4940,1,1,1,1
1787429793762,122,2,0.5060,0.5070,0.4930,0.4940,1,1,1,1
1787429794496,124,2,0.8440,0.8450,0.1550,0.1560,1,1,1,1
1787429795213,123,2,0.4860,0.4870,0.5130,0.5140,1,1,1,1
1787429795406,123,2,0.4860,0.4870,0.5130,0.5140,1,1,1,1
1787429795929,122,2,0.5060,0.5070,0.4930,0.4940,1,1,1,1
1787429798183,123,2,0.4860,0.4870,0.5130,0.5140,1,1,1,1
1787429799103,122,2,0.5060,0.5070,0.4930,0.4940,1,1,1,1
1787429799718,124,2,0.8440,0.8450,0.1550,0.1560,1,1,1,1
1787429802790,124,2,0.8440,0.8450,0.1550,0.1560,1,1,1,1
1787429802902,124,2,0.8440,0.8450,0.1550,0.1560,1,1,1,1
1787429803916,123,2,0.4860,0.4870,0.5130,0.5140,1,1,1,1
1787429805759,122,2,0.5060,0.5070,0.4930,0.4940,1,1,1,1
1787429807090,124,2,0.8440,0.8450,0.1550,0.1560,1,1,1,1
1787429810582,123,2,0.4860,0.4870,0.5130,0.5140,1,1,1,1
1787429812005,122,2,0.5060,0.5070,0.4930,0.4940,1,1,1,1
1787429812407,124,2,0.8440,0.8450,0.1550,0.1560,1,1,1,1
1787429813644,122,2,0.5060,0.5070,0.4930,0.4940,1,1,1,1
1787429813848,122,2,0.5060,0.5070,0.4930,0.4940,1,1,1,1
1787429816304,123,2,0.4860,0.4870,0.5130,0.5140,1,1,1,1
1787429817267,122,2,0.5060,0.5070,0.4930,0.4940,1,1,1,1
1787429817465,122,2,0.5060,0.5070,0.4930,0.4940,1,1,1,1
1787429817625,124,2,0.8440,0.8450,0.1550,0.1560,1,1,1,1
1787429821734,123,2,0.4860,0.4870,0.5130,0.5140,1,1,1,1
1787429821848,123,2,0.4860,0.4870,0.5130,0.5140,1,1,1,1
1787429822142,123,2,0.4860,0.4870,0.5130,0.5140,1,1,1,1
1787429823064,122,2,0.5060,0.5070,0.4930,0.4940,1,1,1,1
1787429823397,124,2,0.8440,0.8450,0.1550,0.1560,1,1,1,1
1787429827160,123,2,0.4860,0.4870,0.5130,0.5140,1,1,1,1
1787429828695,122,2,0.5060,0.5070,0.4930,0.4940,1,1,1,1
1787429828854,122,2,0.5060,0.5070,0.4930,0.4940,1,1,1,1
1787429829514,124,2,0.8440,0.8450,0.1550,0.1560,1,1,1,1
1787429832586,124,2,0.8440,0.8450,0.1550,0.1560,1,1,1,1
1787429832644,124,2,0.8440,0.8450,0.1550,0.1560,1,1,1,1
1787429833389,123,2,0.4860,0.4870,0.5130,0.5140,1,1,1,1
1787429834533,122,2,0.5060,0.5070,0.4930,0.4940,1,1,1,1
1787429834738,122,2,0.5060,0.5070,0.4930,0.4940,1,1,1,1
1787429835043,124,2,0.8440,0.8450,0.1550,0.1560,1,1,1,1
1787429839051,123,2,0.4860,0.4870,0.5130,0.5140,1,1,1,1
1787429840061,122,2,0.5060,0.5070,0.4930,0.4940,1,1,1,1
1787429840470,122,2,0.5060,0.5070,0.4930,0.4940,1,1,1,1
1787429840982,124,2,0.8440,0.8450,0.1550,0.1560,1,1,1,1
1787429846512,123,2,0.4860,0.4870,0.5130,0.5140,1,1,1,1
1787429847123,122,2,0.5060,0.5070,0.4930,0.4940,1,1,1,1
1787429847194,122,2,0.5060,0.5070,0.4930,0.4940,1,1,1,1
1787429848459,122,2,0.5060,0.5070,0.4930,0.4940,1,1,1,1
1787429848658,122,2,0.5060,0.5070,0.4930,0.4940,1,1,1,1
1787429849283,124,2,0.8440,0.8450,0.1550,0.1560,1,1,1,1
1787429849382,124,2,0.8440,0.8450,0.1550,0.1560,1,1,1,1
1787429854397,123,2,0.4860,0.4870,0.5130,0.5140,1,1,1,1
1787429854399,123,2,0.4860,0.4870,0.5130,0.5140,1,1,1,1
1787429854506,123,2,0.4860,0.4870,0.5130,0.5140,1,1,1,1
1787429855830,122,2,0.5060,0.5070,0.4930,0.4940,1,1,1,1
1787429856853,124,2,0.8440,0.8450,0.1550,0.1560,1,1,1,1
1787429861769,123,2,0.4860,0.4870,0.5130,0.5140,1,1,1,1
1787429862894,122,2,0.5060,0.5070,0.4930,0.4940,1,1,1,1
1787429863716,124,2,0.8440,0.8450,0.1550,0.1560,1,1,1,1
1787429863716,124,2,0.8440,0.8450,0.1550,0.1560,1,1,1,1
1787429865148,123,2,0.4860,0.4870,0.5130,0.5140,1,1,1,1
1787429865189,122,2,0.5060,0.5070,0.4930,0.4940,1,1,1,1
1787429865387,122,2,0.5060,0.5070,0.4930,0.4940,1,1,1,1
1787429865524,123,2,0.4860,0.4870,0.5130,0.5140,1,1,1,1
1787429866890,123,2,0.4860,0.4870,0.5130,0.5140,1,1,1,1
1787429867503,123,2,0.4860,0.4870,0.5130,0.5140,1,1,1,1
1787429868505,123,2,0.4860,0.4870,0.5130,0.5140,1,1,1,1
1787429868619,123,2,0.4860,0.4870,0.5130,0.5140,1,1,1,1
1787429868817,123,2,0.4860,0.4870,0.5130,0.5140,1,1,1,1
1787429869346,122,2,0.5060,0.5070,0.4930,0.4940,1,1,1,1
1787429869362,122,2,0.5060,0.5070,0.4930,0.4940,1,1,1,1
1787429869935,124,2,0.8440,0.8450,0.1550,0.1560,1,1,1,1
1787429870472,123,2,0.4860,0.4870,0.5130,0.5140,1,1,1,1
1787429871086,123,2,0.4860,0.4870,0.5130,0.5140,1,1,1,1
1787429871394,123,2,0.4860,0.4870,0.5130,0.5140,1,1,1,1
1787429872006,123,2,0.4860,0.4870,0.5130,0.5140,1,1,1,1
1787429872127,123,2,0.4860,0.4870,0.5130,0.5140,1,1,1,1
1787429872229,123,2,0.4860,0.4870,0.5130,0.5140,1,1,1,1
1787429872725,123,2,0.4860,0.4870,0.5130,0.5140,1,1,1,1
1787429873953,123,2,0.4860,0.4870,0.5130,0.5140,1,1,1,1
1787429874011,123,2,0.4860,0.4870,0.5130,0.5140,1,1,1,1
1787429874874,122,2,0.5060,0.5070,0.4930,0.4940,1,1,1,1
1787429874939,122,2,0.5060,0.5070,0.4930,0.4940,1,1,1,1
1787429875038,123,2,0.4860,0.4870,0.5130,0.5140,1,1,1,1
1787429875549,124,2,0.8440,0.8450,0.1550,0.1560,1,1,1,1
1787429875643,124,2,0.8440,0.8450,0.1550,0.1560,1,1,1,1
1787429875999,123,2,0.4860,0.4870,0.5130,0.5140,1,1,1,1
1787429876037,123,2,0.4860,0.4870,0.5130,0.5140,1,1,1,1
1787429877231,123,2,0.4860,0.4870,0.5130,0.5140,1,1,1,1
1787429877638,123,2,0.4860,0.4870,0.5130,0.5140,1,1,1,1
1787429878049,123,2,0.4860,0.4870,0.5130,0.5140,1,1,1,1
1787429878441,123,2,0.4860,0.4870,0.5130,0.5140,1,1,1,1
1787429879176,123,2,0.4860,0.4870,0.5130,0.5140,1,1,1,1
1787429879254,123,2,0.4860,0.4870,0.5130,0.5140,1,1,1,1
1787429879994,123,2,0.4860,0.4870,0.5130,0.5140,1,1,1,1
1787429880813,122,2,0.5060,0.5070,0.4930,0.4940,1,1,1,1
1787429881020,123,2,0.4860,0.4870,0.5130,0.5140,1,1,1,1
1787429881635,124,2,0.8440,0.8450,0.1550,0.1560,1,1,1,1
1787429882042,123,2,0.4860,0.4870,0.5130,0.5140,1,1,1,1
1787429882862,123,2,0.4860,0.4870,0.5130,0.5140,1,1,1,1
1787429883066,123,2,0.4860,0.4870,0.5130,0.5140,1,1,1,1
1787429884194,123,2,0.4860,0.4870,0.5130,0.5140,1,1,1,1
1787429884789,123,2,0.4860,0.4870,0.5130,0.5140,1,1,1,1
1787429885729,123,2,0.4860,0.4870,0.5130,0.5140,1,1,1,1
1787429886035,123,2,0.4860,0.4870,0.5130,0.5140,1,1,1,1
1787429886650,123,2,0.4860,0.4870,0.5130,0.5140,1,1,1,1
1787429886741,123,2,0.4860,0.4870,0.5130,0.5140,1,1,1,1
1787429887985,123,2,0.4860,0.4870,0.5130,0.5140,1,1,1,1
1787429888292,123,2,0.4860,0.4870,0.5130,0.5140,1,1,1,1
1787429888352,122,2,0.5060,0.5070,0.4930,0.4940,1,1,1,1
1787429888903,123,2,0.4860,0.4870,0.5130,0.5140,1,1,1,1
1787429888966,123,2,0.4860,0.4870,0.5130,0.5140,1,1,1,1
1787429889266,124,2,0.8440,0.8450,0.1550,0.1560,1,1,1,1
1787429889721,123,2,0.4860,0.4870,0.5130,0.5140,1,1,1,1
1787429889738,123,2,0.4860,0.4870,0.5130,0.5140,1,1,1,1
1787429890063,123,2,0.4860,0.4870,0.5130,0.5140,1,1,1,1
1787429891156,123,2,0.4860,0.4870,0.5130,0.5140,1,1,1,1
1787429892380,123,2,0.4860,0.4870,0.5130,0.5140,1,1,1,1
1787429892691,123,2,0.4860,0.4870,0.5130,0.5140,1,1,1,1
1787429893204,123,2,0.4860,0.4870,0.5130,0.5140,1,1,1,1
1787429893510,123,2,0.4860,0.4870,0.5130,0.5140,1,1,1,1
1787429893715,123,2,0.4860,0.4870,0.5130,0.5140,1,1,1,1
1787429894124,122,2,0.5060,0.5070,0.4930,0.4940,1,1,1,1
1787429894636,123,2,0.4860,0.4870,0.5130,0.5140,1,1,1,1
1787429895047,123,2,0.4860,0.4870,0.5130,0.5140,1,1,1,1
1787429895436,122,2,0.5060,0.5070,0.4930,0.4940,1,1,1,1
1787429895763,123,2,0.4860,0.4870,0.5130,0.5140,1,1,1,1
1787429895777,124,2,0.8440,0.8450,0.1550,0.1560,1,1,1,1
1787429895840,122,2,0.5060,0.5070,0.4930,0.4940,1,1,1,1
1787429895881,124,2,0.8440,0.8450,0.1550,0.1560,1,1,1,1
1787429895972,124,2,0.8440,0.8450,0.1550,0.1560,1,1,1,1
1787429896787,122,2,0.5060,0.5070,0.4930,0.4940,1,1,1,1
1787429897199,123,2,0.4860,0.4870,0.5130,0.5140,1,1,1,1
1787429897199,122,2,0.5060,0.5070,0.4930,0.4940,1,1,1,1
1787429897269,123,2,0.4860,0.4870,0.5130,0.5140,1,1,1,1
1787429897945,122,2,0.5060,0.5070,0.4930,0.4940,1,1,1,1
1787429897982,123,2,0.4860,0.4870,0.5130,0.5140,1,1,1,1
1787429898536,123,2,0.4860,0.4870,0.5130,0.5140,1,1,1,1
1787429899245,123,2,0.4860,0.4870,0.5130,0.5140,1,1,1,1
1787429899320,123,2,0.4860,0.4870,0.5130,0.5140,1,1,1,1
1787429899968,123,2,0.4860,0.4870,0.5130,0.5140,1,1,1,1
1787429900175,123,2,0.4860,0.4870,0.5130,0.5140,1,1,1,1
1787429900576,122,2,0.5060,0.5070,0.4930,0.4940,1,1,1,1
1787429900780,123,2,0.4860,0.4870,0.5130,0.5140,1,1,1,1
1787429901491,124,2,0.8440,0.8450,0.1550,0.1560,1,1,1,1
1787429901949,123,2,0.4860,0.4870,0.5130,0.5140,1,1,1,1
1787429902085,123,2,0.4860,0.4870,0.5130,0.5140,1,1,1,1
1787429902280,123,2,0.4860,0.4870,0.5130,0.5140,1,1,1,1
1787429903072,123,2,0.4860,0.4870,0.5130,0.5140,1,1,1,1
1787429904565,123,2,0.4860,0.4870,0.5130,0.5140,1,1,1,1
1787429904747,123,2,0.4860,0.4870,0.5130,0.5140,1,1,1,1
1787429905185,123,2,0.4860,0.4870,0.5130,0.5140,1,1,1,1
1787429905469,123,2,0.4860,0.4870,0.5130,0.5140,1,1,1,1
1787429906081,123,2,0.4860,0.4870,0.5130,0.5140,1,1,1,1
1787429906279,123,2,0.4860,0.4870,0.5130,0.5140,1,1,1,1
1787429906777,123,2,0.4860,0.4870,0.5130,0.5140,1,1,1,1
1787429906975,122,2,0.5060,0.5070,0.4930,0.4940,1,1,1,1
1787429907485,123,2,0.4860,0.4870,0.5130,0.5140,1,1,1,1
1787429907673,124,2,0.8440,0.8450,0.1550,0.1560,1,1,1,1
1787429907739,123,2,0.4860,0.4870,0.5130,0.5140,1,1,1,1
1787429907762,124,2,0.8440,0.8450,0.1550,0.1560,1,1,1,1
1787429907882,123,2,0.4860,0.4870,0.5130,0.5140,1,1,1,1
1787429907983,123,2,0.4860,0.4870,0.5130,0.5140,1,1,1,1
1787429908781,123,2,0.4860,0.4870,0.5130,0.5140,1,1,1,1
1787429908982,123,2,0.4860,0.4870,0.5130,0.5140,1,1,1,1
1787429909183,123,2,0.4860,0.4870,0.5130,0.5140,1,1,1,1
1787429909486,123,2,0.4860,0.4870,0.5130,0.5140,1,1,1,1
1787429910139,123,2,0.4860,0.4870,0.5130,0.5140,1,1,1,1
1787429910991,123,2,0.4860,0.4870,0.5130,0.5140,1,1,1,1
1787429911098,123,2,0.4860,0.4870,0.5130,0.5140,1,1,1,1
1787429911588,123,2,0.4860,0.4870,0.5130,0.5140,1,1,1,1
1787429911943,123,2,0.4860,0.4870,0.5130,0.5140,1,1,1,1
1787429912722,123,2,0.4860,0.4870,0.5130,0.5140,1,1,1,1
1787429913173,123,2,0.4860,0.4870,0.5130,0.5140,1,1,1,1
1787429913178,122,2,0.5060,0.5070,0.4930,0.4940,1,1,1,1
1787429913438,123,2,0.4860,0.4870,0.5130,0.5140,1,1,1,1
1787429913511,124,2,0.8440,0.8450,0.1550,0.1560,1,1,1,1
1787429913819,123,2,0.4860,0.4870,0.5130,0.5140,1,1,1,1
1787429914094,123,2,0.4860,0.4870,0.5130,0.5140,1,1,1,1
1787429914709,123,2,0.4860,0.4870,0.5130,0.5140,1,1,1,1
1787429915219,123,2,0.4860,0.4870,0.5130,0.5140,1,1,1,1
1787429915495,123,2,0.4860,0.4870,0.5130,0.5140,1,1,1,1
1787429916002,123,2,0.4860,0.4870,0.5130,0.5140,1,1,1,1
1787429916554,123,2,0.4860,0.4870,0.5130,0.5140,1,1,1,1
1787429916870,122,2,0.5060,0.5070,0.4930,0.4940,1,1,1,1
1787429917200,123,2,0.4860,0.4870,0.5130,0.5140,1,1,1,1
1787429917678,123,2,0.4860,0.4870,0.5130,0.5140,1,1,1,1
1787429917799,123,2,0.4860,0.4870,0.5130,0.5140,1,1,1,1
1787429918600,123,2,0.4860,0.4870,0.5130,0.5140,1,1,1,1
1787429918600,122,2,0.5060,0.5070,0.4930,0.4940,1,1,1,1
1787429918631,122,2,0.5060,0.5070,0.4930,0.4940,1,1,1,1
1787429919203,123,2,0.4860,0.4870,0.5130,0.5140,1,1,1,1
1787429919270,122,2,0.5060,0.5070,0.4930,0.4940,1,1,1,1
1787429919298,123,2,0.4860,0.4870,0.5130,0.5140,1,1,1,1
1787429920008,124,2,0.8440,0.8450,0.1550,0.1560,1,1,1,1
1787429920702,123,2,0.4860,0.4870,0.5130,0.5140,1,1,1,1
1787429920806,123,2,0.4860,0.4870,0.5130,0.5140,1,1,1,1
1787429922693,123,2,0.4860,0.4870,0.5130,0.5140,1,1,1,1
1787429922694,123,2,0.4860,0.4870,0.5130,0.5140,1,1,1,1
1787429922711,123,2,0.4860,0.4870,0.5130,0.5140,1,1,1,1
1787429922810,123,2,0.4860,0.4870,0.5130,0.5140,1,1,1,1
1787429923238,123,2,0.4860,0.4870,0.5130,0.5140,1,1,1,1
1787429923408,123,2,0.4860,0.4870,0.5130,0.5140,1,1,1,1
1787429923512,123,2,0.4860,0.4870,0.5130,0.5140,1,1,1,1
1787429924231,123,2,0.4860,0.4870,0.5130,0.5140,1,1,1,1
1787429924948,123,2,0.4860,0.4870,0.5130,0.5140,1,1,1,1
1787429925030,123,2,0.4860,0.4870,0.5130,0.5140,1,1,1,1
1787429925255,123,2,0.4860,0.4870,0.5130,0.5140,1,1,1,1
1787429925325,123,2,0.4860,0.4870,0.5130,0.5140,1,1,1,1
1787429925427,123,2,0.4860,0.4870,0.5130,0.5140,1,1,1,1
1787429925917,122,2,0.5060,0.5070,0.4930,0.4940,1,1,1,1
1787429926843,124,2,0.8440,0.8450,0.1550,0.1560,1,1,1,1
1787429928310,124,2,0.8440,0.8450,0.1550,0.1560,1,1,1,1
1787429928310,124,2,0.8440,0.8450,0.1550,0.1560,1,1,1,1
1787429928516,124,2,0.8440,0.8450,0.1550,0.1560,1,1,1,1
1787429930067,122,2,0.5060,0.5070,0.4930,0.4940,1,1,1,1
1787429930083,122,2,0.5060,0.5070,0.4930,0.4940,1,1,1,1
1787429930246,123,2,0.4860,0.4870,0.5130,0.5140,1,1,1,1
1787429930893,123,2,0.4860,0.4870,0.5130,0.5140,1,1,1,1
1787429930935,123,2,0.4860,0.4870,0.5130,0.5140,1,1,1,1
1787429931193,122,2,0.5060,0.5070,0.4930,0.4940,1,1,1,1
1787429931253,123,2,0.4860,0.4870,0.5130,0.5140,1,1,1,1
1787429931705,124,2,0.8440,0.8450,0.1550,0.1560,1,1,1,1
1787429935016,123,2,0.4860,0.4870,0.5130,0.5140,1,1,1,1
1787429935375,123,2,0.4860,0.4870,0.5130,0.5140,1,1,1,1
1787429936211,122,2,0.5060,0.5070,0.4930,0.4940,1,1,1,1
1787429936415,122,2,0.5060,0.5070,0.4930,0.4940,1,1,1,1
1787429936724,124,2,0.8440,0.8450,0.1550,0.1560,1,1,1,1
1787429936724,123,2,0.4860,0.4870,0.5130,0.5140,1,1,1,1
1787429936851,123,2,0.4860,0.4870,0.5130,0.5140,1,1,1,1
1787429936949,123,2,0.4860,0.4870,0.5130,0.5140,1,1,1,1
1787429937054,123,2,0.4860,0.4870,0.5130,0.5140,1,1,1,1
1787429939858,123,2,0.4860,0.4870,0.5130,0.5140,1,1,1,1
1787429941102,122,2,0.5060,0.5070,0.4930,0.4940,1,1,1,1
1787429941433,122,2,0.5060,0.5070,0.4930,0.4940,1,1,1,1
1787429941599,124,2,0.8440,0.8450,0.1550,0.1560,1,1,1,1
1787429941671,124,2,0.8440,0.8450,0.1550,0.1560,1,1,1,1
1787429945221,123,2,0.4860,0.4870,0.5130,0.5140,1,1,1,1
1787429945938,122,2,0.5060,0.5070,0.4930,0.4940,1,1,1,1
1787429946553,124,2,0.8440,0.8450,0.1550,0.1560,1,1,1,1
1787429952693,123,2,0.4860,0.4870,0.5130,0.5140,1,1,1,1
1787429953073,123,2,0.4860,0.4870,0.5130,0.5140,1,1,1,1
1787429953168,124,2,0.8440,0.8450,0.1550,0.1560,1,1,1,1
1787429953185,123,2,0.4860,0.4870,0.5130,0.5140,1,1,1,1
1787429953267,124,2,0.8440,0.8450,0.1550,0.1560,1,1,1,1
1787429953366,124,2,0.8440,0.8450,0.1550,0.1560,1,1,1,1
1787429953491,123,2,0.4860,0.4870,0.5130,0.5140,1,1,1,1
1787429953727,123,2,0.4860,0.4870,0.5130,0.5140,1,1,1,1
1787429953758,122,2,0.5060,0.5070,0.4930,0.4940,1,1,1,1
1787429953775,123,2,0.4860,0.4870,0.5130,0.5140,1,1,1,1
1787429953879,123,2,0.4860,0.4870,0.5130,0.5140,1,1,1,1
1787429954232,124,2,0.8440,0.8450,0.1550,0.1560,1,1,1,1
1787429956277,123,2,0.4860,0.4870,0.5130,0.5140,1,1,1,1
1787429958019,123,2,0.4860,0.4870,0.5130,0.5140,1,1,1,1
1787429958116,123,2,0.4860,0.4870,0.5130,0.5140,1,1,1,1
1787429958172,124,2,0.8440,0.8450,0.1550,0.1560,1,1,1,1
1787429959247,123,2,0.4860,0.4870,0.5130,0.5140,1,1,1,1
1787429959556,122,2,0.5060,0.5070,0.4930,0.4940,1,1,1,1
1787429959556,122,2,0.5060,0.5070,0.4930,0.4940,1,1,1,1
1787429959556,124,2,0.8440,0.8450,0.1550,0.1560,1,1,1,1
1787429960169,123,2,0.4860,0.4870,0.5130,0.5140,1,1,1,1
1787429960783,123,2,0.4860,0.4870,0.5130,0.5140,1,1,1,1
1787429962851,123,2,0.4860,0.4870,0.5130,0.5140,1,1,1,1
1787429963444,122,2,0.5060,0.5070,0.4930,0.4940,1,1,1,1
1787429963547,122,2,0.5060,0.5070,0.4930,0.4940,1,1,1,1
1787429963856,122,2,0.5060,0.5070,0.4930,0.4940,1,1,1,1
1787429964264,124,2,0.8440,0.8450,0.1550,0.1560,1,1,1,1
1787429965082,122,2,0.5060,0.5070,0.4930,0.4940,1,1,1,1
1787429967746,123,2,0.4860,0.4870,0.5130,0.5140,1,1,1,1
1787429968551,122,2,0.5060,0.5070,0.4930,0.4940,1,1,1,1
1787429969384,124,2,0.8440,0.8450,0.1550,0.1560,1,1,1,1
1787429971023,124,3,0.8400,0.8500,0.1500,0.1600,2503,2074,2074,2503
1787429972014,123,2,0.4860,0.4870,0.5130,0.5140,1,1,1,1
1787429972867,122,2,0.5060,0.5070,0.4930,0.4940,1,1,1,1
1787429973214,124,2,0.8440,0.8450,0.1550,0.1560,1,1,1,1
1787429973297,124,2,0.8440,0.8450,0.1550,0.1560,1,1,1,1
1787429977161,123,2,0.4860,0.4870,0.5130,0.5140,1,1,1,1
1787429977657,123,2,0.4860,0.4870,0.5130,0.5140,1,1,1,1
1787429977790,122,2,0.5060,0.5070,0.4930,0.4940,1,1,1,1
1787429978089,123,2,0.4860,0.4870,0.5130,0.5140,1,1,1,1
1787429978278,124,2,0.8440,0.8450,0.1550,0.1560,1,1,1,1
1787429982596,123,2,0.4860,0.4870,0.5130,0.5140,1,1,1,1
1787429983366,123,2,0.4860,0.4870,0.5130,0.5140,1,1,1,1
1787429983406,122,2,0.5060,0.5070,0.4930,0.4940,1,1,1,1
1787429983824,124,2,0.8440,0.8450,0.1550,0.1560,1,1,1,1
1787429987100,123,2,0.4860,0.4870,0.5130,0.5140,1,1,1,1
1787429988062,122,2,0.5060,0.5070,0.4930,0.4940,1,1,1,1
1787429988252,122,2,0.5060,0.5070,0.4930,0.4940,1,1,1,1
1787429988267,122,2,0.5060,0.5070,0.4930,0.4940,1,1,1,1
1787429988717,124,2,0.8440,0.8450,0.1550,0.1560,1,1,1,1
1787429990450,123,2,0.4860,0.4870,0.5130,0.5140,1,1,1,1
1787429990456,123,2,0.4860,0.4870,0.5130,0.5140,1,1,1,1
1787429991231,124,2,0.8440,0.8450,0.1550,0.1560,1,1,1,1
1787429991354,124,2,0.8440,0.8450,0.1550,0.1560,1,1,1,1
1787429992015,123,2,0.4860,0.4870,0.5130,0.5140,1,1,1,1
1787429992881,122,2,0.5060,0.5070,0.4930,0.4940,1,1,1,1
1787429993348,124,2,0.8440,0.8450,0.1550,0.1560,1,1,1,1
1787429995336,124,3,0.8400,0.8500,0.1500,0.1600,2503,1824,1824,2503
1787429997630,123,2,0.4860,0.4870,0.5130,0.5140,1,1,1,1
1787429997739,122,2,0.5060,0.5070,0.4930,0.4940,1,1,1,1
1787429997822,122,2,0.5060,0.5070,0.4930,0.4940,1,1,1,1
1787429998394,123,2,0.4860,0.4870,0.5130,0.5140,1,1,1,1
1787429998489,123,2,0.4860,0.4870,0.5130,0.5140,1,1,1,1
1787429998786,122,2,0.5060,0.5070,0.4930,0.4940,1,1,1,1
1787429999094,123,2,0.4860,0.4870,0.5130,0.5140,1,1,1,1
1787429999240,124,2,0.8440,0.8450,0.1550,0.1560,1,1,1,1
1787430006110,123,2,0.4860,0.4870,0.5130,0.5140,1,1,1,1
1787430006116,123,2,0.4860,0.4870,0.5130,0.5140,1,1,1,1
1787430006558,122,2,0.5060,0.5070,0.4930,0.4940,1,1,1,1
1787430007170,124,2,0.8440,0.8450,0.1550,0.1560,1,1,1,1
1787430011266,123,2,0.4860,0.4870,0.5130,0.5140,1,1,1,1
1787430012800,122,2,0.5060,0.5070,0.4930,0.4940,1,1,1,1
1787430012841,122,2,0.5060,0.5070,0.4930,0.4940,1,1,1,1
1787430012988,124,2,0.8440,0.8450,0.1550,0.1560,1,1,1,1
1787430017383,123,2,0.4860,0.4870,0.5130,0.5140,1,1,1,1
1787430018229,122,2,0.5060,0.5070,0.4930,0.4940,1,1,1,1
1787430018229,122,2,0.5060,0.5070,0.4930,0.4940,1,1,1,1
1787430018469,124,2,0.8440,0.8450,0.1550,0.1560,1,1,1,1
1787430018573,124,2,0.8440,0.8450,0.1550,0.1560,1,1,1,1
1787430021331,123,2,0.4860,0.4870,0.5130,0.5140,1,1,1,1
1787430021431,123,2,0.4860,0.4870,0.5130,0.5140,1,1,1,1
1787430021538,123,2,0.4860,0.4870,0.5130,0.5140,1,1,1,1
1787430021730,123,2,0.4860,0.4870,0.5130,0.5140,1,1,1,1
1787430022027,123,2,0.4860,0.4870,0.5130,0.5140,1,1,1,1
1787430022323,123,2,0.4860,0.4870,0.5130,0.5140,1,1,1,1
1787430022440,123,2,0.4860,0.4870,0.5130,0.5140,1,1,1,1
1787430022534,123,2,0.4860,0.4870,0.5130,0.5140,1,1,1,1
1787430023716,122,2,0.5060,0.5070,0.4930,0.4940,1,1,1,1
1787430023990,124,2,0.8440,0.8450,0.1550,0.1560,1,1,1,1
1787430027807,124,2,0.8440,0.8450,0.1550,0.1560,1,1,1,1
1787430027808,123,2,0.4860,0.4870,0.5130,0.5140,1,1,1,1
1787430027884,124,2,0.8440,0.8450,0.1550,0.1560,1,1,1,1
1787430028839,122,2,0.5060,0.5070,0.4930,0.4940,1,1,1,1
1787430029374,124,2,0.8440,0.8450,0.1550,0.1560,1,1,1,1
1787430032562,122,2,0.5060,0.5070,0.4930,0.4940,1,1,1,1
1787430032876,122,2,0.5060,0.5070,0.4930,0.4940,1,1,1,1
1787430033325,123,2,0.4860,0.4870,0.5130,0.5140,1,1,1,1
1787430033456,122,2,0.5060,0.5070,0.4930,0.4940,1,1,1,1
1787430033831,122,2,0.5060,0.5070,0.4930,0.4940,1,1,1,1
1787430034039,122,2,0.5060,0.5070,0.4930,0.4940,1,1,1,1
1787430034419,124,2,0.8440,0.8450,0.1550,0.1560,1,1,1,1
1787430037682,123,2,0.4860,0.4870,0.5130,0.5140,1,1,1,1
1787430039013,122,2,0.5060,0.5070,0.4930,0.4940,1,1,1,1
1787430039044,122,2,0.5060,0.5070,0.4930,0.4940,1,1,1,1
1787430039423,124,2,0.8440,0.8450,0.1550,0.1560,1,1,1,1
1787430043802,123,2,0.4860,0.4870,0.5130,0.5140,1,1,1,1
1787430044465,123,2,0.4860,0.4870,0.5130,0.5140,1,1,1,1
1787430044659,122,2,0.5060,0.5070,0.4930,0.4940,1,1,1,1
1787430044676,122,2,0.5060,0.5070,0.4930,0.4940,1,1,1,1
1787430044694,123,2,0.4860,0.4870,0.5130,0.5140,1,1,1,1
1787430045156,123,2,0.4860,0.4870,0.5130,0.5140,1,1,1,1
1787430045221,124,2,0.8440,0.8450,0.1550,0.1560,1,1,1,1
1787430050173,123,2,0.4860,0.4870,0.5130,0.5140,1,1,1,1
1787430050299,123,2,0.4860,0.4870,0.5130,0.5140,1,1,1,1
1787430050942,122,2,0.5060,0.5070,0.4930,0.4940,1,1,1,1
1787430051401,124,2,0.8440,0.8450,0.1550,0.1560,1,1,1,1
1787430051720,123,2,0.4860,0.4870,0.5130,0.5140,1,1,1,1
1787430051745,123,2,0.4860,0.4870,0.5130,0.5140,1,1,1,1
1787430053923,123,2,0.4860,0.4870,0.5130,0.5140,1,1,1,1
1787430054780,122,2,0.5060,0.5070,0.4930,0.4940,1,1,1,1
1787430055226,124,2,0.8440,0.8450,0.1550,0.1560,1,1,1,1
1787430058876,123,2,0.4860,0.4870,0.5130,0.5140,1,1,1,1
1787430059084,124,2,0.8440,0.8450,0.1550,0.1560,1,1,1,1
1787430059176,124,2,0.8440,0.8450,0.1550,0.1560,1,1,1,1
1787430059694,122,2,0.5060,0.5070,0.4930,0.4940,1,1,1,1
1787430060003,124,2,0.8440,0.8450,0.1550,0.1560,1,1,1,1
1787430063602,123,2,0.4860,0.4870,0.5130,0.5140,1,1,1,1
1787430064712,122,2,0.5060,0.5070,0.4930,0.4940,1,1,1,1
1787430064760,122,2,0.5060,0.5070,0.4930,0.4940,1,1,1,1
1787430064945,124,2,0.8440,0.8450,0.1550,0.1560,1,1,1,1
1787430065213,122,2,0.5060,0.5070,0.4930,0.4940,1,1,1,1
1787430065309,122,2,0.5060,0.5070,0.4930,0.4940,1,1,1,1
1787430068910,123,2,0.4860,0.4870,0.5130,0.5140,1,1,1,1
1787430069634,122,2,0.5060,0.5070,0.4930,0.4940,1,1,1,1
1787430069635,123,2,0.4860,0.4870,0.5130,0.5140,1,1,1,1
1787430069832,123,2,0.4860,0.4870,0.5130,0.5140,1,1,1,1
1787430070242,124,2,0.8440,0.8450,0.1550,0.1560,1,1,1,1
1787430070242,123,2,0.4860,0.4870,0.5130,0.5140,1,1,1,1
1787430073723,123,2,0.4860,0.4870,0.5130,0.5140,1,1,1,1
1787430074514,122,2,0.5060,0.5070,0.4930,0.4940,1,1,1,1
1787430074858,124,2,0.8440,0.8450,0.1550,0.1560,1,1,1,1
1787430075522,123,2,0.4860,0.4870,0.5130,0.5140,1,1,1,1
1787430079763,123,2,0.4860,0.4870,0.5130,0.5140,1,1,1,1
1787430080600,122,2,0.5060,0.5070,0.4930,0.4940,1,1,1,1
1787430081095,124,2,0.8440,0.8450,0.1550,0.1560,1,1,1,1
1787430082831,123,2,0.4860,0.4870,0.5130,0.5140,1,1,1,1
1787430083734,122,2,0.5060,0.5070,0.4930,0.4940,1,1,1,1
1787430083846,123,2,0.4860,0.4870,0.5130,0.5140,1,1,1,1
1787430083934,123,2,0.4860,0.4870,0.5130,0.5140,1,1,1,1
1787430084071,124,2,0.8440,0.8450,0.1550,0.1560,1,1,1,1
1787430087350,123,2,0.4860,0.4870,0.5130,0.5140,1,1,1,1
1787430088266,122,2,0.5060,0.5070,0.4930,0.4940,1,1,1,1
1787430088777,124,2,0.8440,0.8450,0.1550,0.1560,1,1,1,1
1787430089414,124,3,0.8400,0.8500,0.1500,0.1600,2503,1669,1669,2503
1787430090619,124,3,0.8400,0.8500,0.1500,0.1600,2348,1669,1669,2348
1787430090943,124,2,0.8440,0.8450,0.1550,0.1560,1,1,1,1
1787430091010,124,2,0.8440,0.8450,0.1550,0.1560,1,1,1,1
1787430091747,124,2,0.8440,0.8450,0.1550,0.1560,1,1,1,1
1787430091849,123,2,0.4860,0.4870,0.5130,0.5140,1,1,1,1
1787430091935,124,2,0.8440,0.8450,0.1550,0.1560,1,1,1,1
1787430092663,123,2,0.4860,0.4870,0.5130,0.5140,1,1,1,1
1787430092747,123,2,0.4860,0.4870,0.5130,0.5140,1,1,1,1
1787430092846,122,2,0.5060,0.5070,0.4930,0.4940,1,1,1,1
1787430093048,123,2,0.4860,0.4870,0.5130,0.5140,1,1,1,1
1787430093096,124,2,0.8440,0.8450,0.1550,0.1560,1,1,1,1
1787430094307,124,2,0.8440,0.8450,0.1550,0.1560,1,1,1,1
1787430097297,123,2,0.4860,0.4870,0.5130,0.5140,1,1,1,1
1787430098197,122,2,0.5060,0.5070,0.4930,0.4940,1,1,1,1
1787430098356,122,2,0.5060,0.5070,0.4930,0.4940,1,1,1,1
1787430098393,124,2,0.8440,0.8450,0.1550,0.1560,1,1,1,1
1787430098454,123,2,0.4860,0.4870,0.5130,0.5140,1,1,1,1
1787430098694,124,2,0.8440,0.8450,0.1550,0.1560,1,1,1,1
1787430098798,124,2,0.8440,0.8450,0.1550,0.1560,1,1,1,1
1787430102474,123,2,0.4860,0.4870,0.5130,0.5140,1,1,1,1
1787430103421,122,2,0.5060,0.5070,0.4930,0.4940,1,1,1,1
1787430103421,122,2,0.5060,0.5070,0.4930,0.4940,1,1,1,1
1787430103619,122,2,0.5060,0.5070,0.4930,0.4940,1,1,1,1
1787430103857,124,2,0.8440,0.8450,0.1550,0.1560,1,1,1,1
1787430107106,123,2,0.4860,0.4870,0.5130,0.5140,1,1,1,1
1787430107820,122,2,0.5060,0.5070,0.4930,0.4940,1,1,1,1
1787430108064,124,2,0.8440,0.8450,0.1550,0.1560,1,1,1,1
1787430110997,123,2,0.4860,0.4870,0.5130,0.5140,1,1,1,1
1787430112419,122,2,0.5060,0.5070,0.4930,0.4940,1,1,1,1
1787430112841,124,2,0.8440,0.8450,0.1550,0.1560,1,1,1,1
1787430113659,123,2,0.4860,0.4870,0.5130,0.5140,1,1,1,1
1787430113701,123,2,0.4860,0.4870,0.5130,0.5140,1,1,1,1
1787430114202,123,2,0.4860,0.4870,0.5130,0.5140,1,1,1,1
1787430114561,123,2,0.4860,0.4870,0.5130,0.5140,1,1,1,1
1787430115913,123,2,0.4860,0.4870,0.5130,0.5140,1,1,1,1
1787430116898,122,2,0.5060,0.5070,0.4930,0.4940,1,1,1,1
1787430116913,122,2,0.5060,0.5070,0.4930,0.4940,1,1,1,1
1787430117310,124,2,0.8440,0.8450,0.1550,0.1560,1,1,1,1
1787430119704,123,2,0.4860,0.4870,0.5130,0.5140,1,1,1,1
1787430120929,123,2,0.4860,0.4870,0.5130,0.5140,1,1,1,1
1787430122239,122,2,0.5060,0.5070,0.4930,0.4940,1,1,1,1
1787430122769,124,2,0.8440,0.8450,0.1550,0.1560,1,1,1,1
1787430125223,123,2,0.4860,0.4870,0.5130,0.5140,1,1,1,1
1787430126047,122,2,0.5060,0.5070,0.4930,0.4940,1,1,1,1
1787430126479,124,2,0.8440,0.8450,0.1550,0.1560,1,1,1,1
1787430126545,124,2,0.8440,0.8450,0.1550,0.1560,1,1,1,1
1787430126644,124,2,0.8440,0.8450,0.1550,0.1560,1,1,1,1
1787430136512,122,2,0.5060,0.5070,0.4930,0.4940,1,1,1,1
1787430137824,122,2,0.5060,0.5070,0.4930,0.4940,1,1,1,1
1787430137825,122,2,0.5060,0.5070,0.4930,0.4940,1,1,1,1
1787430139563,124,2,0.8440,0.8450,0.1550,0.1560,1,1,1,1
1787430141818,122,2,0.5060,0.5070,0.4930,0.4940,1,1,1,1
1787430143762,123,2,0.4860,0.4870,0.5130,0.5140,1,1,1,1
1787430144056,123,2,0.4860,0.4870,0.5130,0.5140,1,1,1,1
1787430144258,123,2,0.4860,0.4870,0.5130,0.5140,1,1,1,1
1787430144419,122,2,0.5060,0.5070,0.4930,0.4940,1,1,1,1
1787430144553,123,2,0.4860,0.4870,0.5130,0.5140,1,1,1,1
1787430144656,123,2,0.4860,0.4870,0.5130,0.5140,1,1,1,1
1787430144991,123,2,0.4860,0.4870,0.5130,0.5140,1,1,1,1
1787430145968,124,2,0.8440,0.8450,0.1550,0.1560,1,1,1,1
1787430147245,123,2,0.4860,0.4870,0.5130,0.5140,1,1,1,1
1787430147245,123,2,0.4860,0.4870,0.5130,0.5140,1,1,1,1
1787430147448,123,2,0.4860,0.4870,0.5130,0.5140,1,1,1,1
1787430151851,123,2,0.4860,0.4870,0.5130,0.5140,1,1,1,1
1787430160593,124,2,0.8440,0.8450,0.1550,0.1560,1,1,1,1
1787430160695,124,2,0.8440,0.8450,0.1550,0.1560,1,1,1,1
1787430160791,124,2,0.8440,0.8450,0.1550,0.1560,1,1,1,1
1787430161166,124,2,0.8440,0.8450,0.1550,0.1560,1,1,1,1
1787430161795,124,2,0.8440,0.8450,0.1550,0.1560,1,1,1,1
1787430161999,124,2,0.8440,0.8450,0.1550,0.1560,1,1,1,1
1787430162553,124,2,0.8440,0.8450,0.1550,0.1560,1,1,1,1
1787430162757,124,2,0.8440,0.8450,0.1550,0.1560,1,1,1,1
1787430163000,124,2,0.8440,0.8450,0.1550,0.1560,1,1,1,1
1787430169119,124,2,0.8440,0.8450,0.1550,0.1560,1,1,1,1
1787430169273,122,2,0.5060,0.5070,0.4930,0.4940,1,1,1,1
1787430169316,124,2,0.8440,0.8450,0.1550,0.1560,1,1,1,1
1787430169378,122,2,0.5060,0.5070,0.4930,0.4940,1,1,1,1
1787430170048,123,2,0.4860,0.4870,0.5130,0.5140,1,1,1,1
1787430170080,123,2,0.4860,0.4870,0.5130,0.5140,1,1,1,1
1787430170792,123,2,0.4860,0.4870,0.5130,0.5140,1,1,1,1
1787430175996,123,2,0.4860,0.4870,0.5130,0.5140,1,1,1,1
1787430178202,123,2,0.4860,0.4870,0.5130,0.5140,1,1,1,1
1787430178397,123,2,0.4860,0.4870,0.5130,0.5140,1,1,1,1
1787430178594,123,2,0.4860,0.4870,0.5130,0.5140,1,1,1,1
1787430178702,123,2,0.4860,0.4870,0.5130,0.5140,1,1,1,1
1787430187895,122,2,0.5060,0.5070,0.4930,0.4940,1,1,1,1
1787430200541,122,2,0.5060,0.5070,0.4930,0.4940,1,1,1,1
1787430200632,122,2,0.5060,0.5070,0.4930,0.4940,1,1,1,1
1787430201923,124,2,0.8440,0.8450,0.1550,0.1560,1,1,1,1
1787430202125,124,2,0.8440,0.8450,0.1550,0.1560,1,1,1,1
1787430202538,124,2,0.8440,0.8450,0.1550,0.1560,1,1,1,1
1787430210370,124,2,0.8440,0.8450,0.1550,0.1560,1,1,1,1
1787430210839,124,2,0.8440,0.8450,0.1550,0.1560,1,1,1,1
1787430210950,124,2,0.8440,0.8450,0.1550,0.1560,1,1,1,1
1787430211039,124,2,0.8440,0.8450,0.1550,0.1560,1,1,1,1
1787430211419,123,2,0.4860,0.4870,0.5130,0.5140,1,1,1,1
1787430211578,123,2,0.4860,0.4870,0.5130,0.5140,1,1,1,1
1787430211672,123,2,0.4860,0.4870,0.5130,0.5140,1,1,1,1
1787430211869,123,2,0.4860,0.4870,0.5130,0.5140,1,1,1,1
1787430212068,123,2,0.4860,0.4870,0.5130,0.5140,1,1,1,1
1787430212167,123,2,0.4860,0.4870,0.5130,0.5140,1,1,1,1
1787430212273,123,2,0.4860,0.4870,0.5130,0.5140,1,1,1,1
1787430212464,123,2,0.4860,0.4870,0.5130,0.5140,1,1,1,1
1787430212879,123,2,0.4860,0.4870,0.5130,0.5140,1,1,1,1
1787430212984,123,2,0.4860,0.4870,0.5130,0.5140,1,1,1,1
1787430213270,123,2,0.4860,0.4870,0.5130,0.5140,1,1,1,1
1787430213416,123,2,0.4860,0.4870,0.5130,0.5140,1,1,1,1
1787430213676,123,2,0.4860,0.4870,0.5130,0.5140,1,1,1,1
1787430213770,123,2,0.4860,0.4870,0.5130,0.5140,1,1,1,1
1787430213875,123,2,0.4860,0.4870,0.5130,0.5140,1,1,1,1
1787430214071,123,2,0.4860,0.4870,0.5130,0.5140,1,1,1,1
1787430214378,123,2,0.4860,0.4870,0.5130,0.5140,1,1,1,1
1787430214584,123,2,0.4860,0.4870,0.5130,0.5140,1,1,1,1
1787430215078,123,2,0.4860,0.4870,0.5130,0.5140,1,1,1,1
1787430215375,123,2,0.4860,0.4870,0.5130,0.5140,1,1,1,1
1787430215476,123,2,0.4860,0.4870,0.5130,0.5140,1,1,1,1
1787430215671,123,2,0.4860,0.4870,0.5130,0.5140,1,1,1,1
1787430215979,123,2,0.4860,0.4870,0.5130,0.5140,1,1,1,1
1787430216175,123,2,0.4860,0.4870,0.5130,0.5140,1,1,1,1
1787430218181,123,2,0.4860,0.4870,0.5130,0.5140,1,1,1,1
1787430225266,124,1,0.8400,0.8500,0.1500,0.1600,382830,134177,134177,382830
1787430230788,122,2,0.5060,0.5070,0.4930,0.4940,1,1,1,1
1787430230882,122,2,0.5060,0.5070,0.4930,0.4940,1,1,1,1
1787430234806,124,2,0.8440,0.8450,0.1550,0.1560,1,1,1,1
1787430234808,124,2,0.8440,0.8450,0.1550,0.1560,1,1,1,1
1787430237712,123,2,0.4860,0.4870,0.5130,0.5140,1,1,1,1
1787430238321,123,2,0.4860,0.4870,0.5130,0.5140,1,1,1,1
1787430238423,123,2,0.4860,0.4870,0.5130,0.5140,1,1,1,1
1787430239024,123,2,0.4860,0.4870,0.5130,0.5140,1,1,1,1
1787430244146,123,2,0.4860,0.4870,0.5130,0.5140,1,1,1,1
1787430248166,123,2,0.4860,0.4870,0.5130,0.5140,1,1,1,1
1787430248342,123,2,0.4860,0.4870,0.5130,0.5140,1,1,1,1
1787430248443,123,2,0.4860,0.4870,0.5130,0.5140,1,1,1,1
1787430248643,123,2,0.4860,0.4870,0.5130,0.5140,1,1,1,1
1787430248746,123,2,0.4860,0.4870,0.5130,0.5140,1,1,1,1
1787430263090,122,2,0.5060,0.5070,0.4930,0.4940,1,1,1,1
1787430263155,122,2,0.5060,0.5070,0.4930,0.4940,1,1,1,1
1787430265215,124,1,0.8400,0.8500,0.1500,0.1600,382730,134177,134177,382730
1787430265215,123,1,0.4600,0.4700,0.5300,0.5400,28403,32120,32120,28403
1787430265644,123,2,0.4860,0.4870,0.5130,0.5140,1,1,1,1
1787430265812,124,2,0.8440,0.8450,0.1550,0.1560,1,1,1,1
1787430265893,123,2,0.4860,0.4870,0.5130,0.5140,1,1,1,1
1787430265944,123,2,0.4860,0.4870,0.5130,0.5140,1,1,1,1
1787430265947,124,2,0.8440,0.8450,0.1550,0.1560,1,1,1,1
1787430266178,123,2,0.4860,0.4870,0.5130,0.5140,1,1,1,1
1787430266391,123,2,0.4860,0.4870,0.5130,0.5140,1,1,1,1
1787430266773,123,2,0.4860,0.4870,0.5130,0.5140,1,1,1,1
1787430272089,123,2,0.4860,0.4870,0.5130,0.5140,1,1,1,1
1787430275211,124,1,0.8400,0.8500,0.1500,0.1600,382230,134177,134177,382230
1787430275931,123,2,0.4860,0.4870,0.5130,0.5140,1,1,1,1
1787430276073,123,2,0.4860,0.4870,0.5130,0.5140,1,1,1,1
1787430278064,124,2,0.8440,0.8450,0.1550,0.1560,1,1,1,1
1787430278613,123,2,0.4860,0.4870,0.5130,0.5140,1,1,1,1
1787430279476,122,2,0.5060,0.5070,0.4930,0.4940,1,1,1,1
1787430280123,123,2,0.4860,0.4870,0.5130,0.5140,1,1,1,1
1787430290073,123,2,0.4860,0.4870,0.5130,0.5140,1,1,1,1
1787430290527,123,2,0.4860,0.4870,0.5130,0.5140,1,1,1,1
1787430290634,123,2,0.4860,0.4870,0.5130,0.5140,1,1,1,1
1787430290915,123,2,0.4860,0.4870,0.5130,0.5140,1,1,1,1
1787430293691,123,2,0.4860,0.4870,0.5130,0.5140,1,1,1,1
1787430293815,122,2,0.5060,0.5070,0.4930,0.4940,1,1,1,1
1787430293955,122,2,0.5060,0.5070,0.4930,0.4940,1,1,1,1
1787430295422,123,2,0.4860,0.4870,0.5130,0.5140,1,1,1,1
1787430296572,123,2,0.4860,0.4870,0.5130,0.5140,1,1,1,1
1787430297001,124,2,0.8440,0.8450,0.1550,0.1560,1,1,1,1
1787430297841,123,2,0.4860,0.4870,0.5130,0.5140,1,1,1,1
1787430298275,123,2,0.4860,0.4870,0.5130,0.5140,1,1,1,1
1787430301437,123,2,0.4860,0.4870,0.5130,0.5140,1,1,1,1
1787430303847,123,2,0.4860,0.4870,0.5130,0.5140,1,1,1,1
1787430306642,123,2,0.4860,0.4870,0.5130,0.5140,1,1,1,1
1787430309650,123,2,0.4860,0.4870,0.5130,0.5140,1,1,1,1
1787430311379,123,2,0.4860,0.4870,0.5130,0.5140,1,1,1,1
1787430311461,123,2,0.4860,0.4870,0.5130,0.5140,1,1,1,1
1787430311587,123,2,0.4860,0.4870,0.5130,0.5140,1,1,1,1
1787430312303,123,2,0.4860,0.4870,0.5130,0.5140,1,1,1,1
1787430312462,123,2,0.4860,0.4870,0.5130,0.5140,1,1,1,1
1787430312566,123,2,0.4860,0.4870,0.5130,0.5140,1,1,1,1
1787430313458,123,2,0.4860,0.4870,0.5130,0.5140,1,1,1,1
1787430315260,123,2,0.4860,0.4870,0.5130,0.5140,1,1,1,1
1787430318071,123,2,0.4860,0.4870,0.5130,0.5140,1,1,1,1
1787430318346,123,2,0.4860,0.4870,0.5130,0.5140,1,1,1,1
1787430320654,124,2,0.8440,0.8450,0.1550,0.1560,1,1,1,1
1787430320857,124,2,0.8440,0.8450,0.1550,0.1560,1,1,1,1
1787430321670,123,2,0.4860,0.4870,0.5130,0.5140,1,1,1,1
1787430323565,122,2,0.5060,0.5070,0.4930,0.4940,1,1,1,1
1787430323654,122,2,0.5060,0.5070,0.4930,0.4940,1,1,1,1
1787430324775,123,2,0.4860,0.4870,0.5130,0.5140,1,1,1,1
1787430328552,123,2,0.4860,0.4870,0.5130,0.5140,1,1,1,1
1787430328569,123,2,0.4860,0.4870,0.5130,0.5140,1,1,1,1
1787430328582,123,2,0.4860,0.4870,0.5130,0.5140,1,1,1,1
1787430331448,123,2,0.4860,0.4870,0.5130,0.5140,1,1,1,1
1787430334609,123,2,0.4860,0.4870,0.5130,0.5140,1,1,1,1
1787430335342,123,2,0.4860,0.4870,0.5130,0.5140,1,1,1,1
1787430335342,123,2,0.4860,0.4870,0.5130,0.5140,1,1,1,1
1787430335607,123,2,0.4860,0.4870,0.5130,0.5140,1,1,1,1
1787430336876,123,2,0.4860,0.4870,0.5130,0.5140,1,1,1,1
1787430339819,123,2,0.4860,0.4870,0.5130,0.5140,1,1,1,1
1787430340897,123,2,0.4860,0.4870,0.5130,0.5140,1,1,1,1
1787430342867,123,2,0.4860,0.4870,0.5130,0.5140,1,1,1,1
1787430346833,123,2,0.4860,0.4870,0.5130,0.5140,1,1,1,1
1787430348655,124,2,0.8440,0.8450,0.1550,0.1560,1,1,1,1
1787430348946,122,2,0.5060,0.5070,0.4930,0.4940,1,1,1,1
1787430349443,123,2,0.4860,0.4870,0.5130,0.5140,1,1,1,1
1787430351703,124,2,0.8440,0.8450,0.1550,0.1560,1,1,1,1
1787430351728,124,2,0.8440,0.8450,0.1550,0.1560,1,1,1,1
1787430352240,123,2,0.4860,0.4870,0.5130,0.5140,1,1,1,1
1787430355308,123,2,0.4860,0.4870,0.5130,0.5140,1,1,1,1
1787430356025,123,2,0.4860,0.4870,0.5130,0.5140,1,1,1,1
1787430356025,123,2,0.4860,0.4870,0.5130,0.5140,1,1,1,1
1787430356303,122,2,0.5060,0.5070,0.4930,0.4940,1,1,1,1
1787430356342,123,2,0.4860,0.4870,0.5130,0.5140,1,1,1,1
1787430356513,122,2,0.5060,0.5070,0.4930,0.4940,1,1,1,1
1787430357273,123,2,0.4860,0.4870,0.5130,0.5140,1,1,1,1
1787430358537,123,2,0.4860,0.4870,0.5130,0.5140,1,1,1,1
1787430361656,123,2,0.4860,0.4870,0.5130,0.5140,1,1,1,1
1787430361947,123,2,0.4860,0.4870,0.5130,0.5140,1,1,1,1
1787430365522,123,2,0.4860,0.4870,0.5130,0.5140,1,1,1,1
1787430368803,123,2,0.4860,0.4870,0.5130,0.5140,1,1,1,1
1787430372122,123,2,0.4860,0.4870,0.5130,0.5140,1,1,1,1
1787430375276,123,2,0.4860,0.4870,0.5130,0.5140,1,1,1,1
1787430376196,123,2,0.4860,0.4870,0.5130,0.5140,1,1,1,1
1787430376196,123,2,0.4860,0.4870,0.5130,0.5140,1,1,1,1
1787430376426,123,2,0.4860,0.4870,0.5130,0.5140,1,1,1,1
1787430378821,123,2,0.4860,0.4870,0.5130,0.5140,1,1,1,1
1787430381645,123,2,0.4860,0.4870,0.5130,0.5140,1,1,1,1
1787430382141,123,2,0.4860,0.4870,0.5130,0.5140,1,1,1,1
1787430385309,123,2,0.4860,0.4870,0.5130,0.5140,1,1,1,1
1787430385309,124,2,0.8440,0.8450,0.1550,0.1560,1,1,1,1
1787430385325,124,2,0.8440,0.8450,0.1550,0.1560,1,1,1,1
1787430386086,124,2,0.8440,0.8450,0.1550,0.1560,1,1,1,1
1787430386150,122,2,0.5060,0.5070,0.4930,0.4940,1,1,1,1
1787430386263,124,2,0.8440,0.8450,0.1550,0.1560,1,1,1,1
1787430386459,122,2,0.5060,0.5070,0.4930,0.4940,1,1,1,1
1787430388501,123,2,0.4860,0.4870,0.5130,0.5140,1,1,1,1
1787430391754,123,2,0.4860,0.4870,0.5130,0.5140,1,1,1,1
1787430392015,123,2,0.4860,0.4870,0.5130,0.5140,1,1,1,1
1787430395546,123,2,0.4860,0.4870,0.5130,0.5140,1,1,1,1
1787430396132,123,2,0.4860,0.4870,0.5130,0.5140,1,1,1,1
1787430396571,123,2,0.4860,0.4870,0.5130,0.5140,1,1,1,1
1787430399056,123,2,0.4860,0.4870,0.5130,0.5140,1,1,1,1
1787430401629,123,2,0.4860,0.4870,0.5130,0.5140,1,1,1,1
1787430402164,123,2,0.4860,0.4870,0.5130,0.5140,1,1,1,1
1787430405437,123,2,0.4860,0.4870,0.5130,0.5140,1,1,1,1
1787430407828,123,2,0.4860,0.4870,0.5130,0.5140,1,1,1,1
1787430408573,123,2,0.4860,0.4870,0.5130,0.5140,1,1,1,1
1787430409542,123,2,0.4860,0.4870,0.5130,0.5140,1,1,1,1
1787430414349,123,2,0.4860,0.4870,0.5130,0.5140,1,1,1,1
1787430417048,123,2,0.4860,0.4870,0.5130,0.5140,1,1,1,1
1787430417557,122,2,0.5060,0.5070,0.4930,0.4940,1,1,1,1
1787430417567,122,2,0.5060,0.5070,0.4930,0.4940,1,1,1,1
1787430417678,123,2,0.4860,0.4870,0.5130,0.5140,1,1,1,1
1787430417681,123,2,0.4860,0.4870,0.5130,0.5140,1,1,1,1
1787430418273,123,2,0.4860,0.4870,0.5130,0.5140,1,1,1,1
1787430419427,124,2,0.8440,0.8450,0.1550,0.1560,1,1,1,1
1787430420424,123,2,0.4860,0.4870,0.5130,0.5140,1,1,1,1
1787430423290,123,2,0.4860,0.4870,0.5130,0.5140,1,1,1,1
1787430424005,123,2,0.4860,0.4870,0.5130,0.5140,1,1,1,1
1787430424251,123,2,0.4860,0.4870,0.5130,0.5140,1,1,1,1
1787430424364,123,2,0.4860,0.4870,0.5130,0.5140,1,1,1,1
1787430427575,123,2,0.4860,0.4870,0.5130,0.5140,1,1,1,1
1787430431578,123,2,0.4860,0.4870,0.5130,0.5140,1,1,1,1
1787430435308,123,2,0.4860,0.4870,0.5130,0.5140,1,1,1,1
1787430439214,123,2,0.4860,0.4870,0.5130,0.5140,1,1,1,1
1787430440045,123,2,0.4860,0.4870,0.5130,0.5140,1,1,1,1
1787430440139,123,2,0.4860,0.4870,0.5130,0.5140,1,1,1,1
1787430440582,123,2,0.4860,0.4870,0.5130,0.5140,1,1,1,1
1787430440916,123,2,0.4860,0.4870,0.5130,0.5140,1,1,1,1
1787430442597,123,2,0.4860,0.4870,0.5130,0.5140,1,1,1,1
1787430445891,123,2,0.4860,0.4870,0.5130,0.5140,1,1,1,1
1787430445994,123,2,0.4860,0.4870,0.5130,0.5140,1,1,1,1
1787430446286,123,2,0.4860,0.4870,0.5130,0.5140,1,1,1,1
1787430446419,123,2,0.4860,0.4870,0.5130,0.5140,1,1,1,1
1787430448998,122,2,0.5060,0.5070,0.4930,0.4940,1,1,1,1
1787430449177,122,2,0.5060,0.5070,0.4930,0.4940,1,1,1,1
1787430450636,124,2,0.8440,0.8450,0.1550,0.1560,1,1,1,1
1787430450667,124,2,0.8440,0.8450,0.1550,0.1560,1,1,1,1
1787430451735,123,2,0.4860,0.4870,0.5130,0.5140,1,1,1,1
1787430453454,123,2,0.4860,0.4870,0.5130,0.5140,1,1,1,1
1787430453537,123,2,0.4860,0.4870,0.5130,0.5140,1,1,1,1
1787430454175,123,2,0.4860,0.4870,0.5130,0.5140,1,1,1,1
1787430457865,123,2,0.4860,0.4870,0.5130,0.5140,1,1,1,1
1787430459157,122,2,0.5060,0.5070,0.4930,0.4940,1,1,1,1
1787430462733,123,2,0.4860,0.4870,0.5130,0.5140,1,1,1,1
1787430463231,123,2,0.4860,0.4870,0.5130,0.5140,1,1,1,1
1787430463415,123,2,0.4860,0.4870,0.5130,0.5140,1,1,1,1
1787430464090,123,2,0.4860,0.4870,0.5130,0.5140,1,1,1,1
1787430465266,123,2,0.4860,0.4870,0.5130,0.5140,1,1,1,1
1787430469048,123,2,0.4860,0.4870,0.5130,0.5140,1,1,1,1
1787430469919,123,2,0.4860,0.4870,0.5130,0.5140,1,1,1,1
1787430473443,123,2,0.4860,0.4870,0.5130,0.5140,1,1,1,1
1787430477127,123,2,0.4860,0.4870,0.5130,0.5140,1,1,1,1
1787430480377,122,2,0.5060,0.5070,0.4930,0.4940,1,1,1,1
1787430480714,123,2,0.4860,0.4870,0.5130,0.5140,1,1,1,1
1787430481841,124,2,0.8440,0.8450,0.1550,0.1560,1,1,1,1
1787430482046,124,2,0.8440,0.8450,0.1550,0.1560,1,1,1,1
1787430483400,124,2,0.8440,0.8450,0.1550,0.1560,1,1,1,1
1787430483502,124,2,0.8440,0.8450,0.1550,0.1560,1,1,1,1
1787430484092,124,2,0.8440,0.8450,0.1550,0.1560,1,1,1,1
1787430484200,124,2,0.8440,0.8450,0.1550,0.1560,1,1,1,1
1787430485318,123,2,0.4860,0.4870,0.5130,0.5140,1,1,1,1
1787430485342,123,2,0.4860,0.4870,0.5130,0.5140,1,1,1,1
1787430485601,123,2,0.4860,0.4870,0.5130,0.5140,1,1,1,1
1787430486063,123,2,0.4860,0.4870,0.5130,0.5140,1,1,1,1
1787430486304,123,2,0.4860,0.4870,0.5130,0.5140,1,1,1,1
1787430487294,123,2,0.4860,0.4870,0.5130,0.5140,1,1,1,1
1787430489266,123,2,0.4860,0.4870,0.5130,0.5140,1,1,1,1
1787430492235,123,2,0.4860,0.4870,0.5130,0.5140,1,1,1,1
1787430493188,123,2,0.4860,0.4870,0.5130,0.5140,1,1,1,1
1787430497255,123,2,0.4860,0.4870,0.5130,0.5140,1,1,1,1
1787430500666,123,2,0.4860,0.4870,0.5130,0.5140,1,1,1,1
1787430504272,123,2,0.4860,0.4870,0.5130,0.5140,1,1,1,1
1787430508135,123,2,0.4860,0.4870,0.5130,0.5140,1,1,1,1
1787430509295,123,2,0.4860,0.4870,0.5130,0.5140,1,1,1,1
1787430509297,123,2,0.4860,0.4870,0.5130,0.5140,1,1,1,1
1787430512356,123,2,0.4860,0.4870,0.5130,0.5140,1,1,1,1
1787430514123,122,2,0.5060,0.5070,0.4930,0.4940,1,1,1,1
1787430515431,122,2,0.5060,0.5070,0.4930,0.4940,1,1,1,1
1787430515480,123,2,0.4860,0.4870,0.5130,0.5140,1,1,1,1
1787430516002,122,2,0.5060,0.5070,0.4930,0.4940,1,1,1,1
1787430516054,123,2,0.4860,0.4870,0.5130,0.5140,1,1,1,1
1787430516429,124,2,0.8440,0.8450,0.1550,0.1560,1,1,1,1
1787430516562,123,2,0.4860,0.4870,0.5130,0.5140,1,1,1,1
1787430520185,123,2,0.4860,0.4870,0.5130,0.5140,1,1,1,1
1787430524132,123,2,0.4860,0.4870,0.5130,0.5140,1,1,1,1
1787430524269,123,2,0.4860,0.4870,0.5130,0.5140,1,1,1,1
1787430525478,123,2,0.4860,0.4870,0.5130,0.5140,1,1,1,1
1787430528171,123,2,0.4860,0.4870,0.5130,0.5140,1,1,1,1
1787430530774,122,2,0.5060,0.5070,0.4930,0.4940,1,1,1,1
1787430534578,123,2,0.4860,0.4870,0.5130,0.5140,1,1,1,1
1787430537402,123,2,0.4860,0.4870,0.5130,0.5140,1,1,1,1
1787430543912,123,2,0.4860,0.4870,0.5130,0.5140,1,1,1,1
1787430545064,123,2,0.4860,0.4870,0.5130,0.5140,1,1,1,1
1787430547181,124,2,0.8440,0.8450,0.1550,0.1560,1,1,1,1
1787430547430,124,2,0.8440,0.8450,0.1550,0.1560,1,1,1,1
1787430547436,124,2,0.8440,0.8450,0.1550,0.1560,1,1,1,1
1787430547915,124,2,0.8440,0.8450,0.1550,0.1560,1,1,1,1
1787430547932,123,2,0.4860,0.4870,0.5130,0.5140,1,1,1,1
1787430548040,123,2,0.4860,0.4870,0.5130,0.5140,1,1,1,1
1787430548514,124,2,0.8440,0.8450,0.1550,0.1560,1,1,1,1
1787430548911,124,2,0.8440,0.8450,0.1550,0.1560,1,1,1,1
1787430549029,123,2,0.4860,0.4870,0.5130,0.5140,1,1,1,1
1787430549511,122,2,0.5060,0.5070,0.4930,0.4940,1,1,1,1
1787430549667,122,2,0.5060,0.5070,0.4930,0.4940,1,1,1,1
1787430553844,123,2,0.4860,0.4870,0.5130,0.5140,1,1,1,1
1787430555542,123,2,0.4860,0.4870,0.5130,0.5140,1,1,1,1
1787430558035,123,2,0.4860,0.4870,0.5130,0.5140,1,1,1,1
1787430561730,123,2,0.4860,0.4870,0.5130,0.5140,1,1,1,1
1787430565766,123,2,0.4860,0.4870,0.5130,0.5140,1,1,1,1
1787430566073,123,2,0.4860,0.4870,0.5130,0.5140,1,1,1,1
1787430566184,123,2,0.4860,0.4870,0.5130,0.5140,1,1,1,1
1787430566563,123,2,0.4860,0.4870,0.5130,0.5140,1,1,1,1
1787430567240,123,2,0.4860,0.4870,0.5130,0.5140,1,1,1,1
1787430567321,123,2,0.4860,0.4870,0.5130,0.5140,1,1,1,1
1787430567707,123,2,0.4860,0.4870,0.5130,0.5140,1,1,1,1
1787430567780,123,2,0.4860,0.4870,0.5130,0.5140,1,1,1,1
1787430568872,123,2,0.4860,0.4870,0.5130,0.5140,1,1,1,1
1787430569170,123,2,0.4860,0.4870,0.5130,0.5140,1,1,1,1
1787430569422,123,2,0.4860,0.4870,0.5130,0.5140,1,1,1,1
1787430569578,123,2,0.4860,0.4870,0.5130,0.5140,1,1,1,1
1787430570321,123,2,0.4860,0.4870,0.5130,0.5140,1,1,1,1
1787430570531,123,2,0.4860,0.4870,0.5130,0.5140,1,1,1,1
1787430570946,123,2,0.4860,0.4870,0.5130,0.5140,1,1,1,1
1787430571431,123,2,0.4860,0.4870,0.5130,0.5140,1,1,1,1
1787430571497,123,2,0.4860,0.4870,0.5130,0.5140,1,1,1,1
1787430571972,123,2,0.4860,0.4870,0.5130,0.5140,1,1,1,1
1787430572789,123,2,0.4860,0.4870,0.5130,0.5140,1,1,1,1
1787430573575,123,2,0.4860,0.4870,0.5130,0.5140,1,1,1,1
1787430573775,123,2,0.4860,0.4870,0.5130,0.5140,1,1,1,1
1787430574182,123,2,0.4860,0.4870,0.5130,0.5140,1,1,1,1
1787430574679,123,2,0.4860,0.4870,0.5130,0.5140,1,1,1,1
1787430575581,123,2,0.4860,0.4870,0.5130,0.5140,1,1,1,1
1787430575885,123,2,0.4860,0.4870,0.5130,0.5140,1,1,1,1
1787430576309,123,2,0.4860,0.4870,0.5130,0.5140,1,1,1,1
1787430576887,123,2,0.4860,0.4870,0.5130,0.5140,1,1,1,1
1787430577994,123,2,0.4860,0.4870,0.5130,0.5140,1,1,1,1
1787430577995,123,2,0.4860,0.4870,0.5130,0.5140,1,1,1,1
1787430578183,123,2,0.4860,0.4870,0.5130,0.5140,1,1,1,1
1787430578227,122,2,0.5060,0.5070,0.4930,0.4940,1,1,1,1
1787430578325,122,2,0.5060,0.5070,0.4930,0.4940,1,1,1,1
1787430579084,123,2,0.4860,0.4870,0.5130,0.5140,1,1,1,1
1787430580093,123,2,0.4860,0.4870,0.5130,0.5140,1,1,1,1
1787430580125,122,2,0.5060,0.5070,0.4930,0.4940,1,1,1,1
1787430580593,123,2,0.4860,0.4870,0.5130,0.5140,1,1,1,1
1787430580816,124,2,0.8440,0.8450,0.1550,0.1560,1,1,1,1
1787430580853,124,2,0.8440,0.8450,0.1550,0.1560,1,1,1,1
1787430581401,123,2,0.4860,0.4870,0.5130,0.5140,1,1,1,1
1787430582252,124,2,0.8440,0.8450,0.1550,0.1560,1,1,1,1
1787430582499,124,2,0.8440,0.8450,0.1550,0.1560,1,1,1,1
1787430582586,123,2,0.4860,0.4870,0.5130,0.5140,1,1,1,1
1787430583115,123,2,0.4860,0.4870,0.5130,0.5140,1,1,1,1
1787430583310,123,2,0.4860,0.4870,0.5130,0.5140,1,1,1,1
1787430583398,123,2,0.4860,0.4870,0.5130,0.5140,1,1,1,1
1787430584952,123,2,0.4860,0.4870,0.5130,0.5140,1,1,1,1
1787430585133,122,2,0.5060,0.5070,0.4930,0.4940,1,1,1,1
1787430585253,123,2,0.4860,0.4870,0.5130,0.5140,1,1,1,1
1787430586937,123,2,0.4860,0.4870,0.5130,0.5140,1,1,1,1
1787430587264,123,2,0.4860,0.4870,0.5130,0.5140,1,1,1,1
1787430587596,123,2,0.4860,0.4870,0.5130,0.5140,1,1,1,1
1787430588106,123,2,0.4860,0.4870,0.5130,0.5140,1,1,1,1
1787430588230,123,2,0.4860,0.4870,0.5130,0.5140,1,1,1,1
1787430588823,123,2,0.4860,0.4870,0.5130,0.5140,1,1,1,1
1787430589482,123,2,0.4860,0.4870,0.5130,0.5140,1,1,1,1
1787430590405,123,2,0.4860,0.4870,0.5130,0.5140,1,1,1,1
1787430590791,123,2,0.4860,0.4870,0.5130,0.5140,1,1,1,1
1787430590806,123,2,0.4860,0.4870,0.5130,0.5140,1,1,1,1
1787430592019,123,2,0.4860,0.4870,0.5130,0.5140,1,1,1,1
1787430594171,123,2,0.4860,0.4870,0.5130,0.5140,1,1,1,1
1787430595427,123,2,0.4860,0.4870,0.5130,0.5140,1,1,1,1
1787430596124,123,2,0.4860,0.4870,0.5130,0.5140,1,1,1,1
1787430596223,123,2,0.4860,0.4870,0.5130,0.5140,1,1,1,1
1787430597870,123,2,0.4860,0.4870,0.5130,0.5140,1,1,1,1
1787430599026,123,2,0.4860,0.4870,0.5130,0.5140,1,1,1,1
1787430599946,123,2,0.4860,0.4870,0.5130,0.5140,1,1,1,1
1787430600271,123,2,0.4860,0.4870,0.5130,0.5140,1,1,1,1
1787430601240,123,2,0.4860,0.4870,0.5130,0.5140,1,1,1,1
1787430601686,122,2,0.5060,0.5070,0.4930,0.4940,1,1,1,1
1787430602464,123,2,0.4860,0.4870,0.5130,0.5140,1,1,1,1
1787430602632,123,2,0.4860,0.4870,0.5130,0.5140,1,1,1,1
1787430603449,123,2,0.4860,0.4870,0.5130,0.5140,1,1,1,1
1787430604133,123,2,0.4860,0.4870,0.5130,0.5140,1,1,1,1
1787430604638,123,2,0.4860,0.4870,0.5130,0.5140,1,1,1,1
1787430604737,123,2,0.4860,0.4870,0.5130,0.5140,1,1,1,1
1787430605170,123,2,0.4860,0.4870,0.5130,0.5140,1,1,1,1
1787430605554,123,2,0.4860,0.4870,0.5130,0.5140,1,1,1,1
1787430605865,123,2,0.4860,0.4870,0.5130,0.5140,1,1,1,1
1787430605940,123,2,0.4860,0.4870,0.5130,0.5140,1,1,1,1
1787430607046,123,2,0.4860,0.4870,0.5130,0.5140,1,1,1,1
1787430607143,123,2,0.4860,0.4870,0.5130,0.5140,1,1,1,1
1787430607994,123,2,0.4860,0.4870,0.5130,0.5140,1,1,1,1
1787430608744,123,2,0.4860,0.4870,0.5130,0.5140,1,1,1,1
1787430609251,123,2,0.4860,0.4870,0.5130,0.5140,1,1,1,1
1787430609634,123,2,0.4860,0.4870,0.5130,0.5140,1,1,1,1
1787430609845,123,2,0.4860,0.4870,0.5130,0.5140,1,1,1,1
1787430610452,123,2,0.4860,0.4870,0.5130,0.5140,1,1,1,1
1787430610827,122,2,0.5060,0.5070,0.4930,0.4940,1,1,1,1
1787430610827,122,2,0.5060,0.5070,0.4930,0.4940,1,1,1,1
1787430611372,123,2,0.4860,0.4870,0.5130,0.5140,1,1,1,1
1787430612159,123,2,0.4860,0.4870,0.5130,0.5140,1,1,1,1
1787430612251,123,2,0.4860,0.4870,0.5130,0.5140,1,1,1,1
1787430612852,123,2,0.4860,0.4870,0.5130,0.5140,1,1,1,1
1787430613473,123,2,0.4860,0.4870,0.5130,0.5140,1,1,1,1
1787430613774,123,2,0.4860,0.4870,0.5130,0.5140,1,1,1,1
1787430614052,123,2,0.4860,0.4870,0.5130,0.5140,1,1,1,1
1787430614654,123,2,0.4860,0.4870,0.5130,0.5140,1,1,1,1
1787430614797,124,2,0.8440,0.8450,0.1550,0.1560,1,1,1,1
1787430615354,123,2,0.4860,0.4870,0.5130,0.5140,1,1,1,1
1787430616327,123,2,0.4860,0.4870,0.5130,0.5140,1,1,1,1
1787430616429,123,2,0.4860,0.4870,0.5130,0.5140,1,1,1,1
1787430617003,123,2,0.4860,0.4870,0.5130,0.5140,1,1,1,1
1787430617014,123,2,0.4860,0.4870,0.5130,0.5140,1,1,1,1
1787430617684,123,2,0.4860,0.4870,0.5130,0.5140,1,1,1,1
1787430618257,123,2,0.4860,0.4870,0.5130,0.5140,1,1,1,1
1787430619135,123,2,0.4860,0.4870,0.5130,0.5140,1,1,1,1
1787430619971,123,2,0.4860,0.4870,0.5130,0.5140,1,1,1,1
1787430620669,123,2,0.4860,0.4870,0.5130,0.5140,1,1,1,1
1787430620874,123,2,0.4860,0.4870,0.5130,0.5140,1,1,1,1
1787430621281,123,2,0.4860,0.4870,0.5130,0.5140,1,1,1,1
1787430621469,123,2,0.4860,0.4870,0.5130,0.5140,1,1,1,1
1787430622376,123,2,0.4860,0.4870,0.5130,0.5140,1,1,1,1
1787430622767,123,2,0.4860,0.4870,0.5130,0.5140,1,1,1,1
1787430622891,123,2,0.4860,0.4870,0.5130,0.5140,1,1,1,1
1787430623457,123,2,0.4860,0.4870,0.5130,0.5140,1,1,1,1
1787430623689,123,2,0.4860,0.4870,0.5130,0.5140,1,1,1,1
1787430624453,123,2,0.4860,0.4870,0.5130,0.5140,1,1,1,1
1787430624715,123,2,0.4860,0.4870,0.5130,0.5140,1,1,1,1
1787430624891,123,2,0.4860,0.4870,0.5130,0.5140,1,1,1,1
1787430625895,123,2,0.4860,0.4870,0.5130,0.5140,1,1,1,1
1787430626097,123,2,0.4860,0.4870,0.5130,0.5140,1,1,1,1
1787430626309,123,2,0.4860,0.4870,0.5130,0.5140,1,1,1,1
1787430626695,123,2,0.4860,0.4870,0.5130,0.5140,1,1,1,1
1787430627310,123,2,0.4860,0.4870,0.5130,0.5140,1,1,1,1
1787430627587,123,2,0.4860,0.4870,0.5130,0.5140,1,1,1,1
1787430627849,123,2,0.4860,0.4870,0.5130,0.5140,1,1,1,1
1787430628120,123,2,0.4860,0.4870,0.5130,0.5140,1,1,1,1
1787430629098,123,2,0.4860,0.4870,0.5130,0.5140,1,1,1,1
1787430629268,124,1,0.8400,0.8500,0.1500,0.1600,382730,134177,134177,382730
1787430630198,123,2,0.4860,0.4870,0.5130,0.5140,1,1,1,1
1787430630269,124,1,0.8400,0.8500,0.1500,0.1600,382830,134177,134177,382830
1787430630398,123,2,0.4860,0.4870,0.5130,0.5140,1,1,1,1
1787430630723,123,2,0.4860,0.4870,0.5130,0.5140,1,1,1,1
1787430631344,123,2,0.4860,0.4870,0.5130,0.5140,1,1,1,1
1787430631852,123,2,0.4860,0.4870,0.5130,0.5140,1,1,1,1
1787430631989,124,2,0.8440,0.8450,0.1550,0.1560,1,1,1,1
1787430632710,123,2,0.4860,0.4870,0.5130,0.5140,1,1,1,1
1787430632778,123,2,0.4860,0.4870,0.5130,0.5140,1,1,1,1
1787430633101,123,2,0.4860,0.4870,0.5130,0.5140,1,1,1,1
1787430633675,123,2,0.4860,0.4870,0.5130,0.5140,1,1,1,1
1787430634815,123,2,0.4860,0.4870,0.5130,0.5140,1,1,1,1
1787430635174,123,2,0.4860,0.4870,0.5130,0.5140,1,1,1,1
1787430635305,123,2,0.4860,0.4870,0.5130,0.5140,1,1,1,1
1787430635521,123,2,0.4860,0.4870,0.5130,0.5140,1,1,1,1
1787430636017,123,2,0.4860,0.4870,0.5130,0.5140,1,1,1,1
1787430636312,123,2,0.4860,0.4870,0.5130,0.5140,1,1,1,1
1787430637856,123,2,0.4860,0.4870,0.5130,0.5140,1,1,1,1
1787430637859,123,2,0.4860,0.4870,0.5130,0.5140,1,1,1,1
1787430638015,123,2,0.4860,0.4870,0.5130,0.5140,1,1,1,1
1787430638318,123,2,0.4860,0.4870,0.5130,0.5140,1,1,1,1
1787430639117,123,2,0.4860,0.4870,0.5130,0.5140,1,1,1,1
1787430639268,123,1,0.4600,0.4700,0.5300,0.5400,28903,32120,32120,28903
1787430639615,123,2,0.4860,0.4870,0.5130,0.5140,1,1,1,1
1787430639818,123,2,0.4860,0.4870,0.5130,0.5140,1,1,1,1
1787430640919,123,2,0.4860,0.4870,0.5130,0.5140,1,1,1,1
1787430641949,122,2,0.5060,0.5070,0.4930,0.4940,1,1,1,1
1787430642043,122,2,0.5060,0.5070,0.4930,0.4940,1,1,1,1
1787430645633,123,2,0.4860,0.4870,0.5130,0.5140,1,1,1,1
1787430647400,124,2,0.8440,0.8450,0.1550,0.1560,1,1,1,1
1787430650258,123,2,0.4860,0.4870,0.5130,0.5140,1,1,1,1
1787430651296,124,2,0.8440,0.8450,0.1550,0.1560,1,1,1,1
1787430655080,123,2,0.4860,0.4870,0.5130,0.5140,1,1,1,1
1787430656427,124,2,0.8440,0.8450,0.1550,0.1560,1,1,1,1
1787430661344,123,2,0.4860,0.4870,0.5130,0.5140,1,1,1,1
1787430662471,124,2,0.8440,0.8450,0.1550,0.1560,1,1,1,1
1787430665748,123,2,0.4860,0.4870,0.5130,0.5140,1,1,1,1
1787430667212,124,2,0.8440,0.8450,0.1550,0.1560,1,1,1,1
1787430670795,123,2,0.4860,0.4870,0.5130,0.5140,1,1,1,1
1787430672915,122,2,0.5060,0.5070,0.4930,0.4940,1,1,1,1
1787430672931,123,2,0.4860,0.4870,0.5130,0.5140,1,1,1,1
1787430673082,123,2,0.4860,0.4870,0.5130,0.5140,1,1,1,1
1787430673329,122,2,0.5060,0.5070,0.4930,0.4940,1,1,1,1
1787430673409,124,2,0.8440,0.8450,0.1550,0.1560,1,1,1,1
1787430676635,123,2,0.4860,0.4870,0.5130,0.5140,1,1,1,1
1787430677805,124,2,0.8440,0.8450,0.1550,0.1560,1,1,1,1
1787430681711,124,2,0.8440,0.8450,0.1550,0.1560,1,1,1,1
1787430681811,124,2,0.8440,0.8450,0.1550,0.1560,1,1,1,1
1787430682292,123,2,0.4860,0.4870,0.5130,0.5140,1,1,1,1
1787430682903,124,2,0.8440,0.8450,0.1550,0.1560,1,1,1,1
1787430682929,124,2,0.8440,0.8450,0.1550,0.1560,1,1,1,1
1787430683908,124,2,0.8440,0.8450,0.1550,0.1560,1,1,1,1
1787430687501,123,2,0.4860,0.4870,0.5130,0.5140,1,1,1,1
1787430688714,124,2,0.8440,0.8450,0.1550,0.1560,1,1,1,1
1787430692822,123,2,0.4860,0.4870,0.5130,0.5140,1,1,1,1
1787430694023,124,2,0.8440,0.8450,0.1550,0.1560,1,1,1,1
1787430697610,123,2,0.4860,0.4870,0.5130,0.5140,1,1,1,1
1787430700755,124,2,0.8440,0.8450,0.1550,0.1560,1,1,1,1
1787430703621,123,2,0.4860,0.4870,0.5130,0.5140,1,1,1,1
1787430705753,124,2,0.8440,0.8450,0.1550,0.1560,1,1,1,1
1787430705928,122,2,0.5060,0.5070,0.4930,0.4940,1,1,1,1
1787430706122,123,2,0.4860,0.4870,0.5130,0.5140,1,1,1,1
1787430706829,123,2,0.4860,0.4870,0.5130,0.5140,1,1,1,1
1787430706855,122,2,0.5060,0.5070,0.4930,0.4940,1,1,1,1
1787430706944,123,2,0.4860,0.4870,0.5130,0.5140,1,1,1,1
1787430707506,123,2,0.4860,0.4870,0.5130,0.5140,1,1,1,1
1787430709269,123,2,0.4860,0.4870,0.5130,0.5140,1,1,1,1
1787430709400,122,2,0.5060,0.5070,0.4930,0.4940,1,1,1,1
1787430709605,122,2,0.5060,0.5070,0.4930,0.4940,1,1,1,1
1787430711459,124,2,0.8440,0.8450,0.1550,0.1560,1,1,1,1
1787430712438,124,2,0.8440,0.8450,0.1550,0.1560,1,1,1,1
1787430712549,124,2,0.8440,0.8450,0.1550,0.1560,1,1,1,1
1787430716433,123,2,0.4860,0.4870,0.5130,0.5140,1,1,1,1
1787430717558,122,2,0.5060,0.5070,0.4930,0.4940,1,1,1,1
1787430717652,122,2,0.5060,0.5070,0.4930,0.4940,1,1,1,1
1787430718173,122,2,0.5060,0.5070,0.4930,0.4940,1,1,1,1
1787430718266,124,2,0.8440,0.8450,0.1550,0.1560,1,1,1,1
1787430722780,123,2,0.4860,0.4870,0.5130,0.5140,1,1,1,1
1787430723247,122,2,0.5060,0.5070,0.4930,0.4940,1,1,1,1
1787430723405,124,2,0.8440,0.8450,0.1550,0.1560,1,1,1,1
1787430727184,123,2,0.4860,0.4870,0.5130,0.5140,1,1,1,1
1787430728253,122,2,0.5060,0.5070,0.4930,0.4940,1,1,1,1
1787430728258,122,2,0.5060,0.5070,0.4930,0.4940,1,1,1,1
1787430728886,124,2,0.8440,0.8450,0.1550,0.1560,1,1,1,1
1787430730708,124,2,0.8440,0.8450,0.1550,0.1560,1,1,1,1
1787430730714,123,2,0.4860,0.4870,0.5130,0.5140,1,1,1,1
1787430734147,123,2,0.4860,0.4870,0.5130,0.5140,1,1,1,1
1787430734760,122,2,0.5060,0.5070,0.4930,0.4940,1,1,1,1
1787430734845,122,2,0.5060,0.5070,0.4930,0.4940,1,1,1,1
1787430735168,124,2,0.8440,0.8450,0.1550,0.1560,1,1,1,1
1787430735710,122,2,0.5060,0.5070,0.4930,0.4940,1,1,1,1
1787430735812,122,2,0.5060,0.5070,0.4930,0.4940,1,1,1,1
1787430738886,123,2,0.4860,0.4870,0.5130,0.5140,1,1,1,1
1787430739190,123,2,0.4860,0.4870,0.5130,0.5140,1,1,1,1
1787430739487,123,2,0.4860,0.4870,0.5130,0.5140,1,1,1,1
1787430740422,122,2,0.5060,0.5070,0.4930,0.4940,1,1,1,1
1787430740476,122,2,0.5060,0.5070,0.4930,0.4940,1,1,1,1
1787430740805,124,2,0.8440,0.8450,0.1550,0.1560,1,1,1,1
1787430742585,123,2,0.4860,0.4870,0.5130,0.5140,1,1,1,1
1787430743324,122,2,0.5060,0.5070,0.4930,0.4940,1,1,1,1
1787430743421,122,2,0.5060,0.5070,0.4930,0.4940,1,1,1,1
1787430743814,124,2,0.8440,0.8450,0.1550,0.1560,1,1,1,1
1787430744028,124,2,0.8440,0.8450,0.1550,0.1560,1,1,1,1
1787430745416,124,2,0.8440,0.8450,0.1550,0.1560,1,1,1,1
1787430745513,124,2,0.8440,0.8450,0.1550,0.1560,1,1,1,1
1787430745716,124,2,0.8440,0.8450,0.1550,0.1560,1,1,1,1
1787430746514,124,2,0.8440,0.8450,0.1550,0.1560,1,1,1,1
1787430746616,124,2,0.8440,0.8450,0.1550,0.1560,1,1,1,1
1787430747018,124,2,0.8440,0.8450,0.1550,0.1560,1,1,1,1
1787430747133,124,2,0.8440,0.8450,0.1550,0.1560,1,1,1,1
1787430747617,124,2,0.8440,0.8450,0.1550,0.1560,1,1,1,1
1787430747693,123,2,0.4860,0.4870,0.5130,0.5140,1,1,1,1
1787430747718,124,2,0.8440,0.8450,0.1550,0.1560,1,1,1,1
1787430748074,122,2,0.5060,0.5070,0.4930,0.4940,1,1,1,1
1787430748074,124,2,0.8440,0.8450,0.1550,0.1560,1,1,1,1
1787430748279,124,2,0.8440,0.8450,0.1550,0.1560,1,1,1,1
1787430748428,124,2,0.8440,0.8450,0.1550,0.1560,1,1,1,1
1787430748996,122,2,0.5060,0.5070,0.4930,0.4940,1,1,1,1
1787430749012,124,2,0.8440,0.8450,0.1550,0.1560,1,1,1,1
1787430749519,124,2,0.8440,0.8450,0.1550,0.1560,1,1,1,1
1787430749615,124,2,0.8440,0.8450,0.1550,0.1560,1,1,1,1
1787430749718,124,2,0.8440,0.8450,0.1550,0.1560,1,1,1,1
1787430751940,124,2,0.8440,0.8450,0.1550,0.1560,1,1,1,1
1787430754554,123,2,0.4860,0.4870,0.5130,0.5140,1,1,1,1
1787430754918,123,2,0.4860,0.4870,0.5130,0.5140,1,1,1,1
1787430755638,122,2,0.5060,0.5070,0.4930,0.4940,1,1,1,1
1787430756833,124,2,0.8440,0.8450,0.1550,0.1560,1,1,1,1
1787430760258,123,2,0.4860,0.4870,0.5130,0.5140,1,1,1,1
1787430761024,122,2,0.5060,0.5070,0.4930,0.4940,1,1,1,1
1787430762378,124,2,0.8440,0.8450,0.1550,0.1560,1,1,1,1
1787430765171,123,2,0.4860,0.4870,0.5130,0.5140,1,1,1,1
1787430766044,122,2,0.5060,0.5070,0.4930,0.4940,1,1,1,1
1787430766915,122,2,0.5060,0.5070,0.4930,0.4940,1,1,1,1
1787430766917,124,2,0.8440,0.8450,0.1550,0.1560,1,1,1,1
1787430767019,122,2,0.5060,0.5070,0.4930,0.4940,1,1,1,1
1787430771510,123,2,0.4860,0.4870,0.5130,0.5140,1,1,1,1
1787430771801,123,2,0.4860,0.4870,0.5130,0.5140,1,1,1,1
1787430772317,122,2,0.5060,0.5070,0.4930,0.4940,1,1,1,1
1787430772367,124,2,0.8440,0.8450,0.1550,0.1560,1,1,1,1
1787430775882,123,2,0.4860,0.4870,0.5130,0.5140,1,1,1,1
1787430776892,122,2,0.5060,0.5070,0.4930,0.4940,1,1,1,1
1787430777358,124,2,0.8440,0.8450,0.1550,0.1560,1,1,1,1
1787430780753,123,2,0.4860,0.4870,0.5130,0.5140,1,1,1,1
1787430782070,122,2,0.5060,0.5070,0.4930,0.4940,1,1,1,1
1787430782070,124,2,0.8440,0.8450,0.1550,0.1560,1,1,1,1
1787430782138,124,2,0.8440,0.8450,0.1550,0.1560,1,1,1,1
1787430783408,124,2,0.8440,0.8450,0.1550,0.1560,1,1,1,1
1787430784668,122,2,0.5060,0.5070,0.4930,0.4940,1,1,1,1
1787430786266,123,2,0.4860,0.4870,0.5130,0.5140,1,1,1,1
1787430788196,122,2,0.5060,0.5070,0.4930,0.4940,1,1,1,1
1787430788668,124,2,0.8440,0.8450,0.1550,0.1560,1,1,1,1
1787430793487,122,2,0.5060,0.5070,0.4930,0.4940,1,1,1,1
1787430793986,123,2,0.4860,0.4870,0.5130,0.5140,1,1,1,1
1787430794765,122,2,0.5060,0.5070,0.4930,0.4940,1,1,1,1
1787430795249,124,2,0.8440,0.8450,0.1550,0.1560,1,1,1,1
1787430798002,123,2,0.4860,0.4870,0.5130,0.5140,1,1,1,1
1787430799273,122,2,0.5060,0.5070,0.4930,0.4940,1,1,1,1
1787430800108,124,2,0.8440,0.8450,0.1550,0.1560,1,1,1,1
1787430802260,123,2,0.4860,0.4870,0.5130,0.5140,1,1,1,1
1787430802260,122,2,0.5060,0.5070,0.4930,0.4940,1,1,1,1
1787430802491,122,2,0.5060,0.5070,0.4930,0.4940,1,1,1,1
1787430802609,123,2,0.4860,0.4870,0.5130,0.5140,1,1,1,1
1787430802800,122,2,0.5060,0.5070,0.4930,0.4940,1,1,1,1
1787430803082,123,2,0.4860,0.4870,0.5130,0.5140,1,1,1,1
1787430803082,122,2,0.5060,0.5070,0.4930,0.4940,1,1,1,1
1787430803201,123,2,0.4860,0.4870,0.5130,0.5140,1,1,1,1
1787430804435,122,2,0.5060,0.5070,0.4930,0.4940,1,1,1,1
1787430804737,124,2,0.8440,0.8450,0.1550,0.1560,1,1,1,1
1787430809353,123,2,0.4860,0.4870,0.5130,0.5140,1,1,1,1
1787430809756,122,2,0.5060,0.5070,0.4930,0.4940,1,1,1,1
1787430810156,122,2,0.5060,0.5070,0.4930,0.4940,1,1,1,1
1787430810639,124,2,0.8440,0.8450,0.1550,0.1560,1,1,1,1
1787430814597,123,2,0.4860,0.4870,0.5130,0.5140,1,1,1,1
1787430815316,122,2,0.5060,0.5070,0.4930,0.4940,1,1,1,1
1787430815741,124,2,0.8440,0.8450,0.1550,0.1560,1,1,1,1
1787430816056,124,2,0.8440,0.8450,0.1550,0.1560,1,1,1,1
1787430816272,124,2,0.8440,0.8450,0.1550,0.1560,1,1,1,1
1787430819997,123,2,0.4860,0.4870,0.5130,0.5140,1,1,1,1
1787430820570,122,2,0.5060,0.5070,0.4930,0.4940,1,1,1,1
1787430820570,122,2,0.5060,0.5070,0.4930,0.4940,1,1,1,1
1787430820950,124,2,0.8440,0.8450,0.1550,0.1560,1,1,1,1
1787430822414,124,1,0.8400,0.8500,0.1500,0.1600,382830,134148,134148,382830
1787430825037,123,2,0.4860,0.4870,0.5130,0.5140,1,1,1,1
1787430826407,122,2,0.5060,0.5070,0.4930,0.4940,1,1,1,1
1787430826594,122,2,0.5060,0.5070,0.4930,0.4940,1,1,1,1
1787430827225,124,2,0.8440,0.8450,0.1550,0.1560,1,1,1,1
1787430830584,123,2,0.4860,0.4870,0.5130,0.5140,1,1,1,1
1787430831504,122,2,0.5060,0.5070,0.4930,0.4940,1,1,1,1
1787430831990,124,2,0.8440,0.8450,0.1550,0.1560,1,1,1,1
1787430834023,123,2,0.4860,0.4870,0.5130,0.5140,1,1,1,1
1787430834061,122,2,0.5060,0.5070,0.4930,0.4940,1,1,1,1
1787430834201,122,2,0.5060,0.5070,0.4930,0.4940,1,1,1,1
1787430834456,122,2,0.5060,0.5070,0.4930,0.4940,1,1,1,1
1787430834495,122,2,0.5060,0.5070,0.4930,0.4940,1,1,1,1
1787430837232,123,2,0.4860,0.4870,0.5130,0.5140,1,1,1,1
1787430839377,122,2,0.5060,0.5070,0.4930,0.4940,1,1,1,1
1787430839756,124,2,0.8440,0.8450,0.1550,0.1560,1,1,1,1
1787430841982,123,2,0.4860,0.4870,0.5130,0.5140,1,1,1,1
1787430842259,123,1,0.4600,0.4700,0.5300,0.5400,28956,32120,32120,28956
1787430843286,122,2,0.5060,0.5070,0.4930,0.4940,1,1,1,1
1787430844483,124,2,0.8440,0.8450,0.1550,0.1560,1,1,1,1
1787430844956,122,2,0.5060,0.5070,0.4930,0.4940,1,1,1,1
1787430847603,124,2,0.8440,0.8450,0.1550,0.1560,1,1,1,1
1787430847603,124,2,0.8440,0.8450,0.1550,0.1560,1,1,1,1
1787430848626,123,2,0.4860,0.4870,0.5130,0.5140,1,1,1,1
1787430850402,122,2,0.5060,0.5070,0.4930,0.4940,1,1,1,1
1787430851202,124,2,0.8440,0.8450,0.1550,0.1560,1,1,1,1
1787430854010,124,2,0.8440,0.8450,0.1550,0.1560,1,1,1,1
1787430856110,123,2,0.4860,0.4870,0.5130,0.5140,1,1,1,1
1787430857140,122,2,0.5060,0.5070,0.4930,0.4940,1,1,1,1
1787430857841,124,2,0.8440,0.8450,0.1550,0.1560,1,1,1,1
1787430861315,124,2,0.8440,0.8450,0.1550,0.1560,1,1,1,1
1787430861515,124,2,0.8440,0.8450,0.1550,0.1560,1,1,1,1
1787430862009,124,2,0.8440,0.8450,0.1550,0.1560,1,1,1,1
1787430862383,124,2,0.8440,0.8450,0.1550,0.1560,1,1,1,1
1787430862436,123,2,0.4860,0.4870,0.5130,0.5140,1,1,1,1
1787430862807,122,2,0.5060,0.5070,0.4930,0.4940,1,1,1,1
1787430864102,124,2,0.8440,0.8450,0.1550,0.1560,1,1,1,1
1787430865008,123,2,0.4860,0.4870,0.5130,0.5140,1,1,1,1
1787430865598,122,2,0.5060,0.5070,0.4930,0.4940,1,1,1,1
1787430865730,122,2,0.5060,0.5070,0.4930,0.4940,1,1,1,1
1787430869617,123,2,0.4860,0.4870,0.5130,0.5140,1,1,1,1
1787430870569,122,2,0.5060,0.5070,0.4930,0.4940,1,1,1,1
1787430871345,124,2,0.8440,0.8450,0.1550,0.1560,1,1,1,1
1787430876068,123,2,0.4860,0.4870,0.5130,0.5140,1,1,1,1
1787430876816,122,2,0.5060,0.5070,0.4930,0.4940,1,1,1,1
1787430877302,124,2,0.8440,0.8450,0.1550,0.1560,1,1,1,1
1787430877302,122,2,0.5060,0.5070,0.4930,0.4940,1,1,1,1
1787430881496,123,2,0.4860,0.4870,0.5130,0.5140,1,1,1,1
1787430881672,124,2,0.8440,0.8450,0.1550,0.1560,1,1,1,1
1787430881683,124,2,0.8440,0.8450,0.1550,0.1560,1,1,1,1
1787430882527,124,2,0.8440,0.8450,0.1550,0.1560,1,1,1,1
1787430883134,122,2,0.5060,0.5070,0.4930,0.4940,1,1,1,1
1787430888460,123,2,0.4860,0.4870,0.5130,0.5140,1,1,1,1
1787430889278,124,2,0.8440,0.8450,0.1550,0.1560,1,1,1,1
1787430890569,122,2,0.5060,0.5070,0.4930,0.4940,1,1,1,1
1787430890574,122,2,0.5060,0.5070,0.4930,0.4940,1,1,1,1
1787430893098,123,2,0.4860,0.4870,0.5130,0.5140,1,1,1,1
1787430893905,122,2,0.5060,0.5070,0.4930,0.4940,1,1,1,1
1787430893985,123,2,0.4860,0.4870,0.5130,0.5140,1,1,1,1
1787430894196,123,2,0.4860,0.4870,0.5130,0.5140,1,1,1,1
1787430894329,122,2,0.5060,0.5070,0.4930,0.4940,1,1,1,1
1787430894464,124,2,0.8440,0.8450,0.1550,0.1560,1,1,1,1
1787430898463,122,2,0.5060,0.5070,0.4930,0.4940,1,1,1,1
1787430898575,122,2,0.5060,0.5070,0.4930,0.4940,1,1,1,1
1787430898740,123,2,0.4860,0.4870,0.5130,0.5140,1,1,1,1
1787430899100,122,2,0.5060,0.5070,0.4930,0.4940,1,1,1,1
1787430900524,122,2,0.5060,0.5070,0.4930,0.4940,1,1,1,1
1787430900614,124,2,0.8440,0.8450,0.1550,0.1560,1,1,1,1
1787430900949,122,2,0.5060,0.5070,0.4930,0.4940,1,1,1,1
1787430903919,123,2,0.4860,0.4870,0.5130,0.5140,1,1,1,1
1787430905764,122,2,0.5060,0.5070,0.4930,0.4940,1,1,1,1
1787430905764,123,2,0.4860,0.4870,0.5130,0.5140,1,1,1,1
1787430906131,122,2,0.5060,0.5070,0.4930,0.4940,1,1,1,1
1787430906183,124,2,0.8440,0.8450,0.1550,0.1560,1,1,1,1
1787430911392,123,2,0.4860,0.4870,0.5130,0.5140,1,1,1,1
1787430912357,122,2,0.5060,0.5070,0.4930,0.4940,1,1,1,1
1787430912467,122,2,0.5060,0.5070,0.4930,0.4940,1,1,1,1
1787430912943,124,2,0.8440,0.8450,0.1550,0.1560,1,1,1,1
1787430913243,124,2,0.8440,0.8450,0.1550,0.1560,1,1,1,1
1787430917235,123,2,0.4860,0.4870,0.5130,0.5140,1,1,1,1
1787430918153,122,2,0.5060,0.5070,0.4930,0.4940,1,1,1,1
1787430918154,122,2,0.5060,0.5070,0.4930,0.4940,1,1,1,1
1787430918510,124,2,0.8440,0.8450,0.1550,0.1560,1,1,1,1
1787430922660,123,2,0.4860,0.4870,0.5130,0.5140,1,1,1,1
1787430923069,124,2,0.8440,0.8450,0.1550,0.1560,1,1,1,1
1787430923785,122,2,0.5060,0.5070,0.4930,0.4940,1,1,1,1
1787430924501,124,2,0.8440,0.8450,0.1550,0.1560,1,1,1,1
1787430926550,123,2,0.4860,0.4870,0.5130,0.5140,1,1,1,1
1787430926550,123,2,0.4860,0.4870,0.5130,0.5140,1,1,1,1
1787430930440,123,2,0.4860,0.4870,0.5130,0.5140,1,1,1,1
1787430931257,124,2,0.8440,0.8450,0.1550,0.1560,1,1,1,1
1787430932589,122,2,0.5060,0.5070,0.4930,0.4940,1,1,1,1
1787430935933,122,2,0.5060,0.5070,0.4930,0.4940,1,1,1,1
1787430938962,123,2,0.4860,0.4870,0.5130,0.5140,1,1,1,1
1787430939866,124,2,0.8440,0.8450,0.1550,0.1560,1,1,1,1
1787430942254,123,1,0.4600,0.4700,0.5300,0.5400,28956,32069,32069,28956
1787430942258,122,2,0.5060,0.5070,0.4930,0.4940,1,1,1,1
1787430946840,123,2,0.4860,0.4870,0.5130,0.5140,1,1,1,1
1787430947744,124,2,0.8440,0.8450,0.1550,0.1560,1,1,1,1
1787430947745,124,2,0.8440,0.8450,0.1550,0.1560,1,1,1,1
1787430948875,124,2,0.8440,0.8450,0.1550,0.1560,1,1,1,1
1787430952646,123,2,0.4860,0.4870,0.5130,0.5140,1,1,1,1
1787430952983,122,2,0.5060,0.5070,0.4930,0.4940,1,1,1,1
1787430952995,122,2,0.5060,0.5070,0.4930,0.4940,1,1,1,1
1787430954196,124,2,0.8440,0.8450,0.1550,0.1560,1,1,1,1
1787430954196,123,2,0.4860,0.4870,0.5130,0.5140,1,1,1,1
1787430954809,124,2,0.8440,0.8450,0.1550,0.1560,1,1,1,1
1787430955527,123,2,0.4860,0.4870,0.5130,0.5140,1,1,1,1
1787430956652,123,2,0.4860,0.4870,0.5130,0.5140,1,1,1,1
1787430957885,122,2,0.5060,0.5070,0.4930,0.4940,1,1,1,1
1787430957885,122,2,0.5060,0.5070,0.4930,0.4940,1,1,1,1
1787430958908,124,2,0.8440,0.8450,0.1550,0.1560,1,1,1,1
1787430958965,124,2,0.8440,0.8450,0.1550,0.1560,1,1,1,1
1787430960135,123,2,0.4860,0.4870,0.5130,0.5140,1,1,1,1
1787430960146,123,2,0.4860,0.4870,0.5130,0.5140,1,1,1,1
1787430960338,123,2,0.4860,0.4870,0.5130,0.5140,1,1,1,1
1787430961117,122,2,0.5060,0.5070,0.4930,0.4940,1,1,1,1
1787430961120,122,2,0.5060,0.5070,0.4930,0.4940,1,1,1,1
1787430962899,124,2,0.8440,0.8450,0.1550,0.1560,1,1,1,1
1787430963019,122,2,0.5060,0.5070,0.4930,0.4940,1,1,1,1
1787430963551,122,2,0.5060,0.5070,0.4930,0.4940,1,1,1,1
1787430963558,122,2,0.5060,0.5070,0.4930,0.4940,1,1,1,1
1787430968020,123,2,0.4860,0.4870,0.5130,0.5140,1,1,1,1
1787430969351,122,2,0.5060,0.5070,0.4930,0.4940,1,1,1,1
1787430970063,124,2,0.8440,0.8450,0.1550,0.1560,1,1,1,1
1787430972164,124,2,0.8440,0.8450,0.1550,0.1560,1,1,1,1
1787430974366,123,2,0.4860,0.4870,0.5130,0.5140,1,1,1,1
1787430975259,122,2,0.5060,0.5070,0.4930,0.4940,1,1,1,1
1787430975594,122,2,0.5060,0.5070,0.4930,0.4940,1,1,1,1
1787430976130,124,2,0.8440,0.8450,0.1550,0.1560,1,1,1,1
1787430976229,124,2,0.8440,0.8450,0.1550,0.1560,1,1,1,1
1787430980712,123,2,0.4860,0.4870,0.5130,0.5140,1,1,1,1
1787430981636,122,2,0.5060,0.5070,0.4930,0.4940,1,1,1,1
1787430981847,122,2,0.5060,0.5070,0.4930,0.4940,1,1,1,1
1787430982132,124,2,0.8440,0.8450,0.1550,0.1560,1,1,1,1
1787430987168,123,2,0.4860,0.4870,0.5130,0.5140,1,1,1,1
1787430988328,122,2,0.5060,0.5070,0.4930,0.4940,1,1,1,1
1787430988348,122,2,0.5060,0.5070,0.4930,0.4940,1,1,1,1
1787430988749,124,2,0.8440,0.8450,0.1550,0.1560,1,1,1,1
1787430992563,123,2,0.4860,0.4870,0.5130,0.5140,1,1,1,1
1787430992662,123,2,0.4860,0.4870,0.5130,0.5140,1,1,1,1
1787430993262,123,2,0.4860,0.4870,0.5130,0.5140,1,1,1,1
1787430994745,122,2,0.5060,0.5070,0.4930,0.4940,1,1,1,1
1787430995359,124,2,0.8440,0.8450,0.1550,0.1560,1,1,1,1
1787430997205,122,2,0.5060,0.5070,0.4930,0.4940,1,1,1,1
1787430997352,122,2,0.5060,0.5070,0.4930,0.4940,1,1,1,1
1787430998739,123,2,0.4860,0.4870,0.5130,0.5140,1,1,1,1
1787431000083,123,2,0.4860,0.4870,0.5130,0.5140,1,1,1,1
1787431000702,123,2,0.4860,0.4870,0.5130,0.5140,1,1,1,1
1787431001714,122,2,0.5060,0.5070,0.4930,0.4940,1,1,1,1
1787431001918,124,2,0.8440,0.8450,0.1550,0.1560,1,1,1,1
1787431002079,124,2,0.8440,0.8450,0.1550,0.1560,1,1,1,1
1787431005486,123,2,0.4860,0.4870,0.5130,0.5140,1,1,1,1
1787431006778,122,2,0.5060,0.5070,0.4930,0.4940,1,1,1,1
1787431007027,124,2,0.8440,0.8450,0.1550,0.1560,1,1,1,1
1787431011334,123,2,0.4860,0.4870,0.5130,0.5140,1,1,1,1
1787431012410,122,2,0.5060,0.5070,0.4930,0.4940,1,1,1,1
1787431012559,122,2,0.5060,0.5070,0.4930,0.4940,1,1,1,1
1787431012931,124,2,0.8440,0.8450,0.1550,0.1560,1,1,1,1
1787431017405,123,2,0.4860,0.4870,0.5130,0.5140,1,1,1,1
1787431019194,122,2,0.5060,0.5070,0.4930,0.4940,1,1,1,1
1787431020499,124,2,0.8440,0.8450,0.1550,0.1560,1,1,1,1
1787431020597,124,2,0.8440,0.8450,0.1550,0.1560,1,1,1,1
1787431022523,123,2,0.4860,0.4870,0.5130,0.5140,1,1,1,1
1787431023229,123,2,0.4860,0.4870,0.5130,0.5140,1,1,1,1
1787431025851,123,2,0.4860,0.4870,0.5130,0.5140,1,1,1,1
1787431026904,122,2,0.5060,0.5070,0.4930,0.4940,1,1,1,1
1787431027422,124,2,0.8440,0.8450,0.1550,0.1560,1,1,1,1
1787431027812,122,2,0.5060,0.5070,0.4930,0.4940,1,1,1,1
1787431028112,122,2,0.5060,0.5070,0.4930,0.4940,1,1,1,1
1787431032038,123,2,0.4860,0.4870,0.5130,0.5140,1,1,1,1
1787431033022,122,2,0.5060,0.5070,0.4930,0.4940,1,1,1,1
1787431033420,124,2,0.8440,0.8450,0.1550,0.1560,1,1,1,1
1787431035909,124,2,0.8440,0.8450,0.1550,0.1560,1,1,1,1
1787431036042,124,2,0.8440,0.8450,0.1550,0.1560,1,1,1,1
1787431039252,123,2,0.4860,0.4870,0.5130,0.5140,1,1,1,1
1787431040332,122,2,0.5060,0.5070,0.4930,0.4940,1,1,1,1
1787431040824,124,2,0.8440,0.8450,0.1550,0.1560,1,1,1,1
1787431040845,124,2,0.8440,0.8450,0.1550,0.1560,1,1,1,1
1787431045913,123,2,0.4860,0.4870,0.5130,0.5140,1,1,1,1
1787431046941,122,2,0.5060,0.5070,0.4930,0.4940,1,1,1,1
1787431047251,124,2,0.8440,0.8450,0.1550,0.1560,1,1,1,1
1787431051474,123,2,0.4860,0.4870,0.5130,0.5140,1,1,1,1
1787431052647,122,2,0.5060,0.5070,0.4930,0.4940,1,1,1,1
1787431052855,122,2,0.5060,0.5070,0.4930,0.4940,1,1,1,1
1787431053367,124,2,0.8440,0.8450,0.1550,0.1560,1,1,1,1
1787431053465,124,2,0.8440,0.8450,0.1550,0.1560,1,1,1,1
1787431056900,123,2,0.4860,0.4870,0.5130,0.5140,1,1,1,1
1787431057095,123,2,0.4860,0.4870,0.5130,0.5140,1,1,1,1
1787431057156,122,2,0.5060,0.5070,0.4930,0.4940,1,1,1,1
1787431057271,122,2,0.5060,0.5070,0.4930,0.4940,1,1,1,1
1787431058376,123,2,0.4860,0.4870,0.5130,0.5140,1,1,1,1
1787431061408,122,2,0.5060,0.5070,0.4930,0.4940,1,1,1,1
1787431061759,124,2,0.8440,0.8450,0.1550,0.1560,1,1,1,1
1787431066196,123,2,0.4860,0.4870,0.5130,0.5140,1,1,1,1
1787431067200,122,2,0.5060,0.5070,0.4930,0.4940,1,1,1,1
1787431067309,122,2,0.5060,0.5070,0.4930,0.4940,1,1,1,1
1787431068001,124,2,0.8440,0.8450,0.1550,0.1560,1,1,1,1
1787431068986,124,2,0.8440,0.8450,0.1550,0.1560,1,1,1,1
1787431068986,124,2,0.8440,0.8450,0.1550,0.1560,1,1,1,1
1787431071066,123,2,0.4860,0.4870,0.5130,0.5140,1,1,1,1
1787431072508,122,2,0.5060,0.5070,0.4930,0.4940,1,1,1,1
1787431073591,124,2,0.8440,0.8450,0.1550,0.1560,1,1,1,1
1787431077579,123,2,0.4860,0.4870,0.5130,0.5140,1,1,1,1
1787431078498,122,2,0.5060,0.5070,0.4930,0.4940,1,1,1,1
1787431078688,122,2,0.5060,0.5070,0.4930,0.4940,1,1,1,1
1787431079527,124,2,0.8440,0.8450,0.1550,0.1560,1,1,1,1
1787431084853,123,2,0.4860,0.4870,0.5130,0.5140,1,1,1,1
1787431087302,122,2,0.5060,0.5070,0.4930,0.4940,1,1,1,1
1787431087499,122,2,0.5060,0.5070,0.4930,0.4940,1,1,1,1
1787431087703,122,2,0.5060,0.5070,0.4930,0.4940,1,1,1,1
1787431088078,122,2,0.5060,0.5070,0.4930,0.4940,1,1,1,1
1787431088610,124,2,0.8440,0.8450,0.1550,0.1560,1,1,1,1
1787431092740,123,2,0.4860,0.4870,0.5130,0.5140,1,1,1,1
1787431093994,122,2,0.5060,0.5070,0.4930,0.4940,1,1,1,1
1787431094430,124,2,0.8440,0.8450,0.1550,0.1560,1,1,1,1
1787431094532,124,2,0.8440,0.8450,0.1550,0.1560,1,1,1,1
1787431097448,123,2,0.4860,0.4870,0.5130,0.5140,1,1,1,1
1787431097845,123,2,0.4860,0.4870,0.5130,0.5140,1,1,1,1
1787431100639,123,2,0.4860,0.4870,0.5130,0.5140,1,1,1,1
1787431100945,124,2,0.8440,0.8450,0.1550,0.1560,1,1,1,1
1787431101210,124,2,0.8440,0.8450,0.1550,0.1560,1,1,1,1
1787431101550,122,2,0.5060,0.5070,0.4930,0.4940,1,1,1,1
1787431102041,124,2,0.8440,0.8450,0.1550,0.1560,1,1,1,1
1787431104628,122,2,0.5060,0.5070,0.4930,0.4940,1,1,1,1
1787431106898,123,2,0.4860,0.4870,0.5130,0.5140,1,1,1,1
1787431108137,122,2,0.5060,0.5070,0.4930,0.4940,1,1,1,1
1787431109127,124,2,0.8440,0.8450,0.1550,0.1560,1,1,1,1
1787431113329,123,2,0.4860,0.4870,0.5130,0.5140,1,1,1,1
1787431114452,122,2,0.5060,0.5070,0.4930,0.4940,1,1,1,1
1787431114549,122,2,0.5060,0.5070,0.4930,0.4940,1,1,1,1
1787431115264,124,2,0.8440,0.8450,0.1550,0.1560,1,1,1,1
1787431117522,122,2,0.5060,0.5070,0.4930,0.4940,1,1,1,1
1787431117928,122,2,0.5060,0.5070,0.4930,0.4940,1,1,1,1
1787431119668,123,2,0.4860,0.4870,0.5130,0.5140,1,1,1,1
1787431120798,122,2,0.5060,0.5070,0.4930,0.4940,1,1,1,1
1787431120869,122,2,0.5060,0.5070,0.4930,0.4940,1,1,1,1
1787431120993,123,2,0.4860,0.4870,0.5130,0.5140,1,1,1,1
1787431122020,124,2,0.8440,0.8450,0.1550,0.1560,1,1,1,1
1787431122080,124,2,0.8440,0.8450,0.1550,0.1560,1,1,1,1
1787431125607,123,2,0.4860,0.4870,0.5130,0.5140,1,1,1,1
1787431127092,123,2,0.4860,0.4870,0.5130,0.5140,1,1,1,1
1787431128575,122,2,0.5060,0.5070,0.4930,0.4940,1,1,1,1
1787431128845,123,2,0.4860,0.4870,0.5130,0.5140,1,1,1,1
1787431128846,123,2,0.4860,0.4870,0.5130,0.5140,1,1,1,1
1787431128850,122,2,0.5060,0.5070,0.4930,0.4940,1,1,1,1
1787431128925,124,2,0.8440,0.8450,0.1550,0.1560,1,1,1,1
1787431131040,122,2,0.5060,0.5070,0.4930,0.4940,1,1,1,1
1787431131246,123,1,0.4600,0.4700,0.5300,0.5400,28903,32069,32069,28903
1787431132372,124,2,0.8440,0.8450,0.1550,0.1560,1,1,1,1
1787431132668,124,2,0.8440,0.8450,0.1550,0.1560,1,1,1,1
1787431132909,123,2,0.4860,0.4870,0.5130,0.5140,1,1,1,1
1787431134397,122,2,0.5060,0.5070,0.4930,0.4940,1,1,1,1
1787431134531,124,2,0.8440,0.8450,0.1550,0.1560,1,1,1,1
1787431138336,123,2,0.4860,0.4870,0.5130,0.5140,1,1,1,1
1787431139825,122,2,0.5060,0.5070,0.4930,0.4940,1,1,1,1
1787431141074,124,2,0.8440,0.8450,0.1550,0.1560,1,1,1,1
1787431146085,123,2,0.4860,0.4870,0.5130,0.5140,1,1,1,1
1787431146874,122,2,0.5060,0.5070,0.4930,0.4940,1,1,1,1
1787431146928,122,2,0.5060,0.5070,0.4930,0.4940,1,1,1,1
1787431147618,124,2,0.8440,0.8450,0.1550,0.1560,1,1,1,1
1787431151850,123,2,0.4860,0.4870,0.5130,0.5140,1,1,1,1
1787431152944,122,2,0.5060,0.5070,0.4930,0.4940,1,1,1,1
1787431153267,124,2,0.8440,0.8450,0.1550,0.1560,1,1,1,1
1787431156424,122,2,0.5060,0.5070,0.4930,0.4940,1,1,1,1
1787431156615,122,2,0.5060,0.5070,0.4930,0.4940,1,1,1,1
1787431158269,122,2,0.5060,0.5070,0.4930,0.4940,1,1,1,1
1787431158345,123,2,0.4860,0.4870,0.5130,0.5140,1,1,1,1
1787431158549,123,2,0.4860,0.4870,0.5130,0.5140,1,1,1,1
1787431160422,122,2,0.5060,0.5070,0.4930,0.4940,1,1,1,1
1787431161137,124,2,0.8440,0.8450,0.1550,0.1560,1,1,1,1
1787431162454,124,2,0.8440,0.8450,0.1550,0.1560,1,1,1,1
1787431162703,124,2,0.8440,0.8450,0.1550,0.1560,1,1,1,1
1787431165161,123,2,0.4860,0.4870,0.5130,0.5140,1,1,1,1
1787431166236,122,2,0.5060,0.5070,0.4930,0.4940,1,1,1,1
1787431166392,122,2,0.5060,0.5070,0.4930,0.4940,1,1,1,1
1787431166696,124,2,0.8440,0.8450,0.1550,0.1560,1,1,1,1
1787431170048,123,2,0.4860,0.4870,0.5130,0.5140,1,1,1,1
1787431170162,123,2,0.4860,0.4870,0.5130,0.5140,1,1,1,1
1787431171278,122,2,0.5060,0.5070,0.4930,0.4940,1,1,1,1
1787431171683,124,2,0.8440,0.8450,0.1550,0.1560,1,1,1,1
1787431174656,123,2,0.4860,0.4870,0.5130,0.5140,1,1,1,1
1787431175987,123,2,0.4860,0.4870,0.5130,0.5140,1,1,1,1
1787431177981,122,2,0.5060,0.5070,0.4930,0.4940,1,1,1,1
1787431178149,122,2,0.5060,0.5070,0.4930,0.4940,1,1,1,1
1787431179164,124,2,0.8440,0.8450,0.1550,0.1560,1,1,1,1
1787431184106,123,2,0.4860,0.4870,0.5130,0.5140,1,1,1,1
1787431184965,122,2,0.5060,0.5070,0.4930,0.4940,1,1,1,1
1787431185169,122,2,0.5060,0.5070,0.4930,0.4940,1,1,1,1
1787431185509,123,2,0.4860,0.4870,0.5130,0.5140,1,1,1,1
1787431185509,124,2,0.8440,0.8450,0.1550,0.1560,1,1,1,1
1787431185583,123,2,0.4860,0.4870,0.5130,0.5140,1,1,1,1
1787431189811,123,2,0.4860,0.4870,0.5130,0.5140,1,1,1,1
1787431191893,122,2,0.5060,0.5070,0.4930,0.4940,1,1,1,1
1787431191920,123,2,0.4860,0.4870,0.5130,0.5140,1,1,1,1
1787431192077,122,2,0.5060,0.5070,0.4930,0.4940,1,1,1,1
1787431192098,123,2,0.4860,0.4870,0.5130,0.5140,1,1,1,1
1787431192281,124,2,0.8440,0.8450,0.1550,0.1560,1,1,1,1
1787431193985,124,2,0.8440,0.8450,0.1550,0.1560,1,1,1,1
1787431194316,124,2,0.8440,0.8450,0.1550,0.1560,1,1,1,1
1787431196771,123,2,0.4860,0.4870,0.5130,0.5140,1,1,1,1
1787431198616,122,2,0.5060,0.5070,0.4930,0.4940,1,1,1,1
1787431198692,122,2,0.5060,0.5070,0.4930,0.4940,1,1,1,1
1787431198988,122,2,0.5060,0.5070,0.4930,0.4940,1,1,1,1
1787431200195,124,2,0.8440,0.8450,0.1550,0.1560,1,1,1,1
1787431200293,124,2,0.8440,0.8450,0.1550,0.1560,1,1,1,1
1787431204556,122,2,0.5060,0.5070,0.4930,0.4940,1,1,1,1
1787431204722,122,2,0.5060,0.5070,0.4930,0.4940,1,1,1,1
1787431205682,123,2,0.4860,0.4870,0.5130,0.5140,1,1,1,1
1787431207114,124,2,0.8440,0.8450,0.1550,0.1560,1,1,1,1
1787431213055,123,2,0.4860,0.4870,0.5130,0.5140,1,1,1,1
1787431214212,122,2,0.5060,0.5070,0.4930,0.4940,1,1,1,1
1787431214508,122,2,0.5060,0.5070,0.4930,0.4940,1,1,1,1
1787431216023,124,2,0.8440,0.8450,0.1550,0.1560,1,1,1,1
1787431221861,123,2,0.4860,0.4870,0.5130,0.5140,1,1,1,1
1787431221953,123,2,0.4860,0.4870,0.5130,0.5140,1,1,1,1
1787431222298,123,2,0.4860,0.4870,0.5130,0.5140,1,1,1,1
1787431222783,122,2,0.5060,0.5070,0.4930,0.4940,1,1,1,1
1787431222827,122,2,0.5060,0.5070,0.4930,0.4940,1,1,1,1
1787431223022,122,2,0.5060,0.5070,0.4930,0.4940,1,1,1,1
1787431223394,124,2,0.8440,0.8450,0.1550,0.1560,1,1,1,1
1787431223439,124,2,0.8440,0.8450,0.1550,0.1560,1,1,1,1
1787431225441,124,2,0.8440,0.8450,0.1550,0.1560,1,1,1,1
1787431225642,124,2,0.8440,0.8450,0.1550,0.1560,1,1,1,1
1787431226151,124,2,0.8440,0.8450,0.1550,0.1560,1,1,1,1
1787431226871,123,2,0.4860,0.4870,0.5130,0.5140,1,1,1,1
1787431227215,124,2,0.8440,0.8450,0.1550,0.1560,1,1,1,1
1787431227916,122,2,0.5060,0.5070,0.4930,0.4940,1,1,1,1
1787431228110,122,2,0.5060,0.5070,0.4930,0.4940,1,1,1,1
1787431228494,124,2,0.8440,0.8450,0.1550,0.1560,1,1,1,1
1787431232197,123,2,0.4860,0.4870,0.5130,0.5140,1,1,1,1
1787431233542,122,2,0.5060,0.5070,0.4930,0.4940,1,1,1,1
1787431233869,124,2,0.8440,0.8450,0.1550,0.1560,1,1,1,1
1787431238012,123,2,0.4860,0.4870,0.5130,0.5140,1,1,1,1
1787431238404,123,2,0.4860,0.4870,0.5130,0.5140,1,1,1,1
1787431239557,122,2,0.5060,0.5070,0.4930,0.4940,1,1,1,1
1787431240391,124,2,0.8440,0.8450,0.1550,0.1560,1,1,1,1
1787431240414,124,2,0.8440,0.8450,0.1550,0.1560,1,1,1,1
1787431245025,123,2,0.4860,0.4870,0.5130,0.5140,1,1,1,1
1787431246059,122,2,0.5060,0.5070,0.4930,0.4940,1,1,1,1
1787431247358,124,2,0.8440,0.8450,0.1550,0.1560,1,1,1,1
1787431251758,123,2,0.4860,0.4870,0.5130,0.5140,1,1,1,1
1787431252883,122,2,0.5060,0.5070,0.4930,0.4940,1,1,1,1
1787431253087,122,2,0.5060,0.5070,0.4930,0.4940,1,1,1,1
1787431253806,124,2,0.8440,0.8450,0.1550,0.1560,1,1,1,1
1787431253833,124,2,0.8440,0.8450,0.1550,0.1560,1,1,1,1
1787431255138,123,2,0.4860,0.4870,0.5130,0.5140,1,1,1,1
1787431255223,123,2,0.4860,0.4870,0.5130,0.5140,1,1,1,1
1787431257819,122,2,0.5060,0.5070,0.4930,0.4940,1,1,1,1
1787431257834,122,2,0.5060,0.5070,0.4930,0.4940,1,1,1,1
1787431258043,123,2,0.4860,0.4870,0.5130,0.5140,1,1,1,1
1787431258878,122,2,0.5060,0.5070,0.4930,0.4940,1,1,1,1
1787431258980,122,2,0.5060,0.5070,0.4930,0.4940,1,1,1,1
1787431259544,124,2,0.8440,0.8450,0.1550,0.1560,1,1,1,1
1787431259750,124,2,0.8440,0.8450,0.1550,0.1560,1,1,1,1
1787431259845,124,2,0.8440,0.8450,0.1550,0.1560,1,1,1,1
1787431263943,123,2,0.4860,0.4870,0.5130,0.5140,1,1,1,1
1787431264865,122,2,0.5060,0.5070,0.4930,0.4940,1,1,1,1
1787431264962,122,2,0.5060,0.5070,0.4930,0.4940,1,1,1,1
1787431265482,124,2,0.8440,0.8450,0.1550,0.1560,1,1,1,1
1787431265482,124,2,0.8440,0.8450,0.1550,0.1560,1,1,1,1
1787431266198,124,2,0.8440,0.8450,0.1550,0.1560,1,1,1,1
1787431268395,122,2,0.5060,0.5070,0.4930,0.4940,1,1,1,1
1787431269192,122,2,0.5060,0.5070,0.4930,0.4940,1,1,1,1
1787431270394,123,2,0.4860,0.4870,0.5130,0.5140,1,1,1,1
1787431271936,122,2,0.5060,0.5070,0.4930,0.4940,1,1,1,1
1787431272882,124,2,0.8440,0.8450,0.1550,0.1560,1,1,1,1
1787431277461,123,2,0.4860,0.4870,0.5130,0.5140,1,1,1,1
1787431277869,122,2,0.5060,0.5070,0.4930,0.4940,1,1,1,1
1787431278372,122,2,0.5060,0.5070,0.4930,0.4940,1,1,1,1
1787431278633,124,2,0.8440,0.8450,0.1550,0.1560,1,1,1,1
1787431283089,123,2,0.4860,0.4870,0.5130,0.5140,1,1,1,1
1787431284124,122,2,0.5060,0.5070,0.4930,0.4940,1,1,1,1
1787431285751,124,2,0.8440,0.8450,0.1550,0.1560,1,1,1,1
1787431286580,123,2,0.4860,0.4870,0.5130,0.5140,1,1,1,1
1787431286580,123,2,0.4860,0.4870,0.5130,0.5140,1,1,1,1
1787431290257,123,2,0.4860,0.4870,0.5130,0.5140,1,1,1,1
1787431290564,124,2,0.8440,0.8450,0.1550,0.1560,1,1,1,1
1787431290768,124,2,0.8440,0.8450,0.1550,0.1560,1,1,1,1
1787431291441,122,2,0.5060,0.5070,0.4930,0.4940,1,1,1,1
1787431291692,122,2,0.5060,0.5070,0.4930,0.4940,1,1,1,1
1787431292304,123,1,0.4600,0.4700,0.5300,0.5400,28903,32049,32049,28903
1787431292319,124,2,0.8440,0.8450,0.1550,0.1560,1,1,1,1
1787431297631,124,3,0.8400,0.8500,0.1500,0.1600,2503,1669,1669,2503
1787431297631,123,2,0.4860,0.4870,0.5130,0.5140,1,1,1,1
1787431297671,124,3,0.8400,0.8500,0.1500,0.1600,2503,1824,1824,2503
1787431298653,122,2,0.5060,0.5070,0.4930,0.4940,1,1,1,1
1787431299335,124,2,0.8440,0.8450,0.1550,0.1560,1,1,1,1
1787431299443,124,2,0.8440,0.8450,0.1550,0.1560,1,1,1,1
1787431303980,123,2,0.4860,0.4870,0.5130,0.5140,1,1,1,1
1787431304490,122,2,0.5060,0.5070,0.4930,0.4940,1,1,1,1
1787431304759,122,2,0.5060,0.5070,0.4930,0.4940,1,1,1,1
1787431305821,122,2,0.5060,0.5070,0.4930,0.4940,1,1,1,1
1787431306128,122,2,0.5060,0.5070,0.4930,0.4940,1,1,1,1
1787431306847,124,2,0.8440,0.8450,0.1550,0.1560,1,1,1,1
1787431308543,124,2,0.8440,0.8450,0.1550,0.1560,1,1,1,1
1787431308613,123,2,0.4860,0.4870,0.5130,0.5140,1,1,1,1
1787431311147,123,2,0.4860,0.4870,0.5130,0.5140,1,1,1,1
1787431311453,123,2,0.4860,0.4870,0.5130,0.5140,1,1,1,1
1787431312173,122,2,0.5060,0.5070,0.4930,0.4940,1,1,1,1
1787431312362,122,2,0.5060,0.5070,0.4930,0.4940,1,1,1,1
1787431312888,124,2,0.8440,0.8450,0.1550,0.1560,1,1,1,1
1787431312888,124,2,0.8440,0.8450,0.1550,0.1560,1,1,1,1
1787431316236,123,2,0.4860,0.4870,0.5130,0.5140,1,1,1,1
1787431317803,122,2,0.5060,0.5070,0.4930,0.4940,1,1,1,1
1787431318110,124,2,0.8440,0.8450,0.1550,0.1560,1,1,1,1
1787431318110,124,2,0.8440,0.8450,0.1550,0.1560,1,1,1,1
1787431323026,123,2,0.4860,0.4870,0.5130,0.5140,1,1,1,1
1787431324355,122,2,0.5060,0.5070,0.4930,0.4940,1,1,1,1
1787431324356,122,2,0.5060,0.5070,0.4930,0.4940,1,1,1,1
1787431325384,124,2,0.8440,0.8450,0.1550,0.1560,1,1,1,1
1787431325842,123,2,0.4860,0.4870,0.5130,0.5140,1,1,1,1
1787431325890,124,2,0.8440,0.8450,0.1550,0.1560,1,1,1,1
1787431326094,124,2,0.8440,0.8450,0.1550,0.1560,1,1,1,1
1787431326179,123,2,0.4860,0.4870,0.5130,0.5140,1,1,1,1
1787431327184,124,2,0.8440,0.8450,0.1550,0.1560,1,1,1,1
1787431327787,124,2,0.8440,0.8450,0.1550,0.1560,1,1,1,1
1787431330907,123,2,0.4860,0.4870,0.5130,0.5140,1,1,1,1
1787431332034,122,2,0.5060,0.5070,0.4930,0.4940,1,1,1,1
1787431332138,122,2,0.5060,0.5070,0.4930,0.4940,1,1,1,1
1787431333570,124,2,0.8440,0.8450,0.1550,0.1560,1,1,1,1
1787431333600,124,2,0.8440,0.8450,0.1550,0.1560,1,1,1,1
1787431336851,122,2,0.5060,0.5070,0.4930,0.4940,1,1,1,1
1787431339204,123,2,0.4860,0.4870,0.5130,0.5140,1,1,1,1
1787431340354,122,2,0.5060,0.5070,0.4930,0.4940,1,1,1,1
1787431340742,124,2,0.8440,0.8450,0.1550,0.1560,1,1,1,1
1787431344783,123,2,0.4860,0.4870,0.5130,0.5140,1,1,1,1
1787431345728,122,2,0.5060,0.5070,0.4930,0.4940,1,1,1,1
1787431346883,124,2,0.8440,0.8450,0.1550,0.1560,1,1,1,1
1787431349638,123,2,0.4860,0.4870,0.5130,0.5140,1,1,1,1
1787431350568,122,2,0.5060,0.5070,0.4930,0.4940,1,1,1,1
1787431350773,122,2,0.5060,0.5070,0.4930,0.4940,1,1,1,1
1787431351082,124,2,0.8440,0.8450,0.1550,0.1560,1,1,1,1
1787431355189,123,2,0.4860,0.4870,0.5130,0.5140,1,1,1,1
1787431356100,122,2,0.5060,0.5070,0.4930,0.4940,1,1,1,1
1787431356144,122,2,0.5060,0.5070,0.4930,0.4940,1,1,1,1
1787431356405,123,2,0.4860,0.4870,0.5130,0.5140,1,1,1,1
1787431356498,123,2,0.4860,0.4870,0.5130,0.5140,1,1,1,1
1787431358596,124,2,0.8440,0.8450,0.1550,0.1560,1,1,1,1
1787431362821,123,2,0.4860,0.4870,0.5130,0.5140,1,1,1,1
1787431363058,124,2,0.8440,0.8450,0.1550,0.1560,1,1,1,1
1787431363248,124,2,0.8440,0.8450,0.1550,0.1560,1,1,1,1
1787431363451,124,2,0.8440,0.8450,0.1550,0.1560,1,1,1,1
1787431363761,122,2,0.5060,0.5070,0.4930,0.4940,1,1,1,1
1787431364315,124,2,0.8440,0.8450,0.1550,0.1560,1,1,1,1
1787431367980,123,2,0.4860,0.4870,0.5130,0.5140,1,1,1,1
1787431368634,122,2,0.5060,0.5070,0.4930,0.4940,1,1,1,1
1787431368782,122,2,0.5060,0.5070,0.4930,0.4940,1,1,1,1
1787431369155,124,2,0.8440,0.8450,0.1550,0.1560,1,1,1,1
1787431370377,122,2,0.5060,0.5070,0.4930,0.4940,1,1,1,1
1787431370744,122,2,0.5060,0.5070,0.4930,0.4940,1,1,1,1
1787431372936,123,2,0.4860,0.4870,0.5130,0.5140,1,1,1,1
1787431373712,123,2,0.4860,0.4870,0.5130,0.5140,1,1,1,1
1787431374122,122,2,0.5060,0.5070,0.4930,0.4940,1,1,1,1
1787431374430,123,2,0.4860,0.4870,0.5130,0.5140,1,1,1,1
1787431374430,124,2,0.8440,0.8450,0.1550,0.1560,1,1,1,1
1787431378442,123,2,0.4860,0.4870,0.5130,0.5140,1,1,1,1
1787431379550,122,2,0.5060,0.5070,0.4930,0.4940,1,1,1,1
1787431379550,122,2,0.5060,0.5070,0.4930,0.4940,1,1,1,1
1787431379868,124,2,0.8440,0.8450,0.1550,0.1560,1,1,1,1
1787431383944,123,2,0.4860,0.4870,0.5130,0.5140,1,1,1,1
1787431385078,122,2,0.5060,0.5070,0.4930,0.4940,1,1,1,1
1787431386512,124,2,0.8440,0.8450,0.1550,0.1560,1,1,1,1
1787431389792,123,2,0.4860,0.4870,0.5130,0.5140,1,1,1,1
1787431389998,123,2,0.4860,0.4870,0.5130,0.5140,1,1,1,1
1787431392051,123,2,0.4860,0.4870,0.5130,0.5140,1,1,1,1
1787431393519,122,2,0.5060,0.5070,0.4930,0.4940,1,1,1,1
1787431393824,124,2,0.8440,0.8450,0.1550,0.1560,1,1,1,1
1787431393910,124,2,0.8440,0.8450,0.1550,0.1560,1,1,1,1
1787431396217,124,2,0.8440,0.8450,0.1550,0.1560,1,1,1,1
1787431396340,124,2,0.8440,0.8450,0.1550,0.1560,1,1,1,1
1787431397463,123,2,0.4860,0.4870,0.5130,0.5140,1,1,1,1
1787431398255,124,1,0.8400,0.8500,0.1500,0.1600,382830,134306,134306,382830
1787431398459,122,2,0.5060,0.5070,0.4930,0.4940,1,1,1,1
1787431398825,124,2,0.8440,0.8450,0.1550,0.1560,1,1,1,1
1787431402663,122,2,0.5060,0.5070,0.4930,0.4940,1,1,1,1
1787431403258,122,2,0.5060,0.5070,0.4930,0.4940,1,1,1,1
1787431403346,123,2,0.4860,0.4870,0.5130,0.5140,1,1,1,1
1787431403641,123,2,0.4860,0.4870,0.5130,0.5140,1,1,1,1
1787431405262,122,2,0.5060,0.5070,0.4930,0.4940,1,1,1,1
1787431406750,124,2,0.8440,0.8450,0.1550,0.1560,1,1,1,1
1787431407022,123,2,0.4860,0.4870,0.5130,0.5140,1,1,1,1
1787431411637,123,2,0.4860,0.4870,0.5130,0.5140,1,1,1,1
1787431412865,122,2,0.5060,0.5070,0.4930,0.4940,1,1,1,1
1787431412875,122,2,0.5060,0.5070,0.4930,0.4940,1,1,1,1
1787431413453,124,2,0.8440,0.8450,0.1550,0.1560,1,1,1,1
1787431418297,123,2,0.4860,0.4870,0.5130,0.5140,1,1,1,1
1787431419102,122,2,0.5060,0.5070,0.4930,0.4940,1,1,1,1
1787431419290,122,2,0.5060,0.5070,0.4930,0.4940,1,1,1,1
1787431420547,124,2,0.8440,0.8450,0.1550,0.1560,1,1,1,1
1787431420592,124,2,0.8440,0.8450,0.1550,0.1560,1,1,1,1
1787431422901,123,2,0.4860,0.4870,0.5130,0.5140,1,1,1,1
1787431422993,123,2,0.4860,0.4870,0.5130,0.5140,1,1,1,1
1787431423824,124,2,0.8440,0.8450,0.1550,0.1560,1,1,1,1
1787431425646,123,2,0.4860,0.4870,0.5130,0.5140,1,1,1,1
1787431427000,122,2,0.5060,0.5070,0.4930,0.4940,1,1,1,1
1787431427407,123,1,0.4600,0.4700,0.5300,0.5400,28903,30031,30031,28903
1787431427568,122,2,0.5060,0.5070,0.4930,0.4940,1,1,1,1
1787431427817,124,2,0.8440,0.8450,0.1550,0.1560,1,1,1,1
1787431427911,124,2,0.8440,0.8450,0.1550,0.1560,1,1,1,1
1787431432939,123,2,0.4860,0.4870,0.5130,0.5140,1,1,1,1
1787431433963,122,2,0.5060,0.5070,0.4930,0.4940,1,1,1,1
1787431434167,122,2,0.5060,0.5070,0.4930,0.4940,1,1,1,1
1787431434722,124,2,0.8440,0.8450,0.1550,0.1560,1,1,1,1
1787431436320,123,2,0.4860,0.4870,0.5130,0.5140,1,1,1,1
1787431438059,123,2,0.4860,0.4870,0.5130,0.5140,1,1,1,1
1787431438264,123,2,0.4860,0.4870,0.5130,0.5140,1,1,1,1
1787431438775,122,2,0.5060,0.5070,0.4930,0.4940,1,1,1,1
1787431438826,123,2,0.4860,0.4870,0.5130,0.5140,1,1,1,1
1787431439259,122,2,0.5060,0.5070,0.4930,0.4940,1,1,1,1
1787431440042,122,2,0.5060,0.5070,0.4930,0.4940,1,1,1,1
1787431440241,122,2,0.5060,0.5070,0.4930,0.4940,1,1,1,1
1787431440342,122,2,0.5060,0.5070,0.4930,0.4940,1,1,1,1
1787431442359,124,2,0.8440,0.8450,0.1550,0.1560,1,1,1,1
1787431443283,122,2,0.5060,0.5070,0.4930,0.4940,1,1,1,1
1787431446149,124,2,0.8440,0.8450,0.1550,0.1560,1,1,1,1
1787431446426,123,2,0.4860,0.4870,0.5130,0.5140,1,1,1,1
1787431448913,122,2,0.5060,0.5070,0.4930,0.4940,1,1,1,1
1787431450347,124,2,0.8440,0.8450,0.1550,0.1560,1,1,1,1
1787431459051,123,2,0.4860,0.4870,0.5130,0.5140,1,1,1,1
1787431459076,123,2,0.4860,0.4870,0.5130,0.5140,1,1,1,1
1787431459080,123,2,0.4860,0.4870,0.5130,0.5140,1,1,1,1
1787431459768,124,2,0.8440,0.8450,0.1550,0.1560,1,1,1,1
1787431460106,124,2,0.8440,0.8450,0.1550,0.1560,1,1,1,1
1787431460696,122,3,0.5100,0.5200,0.4800,0.4900,2901,2989,2989,2901
1787431460696,123,2,0.4860,0.4870,0.5130,0.5140,1,1,1,1
1787431460812,124,2,0.8440,0.8450,0.1550,0.1560,1,1,1,1
1787431461305,123,2,0.4860,0.4870,0.5130,0.5140,1,1,1,1
1787431462325,122,2,0.5060,0.5070,0.4930,0.4940,1,1,1,1
1787431462434,124,2,0.8440,0.8450,0.1550,0.1560,1,1,1,1
1787431462943,124,2,0.8440,0.8450,0.1550,0.1560,1,1,1,1
1787431463766,123,2,0.4860,0.4870,0.5130,0.5140,1,1,1,1
1787431463766,124,2,0.8440,0.8450,0.1550,0.1560,1,1,1,1
1787431465582,122,2,0.5060,0.5070,0.4930,0.4940,1,1,1,1
1787431465737,124,2,0.8440,0.8450,0.1550,0.1560,1,1,1,1
1787431465738,124,2,0.8440,0.8450,0.1550,0.1560,1,1,1,1
1787431468984,123,2,0.4860,0.4870,0.5130,0.5140,1,1,1,1
1787431469271,123,2,0.4860,0.4870,0.5130,0.5140,1,1,1,1
1787431470067,123,2,0.4860,0.4870,0.5130,0.5140,1,1,1,1
1787431470989,122,2,0.5060,0.5070,0.4930,0.4940,1,1,1,1
1787431472877,124,2,0.8440,0.8450,0.1550,0.1560,1,1,1,1
1787431473285,122,2,0.5060,0.5070,0.4930,0.4940,1,1,1,1
1787431473299,122,2,0.5060,0.5070,0.4930,0.4940,1,1,1,1
1787431473614,122,2,0.5060,0.5070,0.4930,0.4940,1,1,1,1
1787431475437,122,2,0.5060,0.5070,0.4930,0.4940,1,1,1,1
1787431476357,123,2,0.4860,0.4870,0.5130,0.5140,1,1,1,1
1787431477893,122,2,0.5060,0.5070,0.4930,0.4940,1,1,1,1
1787431477956,122,2,0.5060,0.5070,0.4930,0.4940,1,1,1,1
1787431478609,124,2,0.8440,0.8450,0.1550,0.1560,1,1,1,1
1787431478704,124,2,0.8440,0.8450,0.1550,0.1560,1,1,1,1
1787431482808,123,2,0.4860,0.4870,0.5130,0.5140,1,1,1,1
1787431484754,122,2,0.5060,0.5070,0.4930,0.4940,1,1,1,1
1787431485216,124,2,0.8440,0.8450,0.1550,0.1560,1,1,1,1
1787431488343,123,2,0.4860,0.4870,0.5130,0.5140,1,1,1,1
1787431489159,122,3,0.5100,0.5200,0.4800,0.4900,2651,2989,2989,2651
1787431490694,122,2,0.5060,0.5070,0.4930,0.4940,1,1,1,1
1787431490726,122,2,0.5060,0.5070,0.4930,0.4940,1,1,1,1
1787431491438,124,2,0.8440,0.8450,0.1550,0.1560,1,1,1,1
1787431495711,123,2,0.4860,0.4870,0.5130,0.5140,1,1,1,1
1787431496861,122,2,0.5060,0.5070,0.4930,0.4940,1,1,1,1
1787431497010,122,2,0.5060,0.5070,0.4930,0.4940,1,1,1,1
1787431497630,124,2,0.8440,0.8450,0.1550,0.1560,1,1,1,1
1787431500628,123,2,0.4860,0.4870,0.5130,0.5140,1,1,1,1
1787431500735,124,2,0.8440,0.8450,0.1550,0.1560,1,1,1,1
1787431501037,123,2,0.4860,0.4870,0.5130,0.5140,1,1,1,1
1787431501037,124,2,0.8440,0.8450,0.1550,0.1560,1,1,1,1
1787431501264,123,2,0.4860,0.4870,0.5130,0.5140,1,1,1,1
1787431503185,124,2,0.8440,0.8450,0.1550,0.1560,1,1,1,1
1787431503256,122,2,0.5060,0.5070,0.4930,0.4940,1,1,1,1
1787431503356,122,2,0.5060,0.5070,0.4930,0.4940,1,1,1,1
1787431503645,124,2,0.8440,0.8450,0.1550,0.1560,1,1,1,1
1787431504826,124,2,0.8440,0.8450,0.1550,0.1560,1,1,1,1
1787431507972,123,2,0.4860,0.4870,0.5130,0.5140,1,1,1,1
1787431509283,122,2,0.5060,0.5070,0.4930,0.4940,1,1,1,1
1787431509363,122,2,0.5060,0.5070,0.4930,0.4940,1,1,1,1
1787431509755,124,2,0.8440,0.8450,0.1550,0.1560,1,1,1,1
1787431513908,122,2,0.5060,0.5070,0.4930,0.4940,1,1,1,1
1787431514176,122,2,0.5060,0.5070,0.4930,0.4940,1,1,1,1
1787431515783,123,2,0.4860,0.4870,0.5130,0.5140,1,1,1,1
1787431516601,122,2,0.5060,0.5070,0.4930,0.4940,1,1,1,1
1787431516781,122,2,0.5060,0.5070,0.4930,0.4940,1,1,1,1
1787431516964,124,2,0.8440,0.8450,0.1550,0.1560,1,1,1,1
1787431519895,123,2,0.4860,0.4870,0.5130,0.5140,1,1,1,1
1787431520583,122,2,0.5060,0.5070,0.4930,0.4940,1,1,1,1
1787431521175,124,2,0.8440,0.8450,0.1550,0.1560,1,1,1,1
1787431523568,124,2,0.8440,0.8450,0.1550,0.1560,1,1,1,1
1787431523569,122,2,0.5060,0.5070,0.4930,0.4940,1,1,1,1
1787431523983,124,2,0.8440,0.8450,0.1550,0.1560,1,1,1,1
1787431524283,122,2,0.5060,0.5070,0.4930,0.4940,1,1,1,1
1787431524403,122,2,0.5060,0.5070,0.4930,0.4940,1,1,1,1
1787431525101,122,2,0.5060,0.5070,0.4930,0.4940,1,1,1,1
1787431525819,122,2,0.5060,0.5070,0.4930,0.4940,1,1,1,1
1787431525903,122,2,0.5060,0.5070,0.4930,0.4940,1,1,1,1
1787431526400,123,2,0.4860,0.4870,0.5130,0.5140,1,1,1,1
1787431527459,122,2,0.5060,0.5070,0.4930,0.4940,1,1,1,1
1787431527505,122,2,0.5060,0.5070,0.4930,0.4940,1,1,1,1
1787431527969,124,2,0.8440,0.8450,0.1550,0.1560,1,1,1,1
1787431529910,123,2,0.4860,0.4870,0.5130,0.5140,1,1,1,1
1787431531965,123,2,0.4860,0.4870,0.5130,0.5140,1,1,1,1
1787431532784,122,2,0.5060,0.5070,0.4930,0.4940,1,1,1,1
1787431532918,122,2,0.5060,0.5070,0.4930,0.4940,1,1,1,1
1787431533125,124,2,0.8440,0.8450,0.1550,0.1560,1,1,1,1
1787431533192,124,2,0.8440,0.8450,0.1550,0.1560,1,1,1,1
1787431536672,123,2,0.4860,0.4870,0.5130,0.5140,1,1,1,1
1787431537797,122,2,0.5060,0.5070,0.4930,0.4940,1,1,1,1
1787431538204,124,2,0.8440,0.8450,0.1550,0.1560,1,1,1,1
1787431541485,123,2,0.4860,0.4870,0.5130,0.5140,1,1,1,1
1787431542303,122,2,0.5060,0.5070,0.4930,0.4940,1,1,1,1
1787431542814,124,2,0.8440,0.8450,0.1550,0.1560,1,1,1,1
1787431547323,123,2,0.4860,0.4870,0.5130,0.5140,1,1,1,1
1787431548346,122,2,0.5060,0.5070,0.4930,0.4940,1,1,1,1
1787431548750,124,2,0.8440,0.8450,0.1550,0.1560,1,1,1,1
1787431548786,124,2,0.8440,0.8450,0.1550,0.1560,1,1,1,1
1787431552235,123,2,0.4860,0.4870,0.5130,0.5140,1,1,1,1
1787431553769,122,2,0.5060,0.5070,0.4930,0.4940,1,1,1,1
1787431553896,122,2,0.5060,0.5070,0.4930,0.4940,1,1,1,1
1787431554144,124,2,0.8440,0.8450,0.1550,0.1560,1,1,1,1
1787431556363,124,2,0.8440,0.8450,0.1550,0.1560,1,1,1,1
1787431556961,122,2,0.5060,0.5070,0.4930,0.4940,1,1,1,1
1787431557159,123,2,0.4860,0.4870,0.5130,0.5140,1,1,1,1
1787431557258,122,2,0.5060,0.5070,0.4930,0.4940,1,1,1,1
1787431558175,122,2,0.5060,0.5070,0.4930,0.4940,1,1,1,1
1787431558269,122,2,0.5060,0.5070,0.4930,0.4940,1,1,1,1
1787431558519,122,2,0.5060,0.5070,0.4930,0.4940,1,1,1,1
1787431558670,124,2,0.8440,0.8450,0.1550,0.1560,1,1,1,1
1787431559407,122,2,0.5060,0.5070,0.4930,0.4940,1,1,1,1
1787431562273,123,2,0.4860,0.4870,0.5130,0.5140,1,1,1,1
1787431562274,123,2,0.4860,0.4870,0.5130,0.5140,1,1,1,1
1787431562274,123,2,0.4860,0.4870,0.5130,0.5140,1,1,1,1
1787431563092,122,2,0.5060,0.5070,0.4930,0.4940,1,1,1,1
1787431563093,122,2,0.5060,0.5070,0.4930,0.4940,1,1,1,1
1787431563164,124,2,0.8440,0.8450,0.1550,0.1560,1,1,1,1
1787431567083,123,2,0.4860,0.4870,0.5130,0.5140,1,1,1,1
1787431568215,122,2,0.5060,0.5070,0.4930,0.4940,1,1,1,1
1787431568720,124,2,0.8440,0.8450,0.1550,0.1560,1,1,1,1
1787431568778,122,2,0.5060,0.5070,0.4930,0.4940,1,1,1,1
1787431569338,122,2,0.5060,0.5070,0.4930,0.4940,1,1,1,1
1787431569975,122,2,0.5060,0.5070,0.4930,0.4940,1,1,1,1
1787431570768,122,2,0.5060,0.5070,0.4930,0.4940,1,1,1,1
1787431571795,123,2,0.4860,0.4870,0.5130,0.5140,1,1,1,1
1787431572100,122,2,0.5060,0.5070,0.4930,0.4940,1,1,1,1
1787431572187,123,2,0.4860,0.4870,0.5130,0.5140,1,1,1,1
1787431573225,122,2,0.5060,0.5070,0.4930,0.4940,1,1,1,1
1787431573824,122,2,0.5060,0.5070,0.4930,0.4940,1,1,1,1
1787431573889,122,2,0.5060,0.5070,0.4930,0.4940,1,1,1,1
1787431574311,124,2,0.8440,0.8450,0.1550,0.1560,1,1,1,1
1787431575712,122,2,0.5060,0.5070,0.4930,0.4940,1,1,1,1
1787431576093,122,2,0.5060,0.5070,0.4930,0.4940,1,1,1,1
1787431576915,122,2,0.5060,0.5070,0.4930,0.4940,1,1,1,1
1787431577195,122,2,0.5060,0.5070,0.4930,0.4940,1,1,1,1
1787431577798,122,2,0.5060,0.5070,0.4930,0.4940,1,1,1,1
1787431578347,123,2,0.4860,0.4870,0.5130,0.5140,1,1,1,1
1787431578347,122,2,0.5060,0.5070,0.4930,0.4940,1,1,1,1
1787431578595,122,2,0.5060,0.5070,0.4930,0.4940,1,1,1,1
1787431579577,122,2,0.5060,0.5070,0.4930,0.4940,1,1,1,1
1787431579882,122,2,0.5060,0.5070,0.4930,0.4940,1,1,1,1
1787431579898,122,2,0.5060,0.5070,0.4930,0.4940,1,1,1,1
1787431580393,124,2,0.8440,0.8450,0.1550,0.1560,1,1,1,1
1787431583875,123,2,0.4860,0.4870,0.5130,0.5140,1,1,1,1
1787431584696,122,2,0.5060,0.5070,0.4930,0.4940,1,1,1,1
1787431584722,122,2,0.5060,0.5070,0.4930,0.4940,1,1,1,1
1787431585209,124,2,0.8440,0.8450,0.1550,0.1560,1,1,1,1
1787431586434,123,2,0.4860,0.4870,0.5130,0.5140,1,1,1,1
1787431586947,123,2,0.4860,0.4870,0.5130,0.5140,1,1,1,1
1787431587425,123,2,0.4860,0.4870,0.5130,0.5140,1,1,1,1
1787431587589,124,2,0.8440,0.8450,0.1550,0.1560,1,1,1,1
1787431587694,124,2,0.8440,0.8450,0.1550,0.1560,1,1,1,1
1787431588406,122,2,0.5060,0.5070,0.4930,0.4940,1,1,1,1
1787431588893,124,2,0.8440,0.8450,0.1550,0.1560,1,1,1,1
1787431589918,124,2,0.8440,0.8450,0.1550,0.1560,1,1,1,1
1787431589919,124,2,0.8440,0.8450,0.1550,0.1560,1,1,1,1
1787431592887,123,2,0.4860,0.4870,0.5130,0.5140,1,1,1,1
1787431594013,122,2,0.5060,0.5070,0.4930,0.4940,1,1,1,1
1787431594934,124,2,0.8440,0.8450,0.1550,0.1560,1,1,1,1
1787431596266,123,2,0.4860,0.4870,0.5130,0.5140,1,1,1,1
1787431596435,123,2,0.4860,0.4870,0.5130,0.5140,1,1,1,1
1787431599010,123,2,0.4860,0.4870,0.5130,0.5140,1,1,1,1
1787431599952,122,2,0.5060,0.5070,0.4930,0.4940,1,1,1,1
1787431599952,122,2,0.5060,0.5070,0.4930,0.4940,1,1,1,1
1787431600568,124,2,0.8440,0.8450,0.1550,0.1560,1,1,1,1
1787431603743,123,2,0.4860,0.4870,0.5130,0.5140,1,1,1,1
1787431604616,122,2,0.5060,0.5070,0.4930,0.4940,1,1,1,1
1787431605175,124,2,0.8440,0.8450,0.1550,0.1560,1,1,1,1
1787431605789,124,2,0.8440,0.8450,0.1550,0.1560,1,1,1,1
1787431605825,124,2,0.8440,0.8450,0.1550,0.1560,1,1,1,1
1787431605920,124,2,0.8440,0.8450,0.1550,0.1560,1,1,1,1
1787431608741,123,2,0.4860,0.4870,0.5130,0.5140,1,1,1,1
1787431609432,122,2,0.5060,0.5070,0.4930,0.4940,1,1,1,1
1787431610035,124,2,0.8440,0.8450,0.1550,0.1560,1,1,1,1
1787431610601,122,2,0.5060,0.5070,0.4930,0.4940,1,1,1,1
1787431610608,122,2,0.5060,0.5070,0.4930,0.4940,1,1,1,1
1787431614724,123,2,0.4860,0.4870,0.5130,0.5140,1,1,1,1
1787431615521,122,2,0.5060,0.5070,0.4930,0.4940,1,1,1,1
1787431615598,122,2,0.5060,0.5070,0.4930,0.4940,1,1,1,1
1787431615984,124,2,0.8440,0.8450,0.1550,0.1560,1,1,1,1
1787431619619,123,2,0.4860,0.4870,0.5130,0.5140,1,1,1,1
1787431620268,122,2,0.5060,0.5070,0.4930,0.4940,1,1,1,1
1787431620419,122,2,0.5060,0.5070,0.4930,0.4940,1,1,1,1
1787431620948,124,2,0.8440,0.8450,0.1550,0.1560,1,1,1,1
1787431621122,124,2,0.8440,0.8450,0.1550,0.1560,1,1,1,1
1787431621205,124,2,0.8440,0.8450,0.1550,0.1560,1,1,1,1
1787431624223,123,2,0.4860,0.4870,0.5130,0.5140,1,1,1,1
1787431625144,122,2,0.5060,0.5070,0.4930,0.4940,1,1,1,1
1787431625657,124,2,0.8440,0.8450,0.1550,0.1560,1,1,1,1
1787431628827,123,2,0.4860,0.4870,0.5130,0.5140,1,1,1,1
1787431629749,122,2,0.5060,0.5070,0.4930,0.4940,1,1,1,1
1787431629785,122,2,0.5060,0.5070,0.4930,0.4940,1,1,1,1
1787431630266,124,2,0.8440,0.8450,0.1550,0.1560,1,1,1,1
1787431630779,123,2,0.4860,0.4870,0.5130,0.5140,1,1,1,1
1787431630779,123,2,0.4860,0.4870,0.5130,0.5140,1,1,1,1
1787431633642,123,2,0.4860,0.4870,0.5130,0.5140,1,1,1,1
1787431634255,122,2,0.5060,0.5070,0.4930,0.4940,1,1,1,1
1787431634323,122,2,0.5060,0.5070,0.4930,0.4940,1,1,1,1
1787431636375,124,2,0.8440,0.8450,0.1550,0.1560,1,1,1,1
1787431639070,123,2,0.4860,0.4870,0.5130,0.5140,1,1,1,1
1787431639787,122,2,0.5060,0.5070,0.4930,0.4940,1,1,1,1
1787431639990,122,2,0.5060,0.5070,0.4930,0.4940,1,1,1,1
1787431640354,124,2,0.8440,0.8450,0.1550,0.1560,1,1,1,1
1787431642963,122,2,0.5060,0.5070,0.4930,0.4940,1,1,1,1
1787431643125,122,2,0.5060,0.5070,0.4930,0.4940,1,1,1,1
1787431643233,122,2,0.5060,0.5070,0.4930,0.4940,1,1,1,1
1787431643675,123,2,0.4860,0.4870,0.5130,0.5140,1,1,1,1
1787431643881,122,2,0.5060,0.5070,0.4930,0.4940,1,1,1,1
1787431644382,122,2,0.5060,0.5070,0.4930,0.4940,1,1,1,1
1787431644788,124,2,0.8440,0.8450,0.1550,0.1560,1,1,1,1
1787431648394,123,2,0.4860,0.4870,0.5130,0.5140,1,1,1,1
1787431649212,122,2,0.5060,0.5070,0.4930,0.4940,1,1,1,1
1787431649212,122,2,0.5060,0.5070,0.4930,0.4940,1,1,1,1
1787431649617,124,2,0.8440,0.8450,0.1550,0.1560,1,1,1,1
1787431651394,124,2,0.8440,0.8450,0.1550,0.1560,1,1,1,1
1787431651496,124,2,0.8440,0.8450,0.1550,0.1560,1,1,1,1
1787431652174,124,2,0.8440,0.8450,0.1550,0.1560,1,1,1,1
1787431652906,124,2,0.8440,0.8450,0.1550,0.1560,1,1,1,1
1787431653408,123,2,0.4860,0.4870,0.5130,0.5140,1,1,1,1
1787431654737,122,2,0.5060,0.5070,0.4930,0.4940,1,1,1,1
1787431654744,124,2,0.8440,0.8450,0.1550,0.1560,1,1,1,1
1787431654750,122,2,0.5060,0.5070,0.4930,0.4940,1,1,1,1
1787431654899,124,2,0.8440,0.8450,0.1550,0.1560,1,1,1,1
1787431655151,124,2,0.8440,0.8450,0.1550,0.1560,1,1,1,1
1787431659664,123,2,0.4860,0.4870,0.5130,0.5140,1,1,1,1
1787431661189,122,2,0.5060,0.5070,0.4930,0.4940,1,1,1,1
1787431661252,122,2,0.5060,0.5070,0.4930,0.4940,1,1,1,1
1787431661512,124,2,0.8440,0.8450,0.1550,0.1560,1,1,1,1
1787431664155,123,2,0.4860,0.4870,0.5130,0.5140,1,1,1,1
1787431665386,122,2,0.5060,0.5070,0.4930,0.4940,1,1,1,1
1787431665386,122,2,0.5060,0.5070,0.4930,0.4940,1,1,1,1
1787431665387,124,2,0.8440,0.8450,0.1550,0.1560,1,1,1,1
1787431667108,123,2,0.4860,0.4870,0.5130,0.5140,1,1,1,1
1787431667244,123,2,0.4860,0.4870,0.5130,0.5140,1,1,1,1
1787431669687,123,2,0.4860,0.4870,0.5130,0.5140,1,1,1,1
1787431670504,122,2,0.5060,0.5070,0.4930,0.4940,1,1,1,1
1787431670532,124,2,0.8440,0.8450,0.1550,0.1560,1,1,1,1
1787431670914,124,2,0.8440,0.8450,0.1550,0.1560,1,1,1,1
1787431671941,124,2,0.8440,0.8450,0.1550,0.1560,1,1,1,1
1787431673987,124,2,0.8440,0.8450,0.1550,0.1560,1,1,1,1
1787431674187,124,2,0.8440,0.8450,0.1550,0.1560,1,1,1,1
1787431674240,124,2,0.8440,0.8450,0.1550,0.1560,1,1,1,1
1787431674915,123,2,0.4860,0.4870,0.5130,0.5140,1,1,1,1
1787431674915,124,2,0.8440,0.8450,0.1550,0.1560,1,1,1,1
1787431675576,122,2,0.5060,0.5070,0.4930,0.4940,1,1,1,1
1787431675674,122,2,0.5060,0.5070,0.4930,0.4940,1,1,1,1
1787431675939,124,2,0.8440,0.8450,0.1550,0.1560,1,1,1,1
1787431676042,124,2,0.8440,0.8450,0.1550,0.1560,1,1,1,1
1787431677672,124,2,0.8440,0.8450,0.1550,0.1560,1,1,1,1
1787431677893,124,2,0.8440,0.8450,0.1550,0.1560,1,1,1,1
1787431677920,122,2,0.5060,0.5070,0.4930,0.4940,1,1,1,1
1787431678287,122,2,0.5060,0.5070,0.4930,0.4940,1,1,1,1
1787431678446,124,2,0.8440,0.8450,0.1550,0.1560,1,1,1,1
1787431679725,123,2,0.4860,0.4870,0.5130,0.5140,1,1,1,1
1787431680337,124,1,0.8400,0.8500,0.1500,0.1600,382830,134148,134148,382830
1787431680343,124,2,0.8440,0.8450,0.1550,0.1560,1,1,1,1
1787431680617,122,2,0.5060,0.5070,0.4930,0.4940,1,1,1,1
1787431680671,122,2,0.5060,0.5070,0.4930,0.4940,1,1,1,1
1787431681368,124,2,0.8440,0.8450,0.1550,0.1560,1,1,1,1
1787431685352,123,2,0.4860,0.4870,0.5130,0.5140,1,1,1,1
1787431686069,123,2,0.4860,0.4870,0.5130,0.5140,1,1,1,1
1787431686098,122,2,0.5060,0.5070,0.4930,0.4940,1,1,1,1
1787431686191,122,2,0.5060,0.5070,0.4930,0.4940,1,1,1,1
1787431686890,124,2,0.8440,0.8450,0.1550,0.1560,1,1,1,1
1787431688389,123,2,0.4860,0.4870,0.5130,0.5140,1,1,1,1
1787431691090,123,2,0.4860,0.4870,0.5130,0.5140,1,1,1,1
1787431692417,122,2,0.5060,0.5070,0.4930,0.4940,1,1,1,1
1787431692560,124,2,0.8440,0.8450,0.1550,0.1560,1,1,1,1
1787431696207,123,2,0.4860,0.4870,0.5130,0.5140,1,1,1,1
1787431697331,122,2,0.5060,0.5070,0.4930,0.4940,1,1,1,1
1787431697768,124,2,0.8440,0.8450,0.1550,0.1560,1,1,1,1
1787431698607,123,2,0.4860,0.4870,0.5130,0.5140,1,1,1,1
1787431698707,123,2,0.4860,0.4870,0.5130,0.5140,1,1,1,1
1787431701329,123,2,0.4860,0.4870,0.5130,0.5140,1,1,1,1
1787431702024,122,2,0.5060,0.5070,0.4930,0.4940,1,1,1,1
1787431702884,124,2,0.8440,0.8450,0.1550,0.1560,1,1,1,1
1787431707650,123,2,0.4860,0.4870,0.5130,0.5140,1,1,1,1
1787431708303,122,2,0.5060,0.5070,0.4930,0.4940,1,1,1,1
1787431708394,122,2,0.5060,0.5070,0.4930,0.4940,1,1,1,1
1787431708795,124,2,0.8440,0.8450,0.1550,0.1560,1,1,1,1
1787431708894,124,2,0.8440,0.8450,0.1550,0.1560,1,1,1,1
1787431708946,122,2,0.5060,0.5070,0.4930,0.4940,1,1,1,1
1787431709013,124,2,0.8440,0.8450,0.1550,0.1560,1,1,1,1
1787431709047,122,2,0.5060,0.5070,0.4930,0.4940,1,1,1,1
1787431712903,123,2,0.4860,0.4870,0.5130,0.5140,1,1,1,1
1787431713687,122,2,0.5060,0.5070,0.4930,0.4940,1,1,1,1
1787431714230,124,2,0.8440,0.8450,0.1550,0.1560,1,1,1,1
1787431717443,123,2,0.4860,0.4870,0.5130,0.5140,1,1,1,1
1787431718272,122,2,0.5060,0.5070,0.4930,0.4940,1,1,1,1
1787431718450,122,2,0.5060,0.5070,0.4930,0.4940,1,1,1,1
1787431719863,124,2,0.8440,0.8450,0.1550,0.1560,1,1,1,1
1787431723141,123,2,0.4860,0.4870,0.5130,0.5140,1,1,1,1
1787431723447,123,2,0.4860,0.4870,0.5130,0.5140,1,1,1,1
1787431723854,122,2,0.5060,0.5070,0.4930,0.4940,1,1,1,1
1787431723966,122,2,0.5060,0.5070,0.4930,0.4940,1,1,1,1
1787431724262,124,2,0.8440,0.8450,0.1550,0.1560,1,1,1,1
1787431727960,123,2,0.4860,0.4870,0.5130,0.5140,1,1,1,1
1787431728076,122,2,0.5060,0.5070,0.4930,0.4940,1,1,1,1
1787431729393,122,2,0.5060,0.5070,0.4930,0.4940,1,1,1,1
1787431729795,122,2,0.5060,0.5070,0.4930,0.4940,1,1,1,1
1787431729795,123,2,0.4860,0.4870,0.5130,0.5140,1,1,1,1
1787431729795,124,2,0.8440,0.8450,0.1550,0.1560,1,1,1,1
1787431732660,123,2,0.4860,0.4870,0.5130,0.5140,1,1,1,1
1787431733277,123,2,0.4860,0.4870,0.5130,0.5140,1,1,1,1
1787431734196,122,2,0.5060,0.5070,0.4930,0.4940,1,1,1,1
1787431734508,122,2,0.5060,0.5070,0.4930,0.4940,1,1,1,1
1787431734630,124,2,0.8440,0.8450,0.1550,0.1560,1,1,1,1
1787431738451,123,2,0.4860,0.4870,0.5130,0.5140,1,1,1,1
1787431739009,122,2,0.5060,0.5070,0.4930,0.4940,1,1,1,1
1787431739121,122,2,0.5060,0.5070,0.4930,0.4940,1,1,1,1
1787431739321,122,2,0.5060,0.5070,0.4930,0.4940,1,1,1,1
1787431739521,124,2,0.8440,0.8450,0.1550,0.1560,1,1,1,1
1787431739932,123,2,0.4860,0.4870,0.5130,0.5140,1,1,1,1
1787431742373,123,2,0.4860,0.4870,0.5130,0.5140,1,1,1,1
1787431743511,123,2,0.4860,0.4870,0.5130,0.5140,1,1,1,1
1787431743596,122,2,0.5060,0.5070,0.4930,0.4940,1,1,1,1
1787431743656,124,2,0.8440,0.8450,0.1550,0.1560,1,1,1,1
1787431744157,124,2,0.8440,0.8450,0.1550,0.1560,1,1,1,1
1787431744202,122,2,0.5060,0.5070,0.4930,0.4940,1,1,1,1
1787431744301,122,2,0.5060,0.5070,0.4930,0.4940,1,1,1,1
1787431744849,124,2,0.8440,0.8450,0.1550,0.1560,1,1,1,1
1787431744850,124,2,0.8440,0.8450,0.1550,0.1560,1,1,1,1
1787431748597,123,2,0.4860,0.4870,0.5130,0.5140,1,1,1,1
1787431749455,122,2,0.5060,0.5070,0.4930,0.4940,1,1,1,1
1787431749462,122,2,0.5060,0.5070,0.4930,0.4940,1,1,1,1
1787431749967,124,2,0.8440,0.8450,0.1550,0.1560,1,1,1,1
1787431750170,122,2,0.5060,0.5070,0.4930,0.4940,1,1,1,1
1787431753452,123,2,0.4860,0.4870,0.5130,0.5140,1,1,1,1
1787431754354,122,2,0.5060,0.5070,0.4930,0.4940,1,1,1,1
1787431754782,124,2,0.8440,0.8450,0.1550,0.1560,1,1,1,1
1787431757549,123,2,0.4860,0.4870,0.5130,0.5140,1,1,1,1
1787431758026,122,2,0.5060,0.5070,0.4930,0.4940,1,1,1,1
1787431758487,124,2,0.8440,0.8450,0.1550,0.1560,1,1,1,1
1787431758582,124,2,0.8440,0.8450,0.1550,0.1560,1,1,1,1
1787431762516,123,2,0.4860,0.4870,0.5130,0.5140,1,1,1,1
1787431763264,122,2,0.5060,0.5070,0.4930,0.4940,1,1,1,1
1787431763361,122,2,0.5060,0.5070,0.4930,0.4940,1,1,1,1
1787431763676,124,2,0.8440,0.8450,0.1550,0.1560,1,1,1,1
1787431763789,124,2,0.8440,0.8450,0.1550,0.1560,1,1,1,1
1787431767746,123,2,0.4860,0.4870,0.5130,0.5140,1,1,1,1
1787431768046,123,2,0.4860,0.4870,0.5130,0.5140,1,1,1,1
1787431768639,122,2,0.5060,0.5070,0.4930,0.4940,1,1,1,1
1787431768756,123,2,0.4860,0.4870,0.5130,0.5140,1,1,1,1
1787431769222,124,2,0.8440,0.8450,0.1550,0.1560,1,1,1,1
1787431769244,124,2,0.8440,0.8450,0.1550,0.1560,1,1,1,1
1787431771065,123,2,0.4860,0.4870,0.5130,0.5140,1,1,1,1
1787431772086,123,2,0.4860,0.4870,0.5130,0.5140,1,1,1,1
1787431773011,122,2,0.5060,0.5070,0.4930,0.4940,1,1,1,1
1787431773284,124,2,0.8440,0.8450,0.1550,0.1560,1,1,1,1
1787431776181,123,2,0.4860,0.4870,0.5130,0.5140,1,1,1,1
1787431776387,123,2,0.4860,0.4870,0.5130,0.5140,1,1,1,1
1787431777210,123,2,0.4860,0.4870,0.5130,0.5140,1,1,1,1
1787431777210,122,2,0.5060,0.5070,0.4930,0.4940,1,1,1,1
1787431777410,122,2,0.5060,0.5070,0.4930,0.4940,1,1,1,1
1787431777455,123,2,0.4860,0.4870,0.5130,0.5140,1,1,1,1
1787431777481,124,2,0.8440,0.8450,0.1550,0.1560,1,1,1,1
1787431777499,124,2,0.8440,0.8450,0.1550,0.1560,1,1,1,1
1787431777504,123,2,0.4860,0.4870,0.5130,0.5140,1,1,1,1
1787431778648,123,2,0.4860,0.4870,0.5130,0.5140,1,1,1,1
1787431780638,124,2,0.8440,0.8450,0.1550,0.1560,1,1,1,1
1787431781094,123,2,0.4860,0.4870,0.5130,0.5140,1,1,1,1
1787431781094,122,2,0.5060,0.5070,0.4930,0.4940,1,1,1,1
1787431781964,122,2,0.5060,0.5070,0.4930,0.4940,1,1,1,1
1787431782009,124,2,0.8440,0.8450,0.1550,0.1560,1,1,1,1
1787431782746,123,2,0.4860,0.4870,0.5130,0.5140,1,1,1,1
1787431783762,122,2,0.5060,0.5070,0.4930,0.4940,1,1,1,1
1787431783767,122,2,0.5060,0.5070,0.4930,0.4940,1,1,1,1
1787431784068,124,2,0.8440,0.8450,0.1550,0.1560,1,1,1,1
1787431785889,123,2,0.4860,0.4870,0.5130,0.5140,1,1,1,1
1787431786728,122,2,0.5060,0.5070,0.4930,0.4940,1,1,1,1
1787431787036,124,2,0.8440,0.8450,0.1550,0.1560,1,1,1,1
1787431790107,123,2,0.4860,0.4870,0.5130,0.5140,1,1,1,1
1787431791133,122,2,0.5060,0.5070,0.4930,0.4940,1,1,1,1
1787431791378,124,2,0.8440,0.8450,0.1550,0.1560,1,1,1,1
1787431794512,123,2,0.4860,0.4870,0.5130,0.5140,1,1,1,1
1787431795432,122,2,0.5060,0.5070,0.4930,0.4940,1,1,1,1
1787431796049,124,2,0.8440,0.8450,0.1550,0.1560,1,1,1,1
1787431799578,123,2,0.4860,0.4870,0.5130,0.5140,1,1,1,1
1787431801578,122,2,0.5060,0.5070,0.4930,0.4940,1,1,1,1
1787431802294,122,2,0.5060,0.5070,0.4930,0.4940,1,1,1,1
1787431802294,124,2,0.8440,0.8450,0.1550,0.1560,1,1,1,1
1787431804546,123,2,0.4860,0.4870,0.5130,0.5140,1,1,1,1
1787431805570,122,2,0.5060,0.5070,0.4930,0.4940,1,1,1,1
1787431805601,122,2,0.5060,0.5070,0.4930,0.4940,1,1,1,1
1787431806288,124,2,0.8440,0.8450,0.1550,0.1560,1,1,1,1
1787431811615,122,2,0.5060,0.5070,0.4930,0.4940,1,1,1,1
1787431811616,123,2,0.4860,0.4870,0.5130,0.5140,1,1,1,1
1787431811616,123,2,0.4860,0.4870,0.5130,0.5140,1,1,1,1
1787431812008,123,2,0.4860,0.4870,0.5130,0.5140,1,1,1,1
1787431813350,122,2,0.5060,0.5070,0.4930,0.4940,1,1,1,1
1787431813529,122,2,0.5060,0.5070,0.4930,0.4940,1,1,1,1
1787431813760,124,2,0.8440,0.8450,0.1550,0.1560,1,1,1,1
1787431818494,123,2,0.4860,0.4870,0.5130,0.5140,1,1,1,1
1787431818530,122,2,0.5060,0.5070,0.4930,0.4940,1,1,1,1
1787431818629,122,2,0.5060,0.5070,0.4930,0.4940,1,1,1,1
1787431819701,124,2,0.8440,0.8450,0.1550,0.1560,1,1,1,1
1787431822568,123,2,0.4860,0.4870,0.5130,0.5140,1,1,1,1
1787431823339,122,2,0.5060,0.5070,0.4930,0.4940,1,1,1,1
1787431823543,122,2,0.5060,0.5070,0.4930,0.4940,1,1,1,1
1787431823954,124,2,0.8440,0.8450,0.1550,0.1560,1,1,1,1
1787431826154,122,2,0.5060,0.5070,0.4930,0.4940,1,1,1,1
1787431826154,124,2,0.8440,0.8450,0.1550,0.1560,1,1,1,1
1787431826357,124,2,0.8440,0.8450,0.1550,0.1560,1,1,1,1
1787431826435,122,2,0.5060,0.5070,0.4930,0.4940,1,1,1,1
1787431827589,123,2,0.4860,0.4870,0.5130,0.5140,1,1,1,1
1787431828099,122,2,0.5060,0.5070,0.4930,0.4940,1,1,1,1
1787431828148,122,2,0.5060,0.5070,0.4930,0.4940,1,1,1,1
1787431828485,124,2,0.8440,0.8450,0.1550,0.1560,1,1,1,1
1787431828585,124,2,0.8440,0.8450,0.1550,0.1560,1,1,1,1
1787431831375,124,2,0.8440,0.8450,0.1550,0.1560,1,1,1,1
1787431831786,123,2,0.4860,0.4870,0.5130,0.5140,1,1,1,1
1787431832705,122,2,0.5060,0.5070,0.4930,0.4940,1,1,1,1
1787431832748,122,2,0.5060,0.5070,0.4930,0.4940,1,1,1,1
1787431833175,124,2,0.8440,0.8450,0.1550,0.1560,1,1,1,1
1787431836056,123,2,0.4860,0.4870,0.5130,0.5140,1,1,1,1
1787431837007,122,2,0.5060,0.5070,0.4930,0.4940,1,1,1,1
1787431837071,122,2,0.5060,0.5070,0.4930,0.4940,1,1,1,1
1787431837519,124,2,0.8440,0.8450,0.1550,0.1560,1,1,1,1
1787431841272,123,2,0.4860,0.4870,0.5130,0.5140,1,1,1,1
1787431841817,123,2,0.4860,0.4870,0.5130,0.5140,1,1,1,1
1787431841974,123,2,0.4860,0.4870,0.5130,0.5140,1,1,1,1
1787431842278,122,2,0.5060,0.5070,0.4930,0.4940,1,1,1,1
1787431842636,124,2,0.8440,0.8450,0.1550,0.1560,1,1,1,1
1787431845506,124,2,0.8440,0.8450,0.1550,0.1560,1,1,1,1
1787431846937,123,2,0.4860,0.4870,0.5130,0.5140,1,1,1,1
1787431847756,122,2,0.5060,0.5070,0.4930,0.4940,1,1,1,1
1787431848166,124,2,0.8440,0.8450,0.1550,0.1560,1,1,1,1
1787431851141,123,2,0.4860,0.4870,0.5130,0.5140,1,1,1,1
1787431852058,122,2,0.5060,0.5070,0.4930,0.4940,1,1,1,1
1787431852098,122,2,0.5060,0.5070,0.4930,0.4940,1,1,1,1
1787431852630,124,2,0.8440,0.8450,0.1550,0.1560,1,1,1,1
1787431855956,123,2,0.4860,0.4870,0.5130,0.5140,1,1,1,1
1787431856873,122,2,0.5060,0.5070,0.4930,0.4940,1,1,1,1
1787431857488,124,2,0.8440,0.8450,0.1550,0.1560,1,1,1,1
1787431860660,123,2,0.4860,0.4870,0.5130,0.5140,1,1,1,1
1787431862297,122,2,0.5060,0.5070,0.4930,0.4940,1,1,1,1
1787431862361,124,2,0.8440,0.8450,0.1550,0.1560,1,1,1,1
1787431862510,122,2,0.5060,0.5070,0.4930,0.4940,1,1,1,1
1787431862717,124,2,0.8440,0.8450,0.1550,0.1560,1,1,1,1
1787431862732,122,2,0.5060,0.5070,0.4930,0.4940,1,1,1,1
1787431862883,124,2,0.8440,0.8450,0.1550,0.1560,1,1,1,1
1787431865167,123,2,0.4860,0.4870,0.5130,0.5140,1,1,1,1
1787431865777,122,2,0.5060,0.5070,0.4930,0.4940,1,1,1,1
1787431866156,124,2,0.8440,0.8450,0.1550,0.1560,1,1,1,1
1787431866267,124,1,0.8400,0.8500,0.1500,0.1600,382830,133915,133915,382830
1787431870123,123,2,0.4860,0.4870,0.5130,0.5140,1,1,1,1
1787431871722,122,2,0.5060,0.5070,0.4930,0.4940,1,1,1,1
1787431872028,122,2,0.5060,0.5070,0.4930,0.4940,1,1,1,1
1787431872069,124,2,0.8440,0.8450,0.1550,0.1560,1,1,1,1
1787431873670,124,2,0.8440,0.8450,0.1550,0.1560,1,1,1,1
1787431876537,123,2,0.4860,0.4870,0.5130,0.5140,1,1,1,1
1787431877661,122,2,0.5060,0.5070,0.4930,0.4940,1,1,1,1
1787431877966,124,2,0.8440,0.8450,0.1550,0.1560,1,1,1,1
1787431879914,123,2,0.4860,0.4870,0.5130,0.5140,1,1,1,1
1787431880219,123,2,0.4860,0.4870,0.5130,0.5140,1,1,1,1
1787431881437,123,2,0.4860,0.4870,0.5130,0.5140,1,1,1,1
1787431882263,122,2,0.5060,0.5070,0.4930,0.4940,1,1,1,1
1787431882780,124,2,0.8440,0.8450,0.1550,0.1560,1,1,1,1
1787431886366,123,2,0.4860,0.4870,0.5130,0.5140,1,1,1,1
1787431887155,122,2,0.5060,0.5070,0.4930,0.4940,1,1,1,1
1787431887270,122,2,0.5060,0.5070,0.4930,0.4940,1,1,1,1
1787431887998,124,2,0.8440,0.8450,0.1550,0.1560,1,1,1,1
1787431890251,123,2,0.4860,0.4870,0.5130,0.5140,1,1,1,1
1787431891266,122,2,0.5060,0.5070,0.4930,0.4940,1,1,1,1
1787431891788,124,2,0.8440,0.8450,0.1550,0.1560,1,1,1,1
1787431891810,124,2,0.8440,0.8450,0.1550,0.1560,1,1,1,1
1787431894758,124,2,0.8440,0.8450,0.1550,0.1560,1,1,1,1
1787431894911,124,2,0.8440,0.8450,0.1550,0.1560,1,1,1,1
1787431895886,122,2,0.5060,0.5070,0.4930,0.4940,1,1,1,1
1787431896395,123,2,0.4860,0.4870,0.5130,0.5140,1,1,1,1
1787431896423,124,2,0.8440,0.8450,0.1550,0.1560,1,1,1,1
1787431896510,124,2,0.8440,0.8450,0.1550,0.1560,1,1,1,1
1787431898341,122,2,0.5060,0.5070,0.4930,0.4940,1,1,1,1
1787431899018,124,2,0.8440,0.8450,0.1550,0.1560,1,1,1,1
1787431903154,123,2,0.4860,0.4870,0.5130,0.5140,1,1,1,1
1787431904010,122,2,0.5060,0.5070,0.4930,0.4940,1,1,1,1
1787431904139,122,2,0.5060,0.5070,0.4930,0.4940,1,1,1,1
1787431904925,124,2,0.8440,0.8450,0.1550,0.1560,1,1,1,1
1787431905882,123,2,0.4860,0.4870,0.5130,0.5140,1,1,1,1
1787431908171,124,2,0.8440,0.8450,0.1550,0.1560,1,1,1,1
1787431908386,123,2,0.4860,0.4870,0.5130,0.5140,1,1,1,1
1787431909890,123,2,0.4860,0.4870,0.5130,0.5140,1,1,1,1
1787431910213,123,2,0.4860,0.4870,0.5130,0.5140,1,1,1,1
1787431911124,122,2,0.5060,0.5070,0.4930,0.4940,1,1,1,1
1787431911283,122,2,0.5060,0.5070,0.4930,0.4940,1,1,1,1
1787431911590,124,2,0.8440,0.8450,0.1550,0.1560,1,1,1,1
1787431915646,123,2,0.4860,0.4870,0.5130,0.5140,1,1,1,1
1787431916471,122,2,0.5060,0.5070,0.4930,0.4940,1,1,1,1
1787431916665,122,2,0.5060,0.5070,0.4930,0.4940,1,1,1,1
1787431916843,124,2,0.8440,0.8450,0.1550,0.1560,1,1,1,1
1787431919847,123,2,0.4860,0.4870,0.5130,0.5140,1,1,1,1
1787431920459,122,2,0.5060,0.5070,0.4930,0.4940,1,1,1,1
1787431921067,124,2,0.8440,0.8450,0.1550,0.1560,1,1,1,1
1787431924350,123,2,0.4860,0.4870,0.5130,0.5140,1,1,1,1
1787431925989,122,2,0.5060,0.5070,0.4930,0.4940,1,1,1,1
1787431926094,122,2,0.5060,0.5070,0.4930,0.4940,1,1,1,1
1787431926368,124,2,0.8440,0.8450,0.1550,0.1560,1,1,1,1
1787431928985,124,2,0.8440,0.8450,0.1550,0.1560,1,1,1,1
1787431929075,122,2,0.5060,0.5070,0.4930,0.4940,1,1,1,1
1787431929113,124,2,0.8440,0.8450,0.1550,0.1560,1,1,1,1
1787431929207,122,2,0.5060,0.5070,0.4930,0.4940,1,1,1,1
1787431930186,123,2,0.4860,0.4870,0.5130,0.5140,1,1,1,1
1787431931108,122,2,0.5060,0.5070,0.4930,0.4940,1,1,1,1
1787431931314,122,2,0.5060,0.5070,0.4930,0.4940,1,1,1,1
1787431931682,124,2,0.8440,0.8450,0.1550,0.1560,1,1,1,1
1787431936741,123,2,0.4860,0.4870,0.5130,0.5140,1,1,1,1
1787431937457,122,2,0.5060,0.5070,0.4930,0.4940,1,1,1,1
1787431937488,122,2,0.5060,0.5070,0.4930,0.4940,1,1,1,1
1787431937968,124,2,0.8440,0.8450,0.1550,0.1560,1,1,1,1
1787431941860,123,2,0.4860,0.4870,0.5130,0.5140,1,1,1,1
1787431942969,122,2,0.5060,0.5070,0.4930,0.4940,1,1,1,1
1787431943049,123,2,0.4860,0.4870,0.5130,0.5140,1,1,1,1
1787431943151,123,2,0.4860,0.4870,0.5130,0.5140,1,1,1,1
1787431943602,124,2,0.8440,0.8450,0.1550,0.1560,1,1,1,1
1787431947699,123,2,0.4860,0.4870,0.5130,0.5140,1,1,1,1
1787431948680,122,2,0.5060,0.5070,0.4930,0.4940,1,1,1,1
1787431948947,124,2,0.8440,0.8450,0.1550,0.1560,1,1,1,1
1787431953431,123,2,0.4860,0.4870,0.5130,0.5140,1,1,1,1
1787431954350,122,2,0.5060,0.5070,0.4930,0.4940,1,1,1,1
1787431954660,124,2,0.8440,0.8450,0.1550,0.1560,1,1,1,1
1787431954707,124,2,0.8440,0.8450,0.1550,0.1560,1,1,1,1
1787431957528,123,2,0.4860,0.4870,0.5130,0.5140,1,1,1,1
1787431960291,122,2,0.5060,0.5070,0.4930,0.4940,1,1,1,1
1787431960396,122,2,0.5060,0.5070,0.4930,0.4940,1,1,1,1
1787431960714,124,2,0.8440,0.8450,0.1550,0.1560,1,1,1,1
1787431961931,122,2,0.5060,0.5070,0.4930,0.4940,1,1,1,1
1787431962297,122,2,0.5060,0.5070,0.4930,0.4940,1,1,1,1
1787431962321,124,2,0.8440,0.8450,0.1550,0.1560,1,1,1,1
1787431962430,124,2,0.8440,0.8450,0.1550,0.1560,1,1,1,1
1787431963466,123,2,0.4860,0.4870,0.5130,0.5140,1,1,1,1
1787431963796,122,2,0.5060,0.5070,0.4930,0.4940,1,1,1,1
1787431963824,124,2,0.8440,0.8450,0.1550,0.1560,1,1,1,1
1787431964036,124,2,0.8440,0.8450,0.1550,0.1560,1,1,1,1
1787431964490,124,2,0.8440,0.8450,0.1550,0.1560,1,1,1,1
1787431967971,123,2,0.4860,0.4870,0.5130,0.5140,1,1,1,1
1787431968893,122,2,0.5060,0.5070,0.4930,0.4940,1,1,1,1
1787431969057,122,2,0.5060,0.5070,0.4930,0.4940,1,1,1,1
1787431969175,124,2,0.8440,0.8450,0.1550,0.1560,1,1,1,1
1787431969179,124,2,0.8440,0.8450,0.1550,0.1560,1,1,1,1
1787431972279,123,2,0.4860,0.4870,0.5130,0.5140,1,1,1,1
1787431972888,123,2,0.4860,0.4870,0.5130,0.5140,1,1,1,1
1787431973297,122,2,0.5060,0.5070,0.4930,0.4940,1,1,1,1
1787431973329,122,2,0.5060,0.5070,0.4930,0.4940,1,1,1,1
1787431973341,123,2,0.4860,0.4870,0.5130,0.5140,1,1,1,1
1787431973707,124,2,0.8440,0.8450,0.1550,0.1560,1,1,1,1
1787431973939,123,2,0.4860,0.4870,0.5130,0.5140,1,1,1,1
1787431974143,123,2,0.4860,0.4870,0.5130,0.5140,1,1,1,1
1787431974730,123,2,0.4860,0.4870,0.5130,0.5140,1,1,1,1
1787431978010,123,2,0.4860,0.4870,0.5130,0.5140,1,1,1,1
1787431979134,122,2,0.5060,0.5070,0.4930,0.4940,1,1,1,1
1787431979251,124,2,0.8440,0.8450,0.1550,0.1560,1,1,1,1
1787431979346,124,2,0.8440,0.8450,0.1550,0.1560,1,1,1,1
1787431983129,123,2,0.4860,0.4870,0.5130,0.5140,1,1,1,1
1787431984355,122,2,0.5060,0.5070,0.4930,0.4940,1,1,1,1
1787431984356,122,2,0.5060,0.5070,0.4930,0.4940,1,1,1,1
1787431984663,124,2,0.8440,0.8450,0.1550,0.1560,1,1,1,1
1787431987530,123,2,0.4860,0.4870,0.5130,0.5140,1,1,1,1
1787431988409,122,2,0.5060,0.5070,0.4930,0.4940,1,1,1,1
1787431988864,124,2,0.8440,0.8450,0.1550,0.1560,1,1,1,1
1787431992757,123,2,0.4860,0.4870,0.5130,0.5140,1,1,1,1
1787431993697,122,2,0.5060,0.5070,0.4930,0.4940,1,1,1,1
1787431993758,122,2,0.5060,0.5070,0.4930,0.4940,1,1,1,1
1787431995209,124,2,0.8440,0.8450,0.1550,0.1560,1,1,1,1
1787431996030,122,2,0.5060,0.5070,0.4930,0.4940,1,1,1,1
1787431996134,122,2,0.5060,0.5070,0.4930,0.4940,1,1,1,1
1787431999498,123,2,0.4860,0.4870,0.5130,0.5140,1,1,1,1
1787432000739,124,2,0.8440,0.8450,0.1550,0.1560,1,1,1,1
1787432000944,124,2,0.8440,0.8450,0.1550,0.1560,1,1,1,1
1787432001722,122,2,0.5060,0.5070,0.4930,0.4940,1,1,1,1
1787432001837,122,2,0.5060,0.5070,0.4930,0.4940,1,1,1,1
1787432002097,124,2,0.8440,0.8450,0.1550,0.1560,1,1,1,1
1787432002190,124,2,0.8440,0.8450,0.1550,0.1560,1,1,1,1
1787432003994,123,2,0.4860,0.4870,0.5130,0.5140,1,1,1,1
1787432004866,122,2,0.5060,0.5070,0.4930,0.4940,1,1,1,1
1787432005335,123,2,0.4860,0.4870,0.5130,0.5140,1,1,1,1
1787432005345,123,2,0.4860,0.4870,0.5130,0.5140,1,1,1,1
1787432005355,123,2,0.4860,0.4870,0.5130,0.5140,1,1,1,1
1787432005684,124,2,0.8440,0.8450,0.1550,0.1560,1,1,1,1
1787432005894,123,2,0.4860,0.4870,0.5130,0.5140,1,1,1,1
1787432006195,123,2,0.4860,0.4870,0.5130,0.5140,1,1,1,1
1787432006692,123,2,0.4860,0.4870,0.5130,0.5140,1,1,1,1
1787432007308,123,2,0.4860,0.4870,0.5130,0.5140,1,1,1,1
1787432007404,123,2,0.4860,0.4870,0.5130,0.5140,1,1,1,1
1787432010296,123,2,0.4860,0.4870,0.5130,0.5140,1,1,1,1
1787432012120,122,2,0.5060,0.5070,0.4930,0.4940,1,1,1,1
1787432012934,124,2,0.8440,0.8450,0.1550,0.1560,1,1,1,1
1787432017433,123,2,0.4860,0.4870,0.5130,0.5140,1,1,1,1
1787432018385,122,2,0.5060,0.5070,0.4930,0.4940,1,1,1,1
1787432018766,124,2,0.8440,0.8450,0.1550,0.1560,1,1,1,1
1787432023781,123,2,0.4860,0.4870,0.5130,0.5140,1,1,1,1
1787432024087,122,2,0.5060,0.5070,0.4930,0.4940,1,1,1,1
1787432024104,122,2,0.5060,0.5070,0.4930,0.4940,1,1,1,1
1787432024497,124,2,0.8440,0.8450,0.1550,0.1560,1,1,1,1
1787432025807,122,2,0.5060,0.5070,0.4930,0.4940,1,1,1,1
1787432026015,122,2,0.5060,0.5070,0.4930,0.4940,1,1,1,1
1787432027056,123,2,0.4860,0.4870,0.5130,0.5140,1,1,1,1
1787432028320,122,2,0.5060,0.5070,0.4930,0.4940,1,1,1,1
1787432029105,124,2,0.8440,0.8450,0.1550,0.1560,1,1,1,1
1787432029260,124,2,0.8440,0.8450,0.1550,0.1560,1,1,1,1
1787432031666,124,2,0.8440,0.8450,0.1550,0.1560,1,1,1,1
1787432031743,124,2,0.8440,0.8450,0.1550,0.1560,1,1,1,1
1787432033507,123,2,0.4860,0.4870,0.5130,0.5140,1,1,1,1
1787432034326,122,2,0.5060,0.5070,0.4930,0.4940,1,1,1,1
1787432034326,122,2,0.5060,0.5070,0.4930,0.4940,1,1,1,1
1787432034667,124,2,0.8440,0.8450,0.1550,0.1560,1,1,1,1
1787432037755,123,2,0.4860,0.4870,0.5130,0.5140,1,1,1,1
1787432039960,122,2,0.5060,0.5070,0.4930,0.4940,1,1,1,1
1787432040046,122,2,0.5060,0.5070,0.4930,0.4940,1,1,1,1
1787432040339,124,2,0.8440,0.8450,0.1550,0.1560,1,1,1,1
1787432042316,123,2,0.4860,0.4870,0.5130,0.5140,1,1,1,1
1787432042317,123,2,0.4860,0.4870,0.5130,0.5140,1,1,1,1
1787432042367,123,2,0.4860,0.4870,0.5130,0.5140,1,1,1,1
1787432043133,123,2,0.4860,0.4870,0.5130,0.5140,1,1,1,1
1787432043133,123,2,0.4860,0.4870,0.5130,0.5140,1,1,1,1
1787432043739,122,2,0.5060,0.5070,0.4930,0.4940,1,1,1,1
1787432044361,124,2,0.8440,0.8450,0.1550,0.1560,1,1,1,1
1787432048662,123,2,0.4860,0.4870,0.5130,0.5140,1,1,1,1
1787432049378,122,2,0.5060,0.5070,0.4930,0.4940,1,1,1,1
1787432049993,124,2,0.8440,0.8450,0.1550,0.1560,1,1,1,1
1787432053985,123,2,0.4860,0.4870,0.5130,0.5140,1,1,1,1
1787432054703,122,2,0.5060,0.5070,0.4930,0.4940,1,1,1,1
1787432054908,122,2,0.5060,0.5070,0.4930,0.4940,1,1,1,1
1787432055216,124,2,0.8440,0.8450,0.1550,0.1560,1,1,1,1
1787432058555,122,2,0.5060,0.5070,0.4930,0.4940,1,1,1,1
1787432059516,123,2,0.4860,0.4870,0.5130,0.5140,1,1,1,1
1787432060480,122,2,0.5060,0.5070,0.4930,0.4940,1,1,1,1
1787432060847,124,2,0.8440,0.8450,0.1550,0.1560,1,1,1,1
1787432060909,124,2,0.8440,0.8450,0.1550,0.1560,1,1,1,1
1787432062895,124,2,0.8440,0.8450,0.1550,0.1560,1,1,1,1
1787432062905,124,2,0.8440,0.8450,0.1550,0.1560,1,1,1,1
1787432063513,123,2,0.4860,0.4870,0.5130,0.5140,1,1,1,1
1787432063605,124,2,0.8440,0.8450,0.1550,0.1560,1,1,1,1
1787432064102,122,2,0.5060,0.5070,0.4930,0.4940,1,1,1,1
1787432064267,122,2,0.5060,0.5070,0.4930,0.4940,1,1,1,1
1787432064637,124,2,0.8440,0.8450,0.1550,0.1560,1,1,1,1
1787432065966,124,2,0.8440,0.8450,0.1550,0.1560,1,1,1,1
1787432068014,123,2,0.4860,0.4870,0.5130,0.5140,1,1,1,1
1787432068833,122,2,0.5060,0.5070,0.4930,0.4940,1,1,1,1
1787432068939,122,2,0.5060,0.5070,0.4930,0.4940,1,1,1,1
1787432069242,124,2,0.8440,0.8450,0.1550,0.1560,1,1,1,1
1787432072726,123,2,0.4860,0.4870,0.5130,0.5140,1,1,1,1
1787432072931,122,2,0.5060,0.5070,0.4930,0.4940,1,1,1,1
1787432073444,122,2,0.5060,0.5070,0.4930,0.4940,1,1,1,1
1787432074261,124,2,0.8440,0.8450,0.1550,0.1560,1,1,1,1
1787432075082,123,2,0.4860,0.4870,0.5130,0.5140,1,1,1,1
1787432075593,123,2,0.4860,0.4870,0.5130,0.5140,1,1,1,1
1787432076173,123,2,0.4860,0.4870,0.5130,0.5140,1,1,1,1
1787432076821,123,2,0.4860,0.4870,0.5130,0.5140,1,1,1,1
1787432077133,123,2,0.4860,0.4870,0.5130,0.5140,1,1,1,1
1787432077846,123,2,0.4860,0.4870,0.5130,0.5140,1,1,1,1
1787432078048,123,2,0.4860,0.4870,0.5130,0.5140,1,1,1,1
1787432078974,122,2,0.5060,0.5070,0.4930,0.4940,1,1,1,1
1787432079037,123,2,0.4860,0.4870,0.5130,0.5140,1,1,1,1
1787432079279,122,2,0.5060,0.5070,0.4930,0.4940,1,1,1,1
1787432079280,123,2,0.4860,0.4870,0.5130,0.5140,1,1,1,1
1787432079688,123,2,0.4860,0.4870,0.5130,0.5140,1,1,1,1
1787432080303,124,2,0.8440,0.8450,0.1550,0.1560,1,1,1,1
1787432080303,123,2,0.4860,0.4870,0.5130,0.5140,1,1,1,1
1787432080331,124,2,0.8440,0.8450,0.1550,0.1560,1,1,1,1
1787432080333,123,2,0.4860,0.4870,0.5130,0.5140,1,1,1,1
1787432082862,123,2,0.4860,0.4870,0.5130,0.5140,1,1,1,1
1787432083785,122,2,0.5060,0.5070,0.4930,0.4940,1,1,1,1
1787432084195,124,2,0.8440,0.8450,0.1550,0.1560,1,1,1,1
1787432087266,123,2,0.4860,0.4870,0.5130,0.5140,1,1,1,1
1787432087906,122,2,0.5060,0.5070,0.4930,0.4940,1,1,1,1
1787432087906,122,2,0.5060,0.5070,0.4930,0.4940,1,1,1,1
1787432088113,122,2,0.5060,0.5070,0.4930,0.4940,1,1,1,1
1787432088699,124,2,0.8440,0.8450,0.1550,0.1560,1,1,1,1
1787432091872,123,2,0.4860,0.4870,0.5130,0.5140,1,1,1,1
1787432092594,122,2,0.5060,0.5070,0.4930,0.4940,1,1,1,1
1787432093000,124,2,0.8440,0.8450,0.1550,0.1560,1,1,1,1
1787432093052,124,2,0.8440,0.8450,0.1550,0.1560,1,1,1,1
1787432097198,123,2,0.4860,0.4870,0.5130,0.5140,1,1,1,1
1787432097199,123,2,0.4860,0.4870,0.5130,0.5140,1,1,1,1
1787432098735,122,2,0.5060,0.5070,0.4930,0.4940,1,1,1,1
1787432098840,122,2,0.5060,0.5070,0.4930,0.4940,1,1,1,1
1787432099279,124,2,0.8440,0.8450,0.1550,0.1560,1,1,1,1
1787432099475,124,2,0.8440,0.8450,0.1550,0.1560,1,1,1,1
1787432099575,124,2,0.8440,0.8450,0.1550,0.1560,1,1,1,1
1787432104267,123,2,0.4860,0.4870,0.5130,0.5140,1,1,1,1
1787432105392,122,2,0.5060,0.5070,0.4930,0.4940,1,1,1,1
1787432105468,124,2,0.8440,0.8450,0.1550,0.1560,1,1,1,1
1787432105699,124,2,0.8440,0.8450,0.1550,0.1560,1,1,1,1
1787432108032,123,2,0.4860,0.4870,0.5130,0.5140,1,1,1,1
1787432108978,122,2,0.5060,0.5070,0.4930,0.4940,1,1,1,1
1787432109387,124,2,0.8440,0.8450,0.1550,0.1560,1,1,1,1
1787432112971,123,2,0.4860,0.4870,0.5130,0.5140,1,1,1,1
1787432114098,123,2,0.4860,0.4870,0.5130,0.5140,1,1,1,1
1787432114120,123,2,0.4860,0.4870,0.5130,0.5140,1,1,1,1
1787432115019,122,2,0.5060,0.5070,0.4930,0.4940,1,1,1,1
1787432115019,122,2,0.5060,0.5070,0.4930,0.4940,1,1,1,1
1787432115430,124,2,0.8440,0.8450,0.1550,0.1560,1,1,1,1
1787432118294,123,2,0.4860,0.4870,0.5130,0.5140,1,1,1,1
1787432119213,122,2,0.5060,0.5070,0.4930,0.4940,1,1,1,1
1787432119266,122,2,0.5060,0.5070,0.4930,0.4940,1,1,1,1
1787432119521,124,2,0.8440,0.8450,0.1550,0.1560,1,1,1,1
1787432120339,122,2,0.5060,0.5070,0.4930,0.4940,1,1,1,1
1787432120371,122,2,0.5060,0.5070,0.4930,0.4940,1,1,1,1
1787432123028,123,2,0.4860,0.4870,0.5130,0.5140,1,1,1,1
1787432123029,123,2,0.4860,0.4870,0.5130,0.5140,1,1,1,1
1787432123679,122,2,0.5060,0.5070,0.4930,0.4940,1,1,1,1
1787432123777,122,2,0.5060,0.5070,0.4930,0.4940,1,1,1,1
1787432124231,124,2,0.8440,0.8450,0.1550,0.1560,1,1,1,1
1787432127946,123,2,0.4860,0.4870,0.5130,0.5140,1,1,1,1
1787432128896,122,2,0.5060,0.5070,0.4930,0.4940,1,1,1,1
1787432129074,122,2,0.5060,0.5070,0.4930,0.4940,1,1,1,1
1787432130482,124,2,0.8440,0.8450,0.1550,0.1560,1,1,1,1
1787432131405,124,2,0.8440,0.8450,0.1550,0.1560,1,1,1,1
1787432131441,124,2,0.8440,0.8450,0.1550,0.1560,1,1,1,1
1787432134576,123,2,0.4860,0.4870,0.5130,0.5140,1,1,1,1
1787432135396,122,2,0.5060,0.5070,0.4930,0.4940,1,1,1,1
1787432135404,122,2,0.5060,0.5070,0.4930,0.4940,1,1,1,1
1787432135703,124,2,0.8440,0.8450,0.1550,0.1560,1,1,1,1
1787432138778,123,2,0.4860,0.4870,0.5130,0.5140,1,1,1,1
1787432138778,123,2,0.4860,0.4870,0.5130,0.5140,1,1,1,1
1787432139186,123,3,0.4800,0.4900,0.5100,0.5200,1086,1882,1882,1086
1787432139696,122,2,0.5060,0.5070,0.4930,0.4940,1,1,1,1
1787432139774,122,2,0.5060,0.5070,0.4930,0.4940,1,1,1,1
1787432140214,124,2,0.8440,0.8450,0.1550,0.1560,1,1,1,1
1787432143793,123,2,0.4860,0.4870,0.5130,0.5140,1,1,1,1
1787432144307,123,2,0.4860,0.4870,0.5130,0.5140,1,1,1,1
1787432144386,123,2,0.4860,0.4870,0.5130,0.5140,1,1,1,1
1787432144814,122,2,0.5060,0.5070,0.4930,0.4940,1,1,1,1
1787432144818,122,2,0.5060,0.5070,0.4930,0.4940,1,1,1,1
1787432145172,124,2,0.8440,0.8450,0.1550,0.1560,1,1,1,1
1787432148706,123,2,0.4860,0.4870,0.5130,0.5140,1,1,1,1
1787432149324,122,2,0.5060,0.5070,0.4930,0.4940,1,1,1,1
1787432149435,122,2,0.5060,0.5070,0.4930,0.4940,1,1,1,1
1787432149623,122,2,0.5060,0.5070,0.4930,0.4940,1,1,1,1
1787432149671,124,2,0.8440,0.8450,0.1550,0.1560,1,1,1,1
1787432153927,123,2,0.4860,0.4870,0.5130,0.5140,1,1,1,1
1787432154746,122,2,0.5060,0.5070,0.4930,0.4940,1,1,1,1
1787432155259,124,2,0.8440,0.8450,0.1550,0.1560,1,1,1,1
1787432157511,123,2,0.4860,0.4870,0.5130,0.5140,1,1,1,1
1787432158127,122,2,0.5060,0.5070,0.4930,0.4940,1,1,1,1
1787432158242,122,2,0.5060,0.5070,0.4930,0.4940,1,1,1,1
1787432158490,124,2,0.8440,0.8450,0.1550,0.1560,1,1,1,1
1787432161215,124,2,0.8440,0.8450,0.1550,0.1560,1,1,1,1
1787432161289,124,2,0.8440,0.8450,0.1550,0.1560,1,1,1,1
1787432161607,123,2,0.4860,0.4870,0.5130,0.5140,1,1,1,1
1787432162632,122,2,0.5060,0.5070,0.4930,0.4940,1,1,1,1
1787432163001,124,2,0.8440,0.8450,0.1550,0.1560,1,1,1,1
1787432163093,124,2,0.8440,0.8450,0.1550,0.1560,1,1,1,1
1787432163450,123,3,0.4800,0.4900,0.5100,0.5200,1086,1632,1632,1086
1787432166547,123,2,0.4860,0.4870,0.5130,0.5140,1,1,1,1
1787432167648,122,2,0.5060,0.5070,0.4930,0.4940,1,1,1,1
1787432168058,124,2,0.8440,0.8450,0.1550,0.1560,1,1,1,1
1787432168059,124,2,0.8440,0.8450,0.1550,0.1560,1,1,1,1
1787432171573,123,2,0.4860,0.4870,0.5130,0.5140,1,1,1,1
1787432172564,122,2,0.5060,0.5070,0.4930,0.4940,1,1,1,1
1787432173485,124,2,0.8440,0.8450,0.1550,0.1560,1,1,1,1
1787432176149,123,2,0.4860,0.4870,0.5130,0.5140,1,1,1,1
1787432176762,122,2,0.5060,0.5070,0.4930,0.4940,1,1,1,1
1787432176775,122,2,0.5060,0.5070,0.4930,0.4940,1,1,1,1
1787432177378,124,2,0.8440,0.8450,0.1550,0.1560,1,1,1,1
1787432179528,123,2,0.4860,0.4870,0.5130,0.5140,1,1,1,1
1787432179579,122,2,0.5060,0.5070,0.4930,0.4940,1,1,1,1
1787432179655,123,2,0.4860,0.4870,0.5130,0.5140,1,1,1,1
1787432180139,122,2,0.5060,0.5070,0.4930,0.4940,1,1,1,1
1787432180961,123,2,0.4860,0.4870,0.5130,0.5140,1,1,1,1
1787432181985,122,2,0.5060,0.5070,0.4930,0.4940,1,1,1,1
1787432182807,124,2,0.8440,0.8450,0.1550,0.1560,1,1,1,1
1787432187068,123,2,0.4860,0.4870,0.5130,0.5140,1,1,1,1
1787432188128,122,2,0.5060,0.5070,0.4930,0.4940,1,1,1,1
1787432188129,122,2,0.5060,0.5070,0.4930,0.4940,1,1,1,1
1787432188770,124,2,0.8440,0.8450,0.1550,0.1560,1,1,1,1
1787432192121,124,2,0.8440,0.8450,0.1550,0.1560,1,1,1,1
1787432193044,123,2,0.4860,0.4870,0.5130,0.5140,1,1,1,1
1787432193863,122,2,0.5060,0.5070,0.4930,0.4940,1,1,1,1
1787432194271,124,2,0.8440,0.8450,0.1550,0.1560,1,1,1,1
1787432194271,124,2,0.8440,0.8450,0.1550,0.1560,1,1,1,1
1787432197549,123,2,0.4860,0.4870,0.5130,0.5140,1,1,1,1
1787432198556,122,2,0.5060,0.5070,0.4930,0.4940,1,1,1,1
1787432198880,124,2,0.8440,0.8450,0.1550,0.1560,1,1,1,1
1787432202259,123,2,0.4860,0.4870,0.5130,0.5140,1,1,1,1
1787432203180,122,2,0.5060,0.5070,0.4930,0.4940,1,1,1,1
1787432203592,124,2,0.8440,0.8450,0.1550,0.1560,1,1,1,1
1787432203593,124,2,0.8440,0.8450,0.1550,0.1560,1,1,1,1
1787432207054,123,2,0.4860,0.4870,0.5130,0.5140,1,1,1,1
1787432208132,122,2,0.5060,0.5070,0.4930,0.4940,1,1,1,1
1787432208465,124,2,0.8440,0.8450,0.1550,0.1560,1,1,1,1
1787432208588,124,2,0.8440,0.8450,0.1550,0.1560,1,1,1,1
1787432211634,123,2,0.4860,0.4870,0.5130,0.5140,1,1,1,1
1787432212090,122,2,0.5060,0.5070,0.4930,0.4940,1,1,1,1
1787432212091,122,2,0.5060,0.5070,0.4930,0.4940,1,1,1,1
1787432212500,122,2,0.5060,0.5070,0.4930,0.4940,1,1,1,1
1787432212500,122,2,0.5060,0.5070,0.4930,0.4940,1,1,1,1
1787432212808,124,2,0.8440,0.8450,0.1550,0.1560,1,1,1,1
1787432212908,124,2,0.8440,0.8450,0.1550,0.1560,1,1,1,1
1787432214812,123,2,0.4860,0.4870,0.5130,0.5140,1,1,1,1
1787432214911,123,2,0.4860,0.4870,0.5130,0.5140,1,1,1,1
1787432216082,123,2,0.4860,0.4870,0.5130,0.5140,1,1,1,1
1787432216787,122,2,0.5060,0.5070,0.4930,0.4940,1,1,1,1
1787432216952,122,2,0.5060,0.5070,0.4930,0.4940,1,1,1,1
1787432217222,124,2,0.8440,0.8450,0.1550,0.1560,1,1,1,1
1787432221920,123,2,0.4860,0.4870,0.5130,0.5140,1,1,1,1
1787432221923,123,2,0.4860,0.4870,0.5130,0.5140,1,1,1,1
1787432222739,122,2,0.5060,0.5070,0.4930,0.4940,1,1,1,1
1787432222944,122,2,0.5060,0.5070,0.4930,0.4940,1,1,1,1
1787432223030,124,2,0.8440,0.8450,0.1550,0.1560,1,1,1,1
1787432225402,123,2,0.4860,0.4870,0.5130,0.5140,1,1,1,1
1787432225935,124,2,0.8440,0.8450,0.1550,0.1560,1,1,1,1
1787432226077,122,2,0.5060,0.5070,0.4930,0.4940,1,1,1,1
1787432226523,124,2,0.8440,0.8450,0.1550,0.1560,1,1,1,1
1787432229606,123,2,0.4860,0.4870,0.5130,0.5140,1,1,1,1
1787432229641,123,2,0.4860,0.4870,0.5130,0.5140,1,1,1,1
1787432229746,123,2,0.4860,0.4870,0.5130,0.5140,1,1,1,1
1787432230008,123,2,0.4860,0.4870,0.5130,0.5140,1,1,1,1
1787432230418,123,2,0.4860,0.4870,0.5130,0.5140,1,1,1,1
1787432231127,122,2,0.5060,0.5070,0.4930,0.4940,1,1,1,1
1787432231435,124,2,0.8440,0.8450,0.1550,0.1560,1,1,1,1
1787432231533,124,2,0.8440,0.8450,0.1550,0.1560,1,1,1,1
1787432235334,123,2,0.4860,0.4870,0.5130,0.5140,1,1,1,1
1787432235344,123,2,0.4860,0.4870,0.5130,0.5140,1,1,1,1
1787432235745,123,2,0.4860,0.4870,0.5130,0.5140,1,1,1,1
1787432236358,122,2,0.5060,0.5070,0.4930,0.4940,1,1,1,1
1787432237265,124,2,0.8440,0.8450,0.1550,0.1560,1,1,1,1
1787432237292,123,2,0.4860,0.4870,0.5130,0.5140,1,1,1,1
1787432237586,123,2,0.4860,0.4870,0.5130,0.5140,1,1,1,1
1787432239191,123,2,0.4860,0.4870,0.5130,0.5140,1,1,1,1
1787432240966,123,2,0.4860,0.4870,0.5130,0.5140,1,1,1,1
1787432242707,122,2,0.5060,0.5070,0.4930,0.4940,1,1,1,1
1787432242848,124,2,0.8440,0.8450,0.1550,0.1560,1,1,1,1
1787432245308,122,2,0.5060,0.5070,0.4930,0.4940,1,1,1,1
1787432245407,122,2,0.5060,0.5070,0.4930,0.4940,1,1,1,1
1787432246574,123,2,0.4860,0.4870,0.5130,0.5140,1,1,1,1
1787432246680,123,2,0.4860,0.4870,0.5130,0.5140,1,1,1,1
1787432246772,123,2,0.4860,0.4870,0.5130,0.5140,1,1,1,1
1787432247184,123,2,0.4860,0.4870,0.5130,0.5140,1,1,1,1
1787432247727,123,2,0.4860,0.4870,0.5130,0.5140,1,1,1,1
1787432247728,122,2,0.5060,0.5070,0.4930,0.4940,1,1,1,1
1787432247762,122,2,0.5060,0.5070,0.4930,0.4940,1,1,1,1
1787432247777,123,2,0.4860,0.4870,0.5130,0.5140,1,1,1,1
1787432247987,124,2,0.8440,0.8450,0.1550,0.1560,1,1,1,1
1787432248060,124,2,0.8440,0.8450,0.1550,0.1560,1,1,1,1
1787432248072,123,2,0.4860,0.4870,0.5130,0.5140,1,1,1,1
1787432248174,123,2,0.4860,0.4870,0.5130,0.5140,1,1,1,1
1787432249368,123,2,0.4860,0.4870,0.5130,0.5140,1,1,1,1
1787432249483,123,2,0.4860,0.4870,0.5130,0.5140,1,1,1,1
1787432251619,123,2,0.4860,0.4870,0.5130,0.5140,1,1,1,1
1787432252334,123,2,0.4860,0.4870,0.5130,0.5140,1,1,1,1
1787432252335,122,2,0.5060,0.5070,0.4930,0.4940,1,1,1,1
1787432252384,123,2,0.4860,0.4870,0.5130,0.5140,1,1,1,1
1787432252538,122,2,0.5060,0.5070,0.4930,0.4940,1,1,1,1
1787432252747,123,2,0.4860,0.4870,0.5130,0.5140,1,1,1,1
1787432252767,124,2,0.8440,0.8450,0.1550,0.1560,1,1,1,1
1787432256328,123,2,0.4860,0.4870,0.5130,0.5140,1,1,1,1
1787432256947,122,2,0.5060,0.5070,0.4930,0.4940,1,1,1,1
1787432257030,122,2,0.5060,0.5070,0.4930,0.4940,1,1,1,1
1787432257474,124,2,0.8440,0.8450,0.1550,0.1560,1,1,1,1
1787432258170,123,2,0.4860,0.4870,0.5130,0.5140,1,1,1,1
1787432258889,124,2,0.8440,0.8450,0.1550,0.1560,1,1,1,1
1787432258979,124,2,0.8440,0.8450,0.1550,0.1560,1,1,1,1
1787432261139,123,2,0.4860,0.4870,0.5130,0.5140,1,1,1,1
1787432262265,124,2,0.8440,0.8450,0.1550,0.1560,1,1,1,1
1787432262297,124,2,0.8440,0.8450,0.1550,0.1560,1,1,1,1
1787432262571,122,2,0.5060,0.5070,0.4930,0.4940,1,1,1,1
1787432262642,122,2,0.5060,0.5070,0.4930,0.4940,1,1,1,1
1787432263086,124,2,0.8440,0.8450,0.1550,0.1560,1,1,1,1
1787432263086,124,2,0.8440,0.8450,0.1550,0.1560,1,1,1,1
1787432266256,122,1,0.5300,0.5400,0.4600,0.4700,6635,16771,16771,6635
1787432266875,122,2,0.5060,0.5070,0.4930,0.4940,1,1,1,1
1787432267317,123,2,0.4860,0.4870,0.5130,0.5140,1,1,1,1
1787432267397,122,2,0.5060,0.5070,0.4930,0.4940,1,1,1,1
1787432267403,122,2,0.5060,0.5070,0.4930,0.4940,1,1,1,1
1787432267912,124,2,0.8440,0.8450,0.1550,0.1560,1,1,1,1
1787432271692,123,2,0.4860,0.4870,0.5130,0.5140,1,1,1,1
1787432272404,123,2,0.4860,0.4870,0.5130,0.5140,1,1,1,1
1787432272614,123,2,0.4860,0.4870,0.5130,0.5140,1,1,1,1
1787432272920,123,2,0.4860,0.4870,0.5130,0.5140,1,1,1,1
1787432273567,122,2,0.5060,0.5070,0.4930,0.4940,1,1,1,1
1787432273943,122,2,0.5060,0.5070,0.4930,0.4940,1,1,1,1
1787432274017,124,2,0.8440,0.8450,0.1550,0.1560,1,1,1,1
1787432276448,123,2,0.4860,0.4870,0.5130,0.5140,1,1,1,1
1787432276545,123,2,0.4860,0.4870,0.5130,0.5140,1,1,1,1
1787432277149,123,2,0.4860,0.4870,0.5130,0.5140,1,1,1,1
1787432278140,122,2,0.5060,0.5070,0.4930,0.4940,1,1,1,1
1787432278141,122,2,0.5060,0.5070,0.4930,0.4940,1,1,1,1
1787432278301,123,2,0.4860,0.4870,0.5130,0.5140,1,1,1,1
1787432278759,124,2,0.8440,0.8450,0.1550,0.1560,1,1,1,1
1787432283261,123,2,0.4860,0.4870,0.5130,0.5140,1,1,1,1
1787432283261,122,2,0.5060,0.5070,0.4930,0.4940,1,1,1,1
1787432284384,122,2,0.5060,0.5070,0.4930,0.4940,1,1,1,1
1787432284442,124,2,0.8440,0.8450,0.1550,0.1560,1,1,1,1
1787432288281,123,2,0.4860,0.4870,0.5130,0.5140,1,1,1,1
1787432289714,122,2,0.5060,0.5070,0.4930,0.4940,1,1,1,1
1787432290013,122,2,0.5060,0.5070,0.4930,0.4940,1,1,1,1
1787432291457,124,2,0.8440,0.8450,0.1550,0.1560,1,1,1,1
1787432294313,123,2,0.4860,0.4870,0.5130,0.5140,1,1,1,1
1787432294622,124,2,0.8440,0.8450,0.1550,0.1560,1,1,1,1
1787432294653,124,2,0.8440,0.8450,0.1550,0.1560,1,1,1,1
1787432295372,123,2,0.4860,0.4870,0.5130,0.5140,1,1,1,1
1787432295381,123,2,0.4860,0.4870,0.5130,0.5140,1,1,1,1
1787432295852,122,2,0.5060,0.5070,0.4930,0.4940,1,1,1,1
1787432295852,123,2,0.4860,0.4870,0.5130,0.5140,1,1,1,1
1787432295853,122,2,0.5060,0.5070,0.4930,0.4940,1,1,1,1
1787432296363,124,2,0.8440,0.8450,0.1550,0.1560,1,1,1,1
1787432298316,122,2,0.5060,0.5070,0.4930,0.4940,1,1,1,1
1787432298616,122,2,0.5060,0.5070,0.4930,0.4940,1,1,1,1
1787432300972,123,2,0.4860,0.4870,0.5130,0.5140,1,1,1,1
1787432300972,123,2,0.4860,0.4870,0.5130,0.5140,1,1,1,1
1787432301721,122,2,0.5060,0.5070,0.4930,0.4940,1,1,1,1
1787432302089,124,2,0.8440,0.8450,0.1550,0.1560,1,1,1,1
1787432305200,123,2,0.4860,0.4870,0.5130,0.5140,1,1,1,1
1787432306070,122,2,0.5060,0.5070,0.4930,0.4940,1,1,1,1
1787432306585,124,2,0.8440,0.8450,0.1550,0.1560,1,1,1,1
1787432310010,123,2,0.4860,0.4870,0.5130,0.5140,1,1,1,1
1787432310510,123,2,0.4860,0.4870,0.5130,0.5140,1,1,1,1
1787432310716,123,2,0.4860,0.4870,0.5130,0.5140,1,1,1,1
1787432311230,122,2,0.5060,0.5070,0.4930,0.4940,1,1,1,1
1787432311313,123,2,0.4860,0.4870,0.5130,0.5140,1,1,1,1
1787432311622,124,2,0.8440,0.8450,0.1550,0.1560,1,1,1,1
1787432311712,123,2,0.4860,0.4870,0.5130,0.5140,1,1,1,1
1787432312443,123,2,0.4860,0.4870,0.5130,0.5140,1,1,1,1
1787432312853,123,2,0.4860,0.4870,0.5130,0.5140,1,1,1,1
1787432314285,123,2,0.4860,0.4870,0.5130,0.5140,1,1,1,1
1787432314490,123,2,0.4860,0.4870,0.5130,0.5140,1,1,1,1
1787432314634,123,2,0.4860,0.4870,0.5130,0.5140,1,1,1,1
1787432314730,123,2,0.4860,0.4870,0.5130,0.5140,1,1,1,1
1787432315206,123,2,0.4860,0.4870,0.5130,0.5140,1,1,1,1
1787432315226,123,2,0.4860,0.4870,0.5130,0.5140,1,1,1,1
1787432315872,123,2,0.4860,0.4870,0.5130,0.5140,1,1,1,1
1787432315872,123,2,0.4860,0.4870,0.5130,0.5140,1,1,1,1
1787432317051,122,2,0.5060,0.5070,0.4930,0.4940,1,1,1,1
1787432317051,123,2,0.4860,0.4870,0.5130,0.5140,1,1,1,1
1787432317561,124,2,0.8440,0.8450,0.1550,0.1560,1,1,1,1
1787432317593,124,2,0.8440,0.8450,0.1550,0.1560,1,1,1,1
1787432321455,123,2,0.4860,0.4870,0.5130,0.5140,1,1,1,1
1787432322784,122,2,0.5060,0.5070,0.4930,0.4940,1,1,1,1
1787432322910,123,2,0.4860,0.4870,0.5130,0.5140,1,1,1,1
1787432323024,124,2,0.8440,0.8450,0.1550,0.1560,1,1,1,1
1787432325898,123,2,0.4860,0.4870,0.5130,0.5140,1,1,1,1
1787432327086,122,2,0.5060,0.5070,0.4930,0.4940,1,1,1,1
1787432327177,124,2,0.8440,0.8450,0.1550,0.1560,1,1,1,1
1787432327193,124,2,0.8440,0.8450,0.1550,0.1560,1,1,1,1
1787432327410,124,2,0.8440,0.8450,0.1550,0.1560,1,1,1,1
1787432328006,124,2,0.8440,0.8450,0.1550,0.1560,1,1,1,1
1787432328722,124,2,0.8440,0.8450,0.1550,0.1560,1,1,1,1
1787432330154,123,2,0.4860,0.4870,0.5130,0.5140,1,1,1,1
1787432330308,124,2,0.8440,0.8450,0.1550,0.1560,1,1,1,1
1787432330776,122,2,0.5060,0.5070,0.4930,0.4940,1,1,1,1
1787432330972,122,2,0.5060,0.5070,0.4930,0.4940,1,1,1,1
1787432331050,123,2,0.4860,0.4870,0.5130,0.5140,1,1,1,1
1787432331148,123,2,0.4860,0.4870,0.5130,0.5140,1,1,1,1
1787432331879,122,2,0.5060,0.5070,0.4930,0.4940,1,1,1,1
1787432332406,124,2,0.8440,0.8450,0.1550,0.1560,1,1,1,1
1787432332515,124,2,0.8440,0.8450,0.1550,0.1560,1,1,1,1
1787432334249,123,2,0.4860,0.4870,0.5130,0.5140,1,1,1,1
1787432335899,123,2,0.4860,0.4870,0.5130,0.5140,1,1,1,1
1787432336220,122,2,0.5060,0.5070,0.4930,0.4940,1,1,1,1
1787432336494,123,2,0.4860,0.4870,0.5130,0.5140,1,1,1,1
1787432336506,122,2,0.5060,0.5070,0.4930,0.4940,1,1,1,1
1787432336698,122,2,0.5060,0.5070,0.4930,0.4940,1,1,1,1
1787432336818,124,2,0.8440,0.8450,0.1550,0.1560,1,1,1,1
1787432336853,123,2,0.4860,0.4870,0.5130,0.5140,1,1,1,1
1787432336925,124,2,0.8440,0.8450,0.1550,0.1560,1,1,1,1
1787432338078,122,2,0.5060,0.5070,0.4930,0.4940,1,1,1,1
1787432340704,123,2,0.4860,0.4870,0.5130,0.5140,1,1,1,1
1787432340704,123,2,0.4860,0.4870,0.5130,0.5140,1,1,1,1
1787432341597,122,2,0.5060,0.5070,0.4930,0.4940,1,1,1,1
1787432342045,123,2,0.4860,0.4870,0.5130,0.5140,1,1,1,1
1787432342202,124,2,0.8440,0.8450,0.1550,0.1560,1,1,1,1
1787432342247,124,2,0.8440,0.8450,0.1550,0.1560,1,1,1,1
1787432344799,123,2,0.4860,0.4870,0.5130,0.5140,1,1,1,1
1787432345216,123,2,0.4860,0.4870,0.5130,0.5140,1,1,1,1
1787432345328,123,2,0.4860,0.4870,0.5130,0.5140,1,1,1,1
1787432345381,123,2,0.4860,0.4870,0.5130,0.5140,1,1,1,1
1787432345823,122,2,0.5060,0.5070,0.4930,0.4940,1,1,1,1
1787432346136,124,2,0.8440,0.8450,0.1550,0.1560,1,1,1,1
1787432346342,124,2,0.8440,0.8450,0.1550,0.1560,1,1,1,1
1787432346385,123,2,0.4860,0.4870,0.5130,0.5140,1,1,1,1
1787432347053,123,2,0.4860,0.4870,0.5130,0.5140,1,1,1,1
1787432347359,123,2,0.4860,0.4870,0.5130,0.5140,1,1,1,1
1787432348177,123,2,0.4860,0.4870,0.5130,0.5140,1,1,1,1
1787432348690,123,2,0.4860,0.4870,0.5130,0.5140,1,1,1,1
1787432349304,123,2,0.4860,0.4870,0.5130,0.5140,1,1,1,1
1787432349524,123,2,0.4860,0.4870,0.5130,0.5140,1,1,1,1
1787432349904,123,2,0.4860,0.4870,0.5130,0.5140,1,1,1,1
1787432350431,123,2,0.4860,0.4870,0.5130,0.5140,1,1,1,1
1787432350431,122,2,0.5060,0.5070,0.4930,0.4940,1,1,1,1
1787432350636,123,2,0.4860,0.4870,0.5130,0.5140,1,1,1,1
1787432350840,123,2,0.4860,0.4870,0.5130,0.5140,1,1,1,1
1787432351250,124,2,0.8440,0.8450,0.1550,0.1560,1,1,1,1
1787432351867,123,2,0.4860,0.4870,0.5130,0.5140,1,1,1,1
1787432352683,123,2,0.4860,0.4870,0.5130,0.5140,1,1,1,1
1787432352685,123,2,0.4860,0.4870,0.5130,0.5140,1,1,1,1
1787432352892,123,2,0.4860,0.4870,0.5130,0.5140,1,1,1,1
1787432353595,123,2,0.4860,0.4870,0.5130,0.5140,1,1,1,1
1787432354101,123,2,0.4860,0.4870,0.5130,0.5140,1,1,1,1
1787432354731,123,2,0.4860,0.4870,0.5130,0.5140,1,1,1,1
1787432354829,123,2,0.4860,0.4870,0.5130,0.5140,1,1,1,1
1787432354915,123,2,0.4860,0.4870,0.5130,0.5140,1,1,1,1
1787432356395,123,2,0.4860,0.4870,0.5130,0.5140,1,1,1,1
1787432356431,122,2,0.5060,0.5070,0.4930,0.4940,1,1,1,1
1787432356530,122,2,0.5060,0.5070,0.4930,0.4940,1,1,1,1
1787432356767,124,2,0.8440,0.8450,0.1550,0.1560,1,1,1,1
1787432356846,124,2,0.8440,0.8450,0.1550,0.1560,1,1,1,1
1787432357189,123,2,0.4860,0.4870,0.5130,0.5140,1,1,1,1
1787432357309,123,2,0.4860,0.4870,0.5130,0.5140,1,1,1,1
1787432357399,123,2,0.4860,0.4870,0.5130,0.5140,1,1,1,1
1787432357596,123,2,0.4860,0.4870,0.5130,0.5140,1,1,1,1
1787432357912,123,2,0.4860,0.4870,0.5130,0.5140,1,1,1,1
1787432358726,123,2,0.4860,0.4870,0.5130,0.5140,1,1,1,1
1787432359134,123,2,0.4860,0.4870,0.5130,0.5140,1,1,1,1
1787432359544,123,2,0.4860,0.4870,0.5130,0.5140,1,1,1,1
1787432359704,123,2,0.4860,0.4870,0.5130,0.5140,1,1,1,1
1787432360063,122,2,0.5060,0.5070,0.4930,0.4940,1,1,1,1
1787432360063,124,2,0.8440,0.8450,0.1550,0.1560,1,1,1,1
1787432360064,123,2,0.4860,0.4870,0.5130,0.5140,1,1,1,1
1787432360156,124,2,0.8440,0.8450,0.1550,0.1560,1,1,1,1
1787432360266,124,2,0.8440,0.8450,0.1550,0.1560,1,1,1,1
1787432360467,124,3,0.8400,0.8500,0.1500,0.1600,2753,1824,1824,2753
1787432360599,123,2,0.4860,0.4870,0.5130,0.5140,1,1,1,1
1787432360941,124,2,0.8440,0.8450,0.1550,0.1560,1,1,1,1
1787432361388,124,2,0.8440,0.8450,0.1550,0.1560,1,1,1,1
1787432361397,123,2,0.4860,0.4870,0.5130,0.5140,1,1,1,1
1787432362003,123,2,0.4860,0.4870,0.5130,0.5140,1,1,1,1
1787432362029,122,2,0.5060,0.5070,0.4930,0.4940,1,1,1,1
1787432362235,122,2,0.5060,0.5070,0.4930,0.4940,1,1,1,1
1787432362719,123,2,0.4860,0.4870,0.5130,0.5140,1,1,1,1
1787432362999,123,2,0.4860,0.4870,0.5130,0.5140,1,1,1,1
1787432363013,124,2,0.8440,0.8450,0.1550,0.1560,1,1,1,1
1787432363156,124,2,0.8440,0.8450,0.1550,0.1560,1,1,1,1
1787432363205,123,2,0.4860,0.4870,0.5130,0.5140,1,1,1,1
1787432363623,123,2,0.4860,0.4870,0.5130,0.5140,1,1,1,1
1787432364037,123,2,0.4860,0.4870,0.5130,0.5140,1,1,1,1
1787432364768,123,2,0.4860,0.4870,0.5130,0.5140,1,1,1,1
1787432364795,122,2,0.5060,0.5070,0.4930,0.4940,1,1,1,1
1787432364963,124,2,0.8440,0.8450,0.1550,0.1560,1,1,1,1
1787432364966,124,2,0.8440,0.8450,0.1550,0.1560,1,1,1,1
1787432365484,123,2,0.4860,0.4870,0.5130,0.5140,1,1,1,1
1787432366006,123,2,0.4860,0.4870,0.5130,0.5140,1,1,1,1
1787432366406,123,2,0.4860,0.4870,0.5130,0.5140,1,1,1,1
1787432366762,123,2,0.4860,0.4870,0.5130,0.5140,1,1,1,1
1787432369032,123,2,0.4860,0.4870,0.5130,0.5140,1,1,1,1
1787432370500,122,2,0.5060,0.5070,0.4930,0.4940,1,1,1,1
1787432370912,124,2,0.8440,0.8450,0.1550,0.1560,1,1,1,1
1787432370912,124,2,0.8440,0.8450,0.1550,0.1560,1,1,1,1
1787432374904,123,2,0.4860,0.4870,0.5130,0.5140,1,1,1,1
1787432375928,122,2,0.5060,0.5070,0.4930,0.4940,1,1,1,1
1787432376141,124,2,0.8440,0.8450,0.1550,0.1560,1,1,1,1
1787432378078,123,2,0.4860,0.4870,0.5130,0.5140,1,1,1,1
1787432379204,123,2,0.4860,0.4870,0.5130,0.5140,1,1,1,1
1787432379613,123,2,0.4860,0.4870,0.5130,0.5140,1,1,1,1
1787432379921,123,2,0.4860,0.4870,0.5130,0.5140,1,1,1,1
1787432380948,122,2,0.5060,0.5070,0.4930,0.4940,1,1,1,1
1787432381215,124,2,0.8440,0.8450,0.1550,0.1560,1,1,1,1
1787432382581,124,3,0.8400,0.8500,0.1500,0.1600,2503,1824,1824,2503
1787432384855,123,2,0.4860,0.4870,0.5130,0.5140,1,1,1,1
1787432385562,123,2,0.4860,0.4870,0.5130,0.5140,1,1,1,1
1787432385687,122,2,0.5060,0.5070,0.4930,0.4940,1,1,1,1
1787432386782,124,2,0.8440,0.8450,0.1550,0.1560,1,1,1,1
1787432388746,123,2,0.4860,0.4870,0.5130,0.5140,1,1,1,1
1787432389054,123,2,0.4860,0.4870,0.5130,0.5140,1,1,1,1
1787432389961,123,2,0.4860,0.4870,0.5130,0.5140,1,1,1,1
1787432391000,122,2,0.5060,0.5070,0.4930,0.4940,1,1,1,1
1787432391602,124,2,0.8440,0.8450,0.1550,0.1560,1,1,1,1
1787432391704,124,2,0.8440,0.8450,0.1550,0.1560,1,1,1,1
1787432393643,122,2,0.5060,0.5070,0.4930,0.4940,1,1,1,1
1787432393702,122,2,0.5060,0.5070,0.4930,0.4940,1,1,1,1
1787432394882,123,2,0.4860,0.4870,0.5130,0.5140,1,1,1,1
1787432395002,122,2,0.5060,0.5070,0.4930,0.4940,1,1,1,1
1787432395794,122,2,0.5060,0.5070,0.4930,0.4940,1,1,1,1
1787432396446,124,2,0.8440,0.8450,0.1550,0.1560,1,1,1,1
1787432396465,124,2,0.8440,0.8450,0.1550,0.1560,1,1,1,1
1787432396471,124,2,0.8440,0.8450,0.1550,0.1560,1,1,1,1
1787432396926,124,2,0.8440,0.8450,0.1550,0.1560,1,1,1,1
1787432397121,124,2,0.8440,0.8450,0.1550,0.1560,1,1,1,1
1787432397310,124,2,0.8440,0.8450,0.1550,0.1560,1,1,1,1
1787432398015,124,2,0.8440,0.8450,0.1550,0.1560,1,1,1,1
1787432398244,124,2,0.8440,0.8450,0.1550,0.1560,1,1,1,1
1787432398412,124,2,0.8440,0.8450,0.1550,0.1560,1,1,1,1
1787432398815,124,2,0.8440,0.8450,0.1550,0.1560,1,1,1,1
1787432399216,124,2,0.8440,0.8450,0.1550,0.1560,1,1,1,1
1787432399278,123,2,0.4860,0.4870,0.5130,0.5140,1,1,1,1
1787432399365,123,2,0.4860,0.4870,0.5130,0.5140,1,1,1,1
1787432399669,123,2,0.4860,0.4870,0.5130,0.5140,1,1,1,1
1787432400198,124,2,0.8440,0.8450,0.1550,0.1560,1,1,1,1
1787432400199,123,2,0.4860,0.4870,0.5130,0.5140,1,1,1,1
1787432400199,124,2,0.8440,0.8450,0.1550,0.1560,1,1,1,1
1787432400199,123,2,0.4860,0.4870,0.5130,0.5140,1,1,1,1
1787432400368,123,2,0.4860,0.4870,0.5130,0.5140,1,1,1,1
1787432400510,122,2,0.5060,0.5070,0.4930,0.4940,1,1,1,1
1787432400792,123,2,0.4860,0.4870,0.5130,0.5140,1,1,1,1
1787432400824,124,2,0.8440,0.8450,0.1550,0.1560,1,1,1,1
1787432400875,123,2,0.4860,0.4870,0.5130,0.5140,1,1,1,1
1787432401835,123,2,0.4860,0.4870,0.5130,0.5140,1,1,1,1
1787432402699,123,2,0.4860,0.4870,0.5130,0.5140,1,1,1,1
1787432402841,123,2,0.4860,0.4870,0.5130,0.5140,1,1,1,1
1787432403379,123,2,0.4860,0.4870,0.5130,0.5140,1,1,1,1
1787432403682,123,2,0.4860,0.4870,0.5130,0.5140,1,1,1,1
1787432403778,123,2,0.4860,0.4870,0.5130,0.5140,1,1,1,1
1787432404581,123,2,0.4860,0.4870,0.5130,0.5140,1,1,1,1
1787432405180,123,2,0.4860,0.4870,0.5130,0.5140,1,1,1,1
1787432405523,123,2,0.4860,0.4870,0.5130,0.5140,1,1,1,1
1787432405582,123,2,0.4860,0.4870,0.5130,0.5140,1,1,1,1
1787432405683,123,2,0.4860,0.4870,0.5130,0.5140,1,1,1,1
1787432405984,123,2,0.4860,0.4870,0.5130,0.5140,1,1,1,1
1787432406341,123,2,0.4860,0.4870,0.5130,0.5140,1,1,1,1
1787432406560,122,2,0.5060,0.5070,0.4930,0.4940,1,1,1,1
1787432406681,123,2,0.4860,0.4870,0.5130,0.5140,1,1,1,1
1787432406719,122,2,0.5060,0.5070,0.4930,0.4940,1,1,1,1
1787432407429,124,2,0.8440,0.8450,0.1550,0.1560,1,1,1,1
1787432407481,123,2,0.4860,0.4870,0.5130,0.5140,1,1,1,1
1787432407685,123,2,0.4860,0.4870,0.5130,0.5140,1,1,1,1
1787432407889,123,2,0.4860,0.4870,0.5130,0.5140,1,1,1,1
1787432408016,122,2,0.5060,0.5070,0.4930,0.4940,1,1,1,1
1787432408484,123,2,0.4860,0.4870,0.5130,0.5140,1,1,1,1
1787432409631,123,2,0.4860,0.4870,0.5130,0.5140,1,1,1,1
1787432409682,123,2,0.4860,0.4870,0.5130,0.5140,1,1,1,1
1787432410145,123,2,0.4860,0.4870,0.5130,0.5140,1,1,1,1
1787432410689,123,2,0.4860,0.4870,0.5130,0.5140,1,1,1,1
1787432411361,123,2,0.4860,0.4870,0.5130,0.5140,1,1,1,1
1787432411871,123,2,0.4860,0.4870,0.5130,0.5140,1,1,1,1
1787432411992,123,2,0.4860,0.4870,0.5130,0.5140,1,1,1,1
1787432412097,123,2,0.4860,0.4870,0.5130,0.5140,1,1,1,1
1787432412590,123,2,0.4860,0.4870,0.5130,0.5140,1,1,1,1
1787432413344,122,2,0.5060,0.5070,0.4930,0.4940,1,1,1,1
1787432414192,123,2,0.4860,0.4870,0.5130,0.5140,1,1,1,1
1787432414494,123,2,0.4860,0.4870,0.5130,0.5140,1,1,1,1
1787432414544,124,2,0.8440,0.8450,0.1550,0.1560,1,1,1,1
1787432415353,123,2,0.4860,0.4870,0.5130,0.5140,1,1,1,1
1787432416885,123,2,0.4860,0.4870,0.5130,0.5140,1,1,1,1
1787432417079,123,2,0.4860,0.4870,0.5130,0.5140,1,1,1,1
1787432417198,123,2,0.4860,0.4870,0.5130,0.5140,1,1,1,1
1787432418405,123,2,0.4860,0.4870,0.5130,0.5140,1,1,1,1
1787432418717,123,2,0.4860,0.4870,0.5130,0.5140,1,1,1,1
1787432420061,122,2,0.5060,0.5070,0.4930,0.4940,1,1,1,1
1787432420455,124,2,0.8440,0.8450,0.1550,0.1560,1,1,1,1
1787432420983,123,2,0.4860,0.4870,0.5130,0.5140,1,1,1,1
1787432421106,123,2,0.4860,0.4870,0.5130,0.5140,1,1,1,1
1787432421495,123,2,0.4860,0.4870,0.5130,0.5140,1,1,1,1
1787432422007,123,2,0.4860,0.4870,0.5130,0.5140,1,1,1,1
1787432422313,123,2,0.4860,0.4870,0.5130,0.5140,1,1,1,1
1787432422411,123,2,0.4860,0.4870,0.5130,0.5140,1,1,1,1
1787432422930,122,2,0.5060,0.5070,0.4930,0.4940,1,1,1,1
1787432422930,123,2,0.4860,0.4870,0.5130,0.5140,1,1,1,1
1787432422967,122,2,0.5060,0.5070,0.4930,0.4940,1,1,1,1
1787432423750,122,2,0.5060,0.5070,0.4930,0.4940,1,1,1,1
1787432423809,123,2,0.4860,0.4870,0.5130,0.5140,1,1,1,1
1787432423914,123,2,0.4860,0.4870,0.5130,0.5140,1,1,1,1
1787432424255,122,2,0.5060,0.5070,0.4930,0.4940,1,1,1,1
1787432424672,123,2,0.4860,0.4870,0.5130,0.5140,1,1,1,1
1787432424672,124,2,0.8440,0.8450,0.1550,0.1560,1,1,1,1
1787432424757,124,2,0.8440,0.8450,0.1550,0.1560,1,1,1,1
1787432425385,123,2,0.4860,0.4870,0.5130,0.5140,1,1,1,1
1787432425798,123,2,0.4860,0.4870,0.5130,0.5140,1,1,1,1
1787432426308,124,1,0.8400,0.8500,0.1500,0.1600,382830,133898,133898,382830
1787432426414,123,2,0.4860,0.4870,0.5130,0.5140,1,1,1,1
1787432426824,123,2,0.4860,0.4870,0.5130,0.5140,1,1,1,1
1787432427126,123,2,0.4860,0.4870,0.5130,0.5140,1,1,1,1
1787432427434,123,2,0.4860,0.4870,0.5130,0.5140,1,1,1,1
1787432427639,123,2,0.4860,0.4870,0.5130,0.5140,1,1,1,1
1787432428253,124,1,0.8400,0.8500,0.1500,0.1600,382830,83898,83898,382830
1787432428253,123,2,0.4860,0.4870,0.5130,0.5140,1,1,1,1
1787432428254,123,2,0.4860,0.4870,0.5130,0.5140,1,1,1,1
1787432428419,123,2,0.4860,0.4870,0.5130,0.5140,1,1,1,1
1787432428531,123,2,0.4860,0.4870,0.5130,0.5140,1,1,1,1
1787432428860,122,2,0.5060,0.5070,0.4930,0.4940,1,1,1,1
1787432429097,122,2,0.5060,0.5070,0.4930,0.4940,1,1,1,1
1787432429100,123,2,0.4860,0.4870,0.5130,0.5140,1,1,1,1
1787432429268,124,2,0.8440,0.8450,0.1550,0.1560,1,1,1,1
1787432429433,124,2,0.8440,0.8450,0.1550,0.1560,1,1,1,1
1787432429856,123,2,0.4860,0.4870,0.5130,0.5140,1,1,1,1
1787432430300,123,2,0.4860,0.4870,0.5130,0.5140,1,1,1,1
1787432431121,123,2,0.4860,0.4870,0.5130,0.5140,1,1,1,1
1787432431122,123,2,0.4860,0.4870,0.5130,0.5140,1,1,1,1
1787432431568,123,2,0.4860,0.4870,0.5130,0.5140,1,1,1,1
1787432432041,123,2,0.4860,0.4870,0.5130,0.5140,1,1,1,1
1787432432555,123,2,0.4860,0.4870,0.5130,0.5140,1,1,1,1
1787432432965,123,2,0.4860,0.4870,0.5130,0.5140,1,1,1,1
1787432433019,124,2,0.8440,0.8450,0.1550,0.1560,1,1,1,1
1787432433096,124,2,0.8440,0.8450,0.1550,0.1560,1,1,1,1
1787432433474,122,2,0.5060,0.5070,0.4930,0.4940,1,1,1,1
1787432433659,123,2,0.4860,0.4870,0.5130,0.5140,1,1,1,1
1787432433756,123,2,0.4860,0.4870,0.5130,0.5140,1,1,1,1
1787432433771,124,2,0.8440,0.8450,0.1550,0.1560,1,1,1,1
1787432434356,123,2,0.4860,0.4870,0.5130,0.5140,1,1,1,1
1787432434455,123,2,0.4860,0.4870,0.5130,0.5140,1,1,1,1
1787432435114,123,2,0.4860,0.4870,0.5130,0.5140,1,1,1,1
1787432435179,124,2,0.8440,0.8450,0.1550,0.1560,1,1,1,1
1787432435860,123,2,0.4860,0.4870,0.5130,0.5140,1,1,1,1
1787432436649,123,2,0.4860,0.4870,0.5130,0.5140,1,1,1,1
1787432437167,123,2,0.4860,0.4870,0.5130,0.5140,1,1,1,1
1787432437168,123,2,0.4860,0.4870,0.5130,0.5140,1,1,1,1
1787432437361,123,2,0.4860,0.4870,0.5130,0.5140,1,1,1,1
1787432437776,123,2,0.4860,0.4870,0.5130,0.5140,1,1,1,1
1787432438083,122,2,0.5060,0.5070,0.4930,0.4940,1,1,1,1
1787432438224,123,2,0.4860,0.4870,0.5130,0.5140,1,1,1,1
1787432438801,124,2,0.8440,0.8450,0.1550,0.1560,1,1,1,1
1787432438801,124,2,0.8440,0.8450,0.1550,0.1560,1,1,1,1
1787432439210,123,2,0.4860,0.4870,0.5130,0.5140,1,1,1,1
1787432439722,123,2,0.4860,0.4870,0.5130,0.5140,1,1,1,1
1787432439778,123,2,0.4860,0.4870,0.5130,0.5140,1,1,1,1
1787432440541,123,2,0.4860,0.4870,0.5130,0.5140,1,1,1,1
1787432442486,123,2,0.4860,0.4870,0.5130,0.5140,1,1,1,1
1787432442793,123,2,0.4860,0.4870,0.5130,0.5140,1,1,1,1
1787432442814,123,2,0.4860,0.4870,0.5130,0.5140,1,1,1,1
1787432442936,123,2,0.4860,0.4870,0.5130,0.5140,1,1,1,1
1787432443304,123,2,0.4860,0.4870,0.5130,0.5140,1,1,1,1
1787432443510,122,2,0.5060,0.5070,0.4930,0.4940,1,1,1,1
1787432443571,123,2,0.4860,0.4870,0.5130,0.5140,1,1,1,1
1787432443667,123,2,0.4860,0.4870,0.5130,0.5140,1,1,1,1
1787432444211,124,2,0.8440,0.8450,0.1550,0.1560,1,1,1,1
1787432444841,123,2,0.4860,0.4870,0.5130,0.5140,1,1,1,1
1787432445354,123,2,0.4860,0.4870,0.5130,0.5140,1,1,1,1
1787432445661,123,2,0.4860,0.4870,0.5130,0.5140,1,1,1,1
1787432446250,122,1,0.5300,0.5400,0.4600,0.4700,6557,16771,16771,6557
1787432446890,123,2,0.4860,0.4870,0.5130,0.5140,1,1,1,1
1787432447094,123,2,0.4860,0.4870,0.5130,0.5140,1,1,1,1
1787432447678,123,2,0.4860,0.4870,0.5130,0.5140,1,1,1,1
1787432448456,122,2,0.5060,0.5070,0.4930,0.4940,1,1,1,1
1787432448466,122,2,0.5060,0.5070,0.4930,0.4940,1,1,1,1
1787432448597,123,2,0.4860,0.4870,0.5130,0.5140,1,1,1,1
1787432449140,124,2,0.8440,0.8450,0.1550,0.1560,1,1,1,1
1787432449738,123,2,0.4860,0.4870,0.5130,0.5140,1,1,1,1
1787432450163,123,2,0.4860,0.4870,0.5130,0.5140,1,1,1,1
1787432450172,123,2,0.4860,0.4870,0.5130,0.5140,1,1,1,1
1787432450684,123,2,0.4860,0.4870,0.5130,0.5140,1,1,1,1
1787432451313,123,2,0.4860,0.4870,0.5130,0.5140,1,1,1,1
1787432451456,123,2,0.4860,0.4870,0.5130,0.5140,1,1,1,1
1787432451767,123,2,0.4860,0.4870,0.5130,0.5140,1,1,1,1
1787432451818,123,2,0.4860,0.4870,0.5130,0.5140,1,1,1,1
1787432451974,123,2,0.4860,0.4870,0.5130,0.5140,1,1,1,1
1787432452317,123,2,0.4860,0.4870,0.5130,0.5140,1,1,1,1
1787432453496,123,2,0.4860,0.4870,0.5130,0.5140,1,1,1,1
1787432453693,123,2,0.4860,0.4870,0.5130,0.5140,1,1,1,1
1787432453812,122,2,0.5060,0.5070,0.4930,0.4940,1,1,1,1
1787432454334,123,2,0.4860,0.4870,0.5130,0.5140,1,1,1,1
1787432454372,124,2,0.8440,0.8450,0.1550,0.1560,1,1,1,1
1787432454513,124,2,0.8440,0.8450,0.1550,0.1560,1,1,1,1
1787432455082,123,2,0.4860,0.4870,0.5130,0.5140,1,1,1,1
1787432455660,122,2,0.5060,0.5070,0.4930,0.4940,1,1,1,1
1787432455741,122,2,0.5060,0.5070,0.4930,0.4940,1,1,1,1
1787432455859,123,2,0.4860,0.4870,0.5130,0.5140,1,1,1,1
1787432456334,123,2,0.4860,0.4870,0.5130,0.5140,1,1,1,1
1787432457216,123,2,0.4860,0.4870,0.5130,0.5140,1,1,1,1
1787432457222,123,2,0.4860,0.4870,0.5130,0.5140,1,1,1,1
1787432457327,123,2,0.4860,0.4870,0.5130,0.5140,1,1,1,1
1787432457743,123,2,0.4860,0.4870,0.5130,0.5140,1,1,1,1
1787432457750,122,2,0.5060,0.5070,0.4930,0.4940,1,1,1,1
1787432458256,124,2,0.8440,0.8450,0.1550,0.1560,1,1,1,1
1787432458257,124,2,0.8440,0.8450,0.1550,0.1560,1,1,1,1
1787432458276,123,2,0.4860,0.4870,0.5130,0.5140,1,1,1,1
1787432458374,123,2,0.4860,0.4870,0.5130,0.5140,1,1,1,1
1787432458629,123,2,0.4860,0.4870,0.5130,0.5140,1,1,1,1
1787432459279,123,2,0.4860,0.4870,0.5130,0.5140,1,1,1,1
1787432459996,123,2,0.4860,0.4870,0.5130,0.5140,1,1,1,1
1787432460611,123,2,0.4860,0.4870,0.5130,0.5140,1,1,1,1
1787432461814,123,2,0.4860,0.4870,0.5130,0.5140,1,1,1,1
1787432462010,123,2,0.4860,0.4870,0.5130,0.5140,1,1,1,1
1787432464402,122,2,0.5060,0.5070,0.4930,0.4940,1,1,1,1
1787432464417,124,2,0.8440,0.8450,0.1550,0.1560,1,1,1,1
1787432464466,124,2,0.8440,0.8450,0.1550,0.1560,1,1,1,1
1787432465687,123,2,0.4860,0.4870,0.5130,0.5140,1,1,1,1
1787432466038,123,2,0.4860,0.4870,0.5130,0.5140,1,1,1,1
1787432466230,123,2,0.4860,0.4870,0.5130,0.5140,1,1,1,1
1787432466244,123,2,0.4860,0.4870,0.5130,0.5140,1,1,1,1
1787432466452,123,2,0.4860,0.4870,0.5130,0.5140,1,1,1,1
1787432466463,123,2,0.4860,0.4870,0.5130,0.5140,1,1,1,1
1787432466600,123,2,0.4860,0.4870,0.5130,0.5140,1,1,1,1
1787432467165,122,2,0.5060,0.5070,0.4930,0.4940,1,1,1,1
1787432467166,123,2,0.4860,0.4870,0.5130,0.5140,1,1,1,1
1787432467397,124,2,0.8440,0.8450,0.1550,0.1560,1,1,1,1
1787432467401,124,2,0.8440,0.8450,0.1550,0.1560,1,1,1,1
1787432468087,124,2,0.8440,0.8450,0.1550,0.1560,1,1,1,1
1787432468130,123,2,0.4860,0.4870,0.5130,0.5140,1,1,1,1
1787432468326,124,2,0.8440,0.8450,0.1550,0.1560,1,1,1,1
1787432468456,123,2,0.4860,0.4870,0.5130,0.5140,1,1,1,1
1787432468905,123,2,0.4860,0.4870,0.5130,0.5140,1,1,1,1
1787432469414,123,2,0.4860,0.4870,0.5130,0.5140,1,1,1,1
1787432469928,123,2,0.4860,0.4870,0.5130,0.5140,1,1,1,1
1787432470543,123,2,0.4860,0.4870,0.5130,0.5140,1,1,1,1
1787432470653,123,2,0.4860,0.4870,0.5130,0.5140,1,1,1,1
1787432471568,123,2,0.4860,0.4870,0.5130,0.5140,1,1,1,1
1787432471906,123,2,0.4860,0.4870,0.5130,0.5140,1,1,1,1
1787432472696,122,2,0.5060,0.5070,0.4930,0.4940,1,1,1,1
1787432472696,122,2,0.5060,0.5070,0.4930,0.4940,1,1,1,1
1787432472765,123,2,0.4860,0.4870,0.5130,0.5140,1,1,1,1
1787432472954,124,2,0.8440,0.8450,0.1550,0.1560,1,1,1,1
1787432473736,123,2,0.4860,0.4870,0.5130,0.5140,1,1,1,1
1787432473737,123,2,0.4860,0.4870,0.5130,0.5140,1,1,1,1
1787432474433,123,2,0.4860,0.4870,0.5130,0.5140,1,1,1,1
1787432474949,123,2,0.4860,0.4870,0.5130,0.5140,1,1,1,1
1787432474949,123,2,0.4860,0.4870,0.5130,0.5140,1,1,1,1
1787432475183,123,2,0.4860,0.4870,0.5130,0.5140,1,1,1,1
1787432475250,123,1,0.4600,0.4700,0.5300,0.5400,28899,32672,32672,28899
1787432476175,123,2,0.4860,0.4870,0.5130,0.5140,1,1,1,1
1787432476489,123,2,0.4860,0.4870,0.5130,0.5140,1,1,1,1
1787432477198,123,2,0.4860,0.4870,0.5130,0.5140,1,1,1,1
1787432478257,122,2,0.5060,0.5070,0.4930,0.4940,1,1,1,1
1787432478838,124,2,0.8440,0.8450,0.1550,0.1560,1,1,1,1
1787432481500,123,2,0.4860,0.4870,0.5130,0.5140,1,1,1,1
1787432482422,122,2,0.5060,0.5070,0.4930,0.4940,1,1,1,1
1787432482468,122,2,0.5060,0.5070,0.4930,0.4940,1,1,1,1
1787432482662,124,2,0.8440,0.8450,0.1550,0.1560,1,1,1,1
1787432486412,123,2,0.4860,0.4870,0.5130,0.5140,1,1,1,1
1787432486705,122,2,0.5060,0.5070,0.4930,0.4940,1,1,1,1
1787432486782,122,2,0.5060,0.5070,0.4930,0.4940,1,1,1,1
1787432486856,123,2,0.4860,0.4870,0.5130,0.5140,1,1,1,1
1787432486960,123,2,0.4860,0.4870,0.5130,0.5140,1,1,1,1
1787432487348,123,2,0.4860,0.4870,0.5130,0.5140,1,1,1,1
1787432487350,122,2,0.5060,0.5070,0.4930,0.4940,1,1,1,1
1787432487848,124,2,0.8440,0.8450,0.1550,0.1560,1,1,1,1
1787432487861,122,2,0.5060,0.5070,0.4930,0.4940,1,1,1,1
1787432491671,123,2,0.4860,0.4870,0.5130,0.5140,1,1,1,1
1787432492463,123,2,0.4860,0.4870,0.5130,0.5140,1,1,1,1
1787432492687,122,2,0.5060,0.5070,0.4930,0.4940,1,1,1,1
1787432492786,122,2,0.5060,0.5070,0.4930,0.4940,1,1,1,1
1787432493282,124,2,0.8440,0.8450,0.1550,0.1560,1,1,1,1
1787432495428,124,2,0.8440,0.8450,0.1550,0.1560,1,1,1,1
1787432496757,123,2,0.4860,0.4870,0.5130,0.5140,1,1,1,1
1787432497601,122,2,0.5060,0.5070,0.4930,0.4940,1,1,1,1
1787432497705,122,2,0.5060,0.5070,0.4930,0.4940,1,1,1,1
1787432498294,124,2,0.8440,0.8450,0.1550,0.1560,1,1,1,1
1787432502287,124,2,0.8440,0.8450,0.1550,0.1560,1,1,1,1
1787432502287,124,2,0.8440,0.8450,0.1550,0.1560,1,1,1,1
1787432502593,123,2,0.4860,0.4870,0.5130,0.5140,1,1,1,1
1787432503413,122,2,0.5060,0.5070,0.4930,0.4940,1,1,1,1
1787432503720,124,2,0.8440,0.8450,0.1550,0.1560,1,1,1,1
1787432505898,123,2,0.4860,0.4870,0.5130,0.5140,1,1,1,1
1787432506997,122,2,0.5060,0.5070,0.4930,0.4940,1,1,1,1
1787432507537,124,2,0.8440,0.8450,0.1550,0.1560,1,1,1,1
1787432507545,124,2,0.8440,0.8450,0.1550,0.1560,1,1,1,1
1787432509699,123,2,0.4860,0.4870,0.5130,0.5140,1,1,1,1
1787432509797,123,2,0.4860,0.4870,0.5130,0.5140,1,1,1,1
1787432510785,123,2,0.4860,0.4870,0.5130,0.5140,1,1,1,1
1787432510901,123,2,0.4860,0.4870,0.5130,0.5140,1,1,1,1
1787432511003,123,2,0.4860,0.4870,0.5130,0.5140,1,1,1,1
1787432511706,123,2,0.4860,0.4870,0.5130,0.5140,1,1,1,1
1787432513346,122,2,0.5060,0.5070,0.4930,0.4940,1,1,1,1
1787432513846,124,2,0.8440,0.8450,0.1550,0.1560,1,1,1,1
1787432516012,123,2,0.4860,0.4870,0.5130,0.5140,1,1,1,1
1787432516517,123,2,0.4860,0.4870,0.5130,0.5140,1,1,1,1
1787432517236,122,2,0.5060,0.5070,0.4930,0.4940,1,1,1,1
1787432517426,124,2,0.8440,0.8450,0.1550,0.1560,1,1,1,1
1787432519489,122,2,0.5060,0.5070,0.4930,0.4940,1,1,1,1
1787432519536,122,2,0.5060,0.5070,0.4930,0.4940,1,1,1,1
1787432519751,122,2,0.5060,0.5070,0.4930,0.4940,1,1,1,1
1787432521013,123,2,0.4860,0.4870,0.5130,0.5140,1,1,1,1
1787432523177,122,2,0.5060,0.5070,0.4930,0.4940,1,1,1,1
1787432523341,124,2,0.8440,0.8450,0.1550,0.1560,1,1,1,1
1787432523990,124,2,0.8440,0.8450,0.1550,0.1560,1,1,1,1
1787432524048,124,2,0.8440,0.8450,0.1550,0.1560,1,1,1,1
1787432526348,123,2,0.4860,0.4870,0.5130,0.5140,1,1,1,1
1787432529273,122,2,0.5060,0.5070,0.4930,0.4940,1,1,1,1
1787432529357,122,2,0.5060,0.5070,0.4930,0.4940,1,1,1,1
1787432529742,124,2,0.8440,0.8450,0.1550,0.1560,1,1,1,1
1787432529852,124,2,0.8440,0.8450,0.1550,0.1560,1,1,1,1
1787432533760,123,2,0.4860,0.4870,0.5130,0.5140,1,1,1,1
1787432534642,123,2,0.4860,0.4870,0.5130,0.5140,1,1,1,1
1787432534642,123,2,0.4860,0.4870,0.5130,0.5140,1,1,1,1
1787432534670,122,2,0.5060,0.5070,0.4930,0.4940,1,1,1,1
1787432534868,124,2,0.8440,0.8450,0.1550,0.1560,1,1,1,1
1787432534942,123,2,0.4860,0.4870,0.5130,0.5140,1,1,1,1
1787432534964,124,2,0.8440,0.8450,0.1550,0.1560,1,1,1,1
1787432535073,124,2,0.8440,0.8450,0.1550,0.1560,1,1,1,1
1787432538841,123,2,0.4860,0.4870,0.5130,0.5140,1,1,1,1
1787432539573,122,2,0.5060,0.5070,0.4930,0.4940,1,1,1,1
1787432539676,122,2,0.5060,0.5070,0.4930,0.4940,1,1,1,1
1787432539978,124,2,0.8440,0.8450,0.1550,0.1560,1,1,1,1
1787432540085,124,2,0.8440,0.8450,0.1550,0.1560,1,1,1,1
1787432540375,123,2,0.4860,0.4870,0.5130,0.5140,1,1,1,1
1787432540994,123,2,0.4860,0.4870,0.5130,0.5140,1,1,1,1
1787432541038,123,2,0.4860,0.4870,0.5130,0.5140,1,1,1,1
1787432541214,123,2,0.4860,0.4870,0.5130,0.5140,1,1,1,1
1787432542260,123,2,0.4860,0.4870,0.5130,0.5140,1,1,1,1
1787432543552,122,2,0.5060,0.5070,0.4930,0.4940,1,1,1,1
1787432543578,122,2,0.5060,0.5070,0.4930,0.4940,1,1,1,1
1787432543582,124,2,0.8440,0.8450,0.1550,0.1560,1,1,1,1
1787432543680,124,2,0.8440,0.8450,0.1550,0.1560,1,1,1,1
1787432543783,124,2,0.8440,0.8450,0.1550,0.1560,1,1,1,1
1787432544185,124,2,0.8440,0.8450,0.1550,0.1560,1,1,1,1
1787432548673,123,2,0.4860,0.4870,0.5130,0.5140,1,1,1,1
1787432549600,122,2,0.5060,0.5070,0.4930,0.4940,1,1,1,1
1787432549709,122,2,0.5060,0.5070,0.4930,0.4940,1,1,1,1
1787432550011,124,2,0.8440,0.8450,0.1550,0.1560,1,1,1,1
1787432552151,122,2,0.5060,0.5070,0.4930,0.4940,1,1,1,1
1787432552232,122,2,0.5060,0.5070,0.4930,0.4940,1,1,1,1
1787432553988,123,2,0.4860,0.4870,0.5130,0.5140,1,1,1,1
1787432554613,123,2,0.4860,0.4870,0.5130,0.5140,1,1,1,1
1787432554690,123,2,0.4860,0.4870,0.5130,0.5140,1,1,1,1
1787432554826,122,2,0.5060,0.5070,0.4930,0.4940,1,1,1,1
1787432554998,123,2,0.4860,0.4870,0.5130,0.5140,1,1,1,1
1787432555497,124,2,0.8440,0.8450,0.1550,0.1560,1,1,1,1
1787432558397,123,2,0.4860,0.4870,0.5130,0.5140,1,1,1,1
1787432560404,123,2,0.4860,0.4870,0.5130,0.5140,1,1,1,1
1787432560857,122,2,0.5060,0.5070,0.4930,0.4940,1,1,1,1
1787432560924,124,2,0.8440,0.8450,0.1550,0.1560,1,1,1,1
1787432563314,123,2,0.4860,0.4870,0.5130,0.5140,1,1,1,1
1787432565068,122,2,0.5060,0.5070,0.4930,0.4940,1,1,1,1
1787432565140,124,2,0.8440,0.8450,0.1550,0.1560,1,1,1,1
1787432565232,124,2,0.8440,0.8450,0.1550,0.1560,1,1,1,1
1787432565330,124,2,0.8440,0.8450,0.1550,0.1560,1,1,1,1
1787432568110,123,2,0.4860,0.4870,0.5130,0.5140,1,1,1,1
1787432568946,122,2,0.5060,0.5070,0.4930,0.4940,1,1,1,1
1787432569035,122,2,0.5060,0.5070,0.4930,0.4940,1,1,1,1
1787432569968,124,2,0.8440,0.8450,0.1550,0.1560,1,1,1,1
1787432572939,123,2,0.4860,0.4870,0.5130,0.5140,1,1,1,1
1787432574064,123,2,0.4860,0.4870,0.5130,0.5140,1,1,1,1
1787432574523,123,2,0.4860,0.4870,0.5130,0.5140,1,1,1,1
1787432574761,122,2,0.5060,0.5070,0.4930,0.4940,1,1,1,1
1787432574818,123,2,0.4860,0.4870,0.5130,0.5140,1,1,1,1
1787432574928,123,2,0.4860,0.4870,0.5130,0.5140,1,1,1,1
1787432574953,122,2,0.5060,0.5070,0.4930,0.4940,1,1,1,1
1787432575142,124,2,0.8440,0.8450,0.1550,0.1560,1,1,1,1
1787432576932,123,2,0.4860,0.4870,0.5130,0.5140,1,1,1,1
1787432577734,122,2,0.5060,0.5070,0.4930,0.4940,1,1,1,1
1787432577751,122,2,0.5060,0.5070,0.4930,0.4940,1,1,1,1
1787432578052,124,2,0.8440,0.8450,0.1550,0.1560,1,1,1,1
1787432580523,123,2,0.4860,0.4870,0.5130,0.5140,1,1,1,1
1787432582267,122,2,0.5060,0.5070,0.4930,0.4940,1,1,1,1
1787432582345,123,2,0.4860,0.4870,0.5130,0.5140,1,1,1,1
1787432582667,122,2,0.5060,0.5070,0.4930,0.4940,1,1,1,1
1787432583385,122,2,0.5060,0.5070,0.4930,0.4940,1,1,1,1
1787432583559,124,2,0.8440,0.8450,0.1550,0.1560,1,1,1,1
1787432583658,124,2,0.8440,0.8450,0.1550,0.1560,1,1,1,1
1787432585637,123,2,0.4860,0.4870,0.5130,0.5140,1,1,1,1
1787432586534,122,2,0.5060,0.5070,0.4930,0.4940,1,1,1,1
1787432586968,124,2,0.8440,0.8450,0.1550,0.1560,1,1,1,1
1787432590557,123,2,0.4860,0.4870,0.5130,0.5140,1,1,1,1
1787432591657,122,2,0.5060,0.5070,0.4930,0.4940,1,1,1,1
1787432591706,122,2,0.5060,0.5070,0.4930,0.4940,1,1,1,1
1787432592190,124,2,0.8440,0.8450,0.1550,0.1560,1,1,1,1
1787432592191,124,2,0.8440,0.8450,0.1550,0.1560,1,1,1,1
1787432594442,124,2,0.8440,0.8450,0.1550,0.1560,1,1,1,1
1787432595907,124,2,0.8440,0.8450,0.1550,0.1560,1,1,1,1
1787432596387,123,2,0.4860,0.4870,0.5130,0.5140,1,1,1,1
1787432597004,123,2,0.4860,0.4870,0.5130,0.5140,1,1,1,1
1787432597004,123,2,0.4860,0.4870,0.5130,0.5140,1,1,1,1
1787432597102,122,2,0.5060,0.5070,0.4930,0.4940,1,1,1,1
1787432597196,122,2,0.5060,0.5070,0.4930,0.4940,1,1,1,1
1787432597574,123,2,0.4860,0.4870,0.5130,0.5140,1,1,1,1
1787432597592,124,2,0.8440,0.8450,0.1550,0.1560,1,1,1,1
1787432600362,123,2,0.4860,0.4870,0.5130,0.5140,1,1,1,1
1787432601304,122,2,0.5060,0.5070,0.4930,0.4940,1,1,1,1
1787432601308,122,2,0.5060,0.5070,0.4930,0.4940,1,1,1,1
1787432601708,124,2,0.8440,0.8450,0.1550,0.1560,1,1,1,1
1787432603042,123,2,0.4860,0.4870,0.5130,0.5140,1,1,1,1
1787432604347,123,2,0.4860,0.4870,0.5130,0.5140,1,1,1,1
1787432604362,123,2,0.4860,0.4870,0.5130,0.5140,1,1,1,1
1787432606841,123,2,0.4860,0.4870,0.5130,0.5140,1,1,1,1
1787432607696,124,2,0.8440,0.8450,0.1550,0.1560,1,1,1,1
1787432608222,122,2,0.5060,0.5070,0.4930,0.4940,1,1,1,1
1787432610679,123,2,0.4860,0.4870,0.5130,0.5140,1,1,1,1
1787432612159,122,2,0.5060,0.5070,0.4930,0.4940,1,1,1,1
1787432612672,124,2,0.8440,0.8450,0.1550,0.1560,1,1,1,1
1787432612760,124,2,0.8440,0.8450,0.1550,0.1560,1,1,1,1
1787432614219,122,2,0.5060,0.5070,0.4930,0.4940,1,1,1,1
1787432614419,122,2,0.5060,0.5070,0.4930,0.4940,1,1,1,1
1787432615232,124,2,0.8440,0.8450,0.1550,0.1560,1,1,1,1
1787432616234,124,2,0.8440,0.8450,0.1550,0.1560,1,1,1,1
1787432616871,123,2,0.4860,0.4870,0.5130,0.5140,1,1,1,1
1787432617416,123,2,0.4860,0.4870,0.5130,0.5140,1,1,1,1
1787432617424,122,2,0.5060,0.5070,0.4930,0.4940,1,1,1,1
1787432617591,123,2,0.4860,0.4870,0.5130,0.5140,1,1,1,1
1787432620965,124,2,0.8440,0.8450,0.1550,0.1560,1,1,1,1
1787432621437,123,2,0.4860,0.4870,0.5130,0.5140,1,1,1,1
1787432622157,122,2,0.5060,0.5070,0.4930,0.4940,1,1,1,1
1787432622338,122,2,0.5060,0.5070,0.4930,0.4940,1,1,1,1
1787432622962,123,2,0.4860,0.4870,0.5130,0.5140,1,1,1,1
1787432625061,124,2,0.8440,0.8450,0.1550,0.1560,1,1,1,1
1787432625437,123,2,0.4860,0.4870,0.5130,0.5140,1,1,1,1
1787432625890,124,2,0.8440,0.8450,0.1550,0.1560,1,1,1,1
1787432626009,124,2,0.8440,0.8450,0.1550,0.1560,1,1,1,1
1787432626101,124,2,0.8440,0.8450,0.1550,0.1560,1,1,1,1
1787432626148,122,2,0.5060,0.5070,0.4930,0.4940,1,1,1,1
1787432626240,122,2,0.5060,0.5070,0.4930,0.4940,1,1,1,1
1787432626801,124,2,0.8440,0.8450,0.1550,0.1560,1,1,1,1
1787432626857,124,2,0.8440,0.8450,0.1550,0.1560,1,1,1,1
1787432627112,124,2,0.8440,0.8450,0.1550,0.1560,1,1,1,1
1787432629466,124,2,0.8440,0.8450,0.1550,0.1560,1,1,1,1
1787432629568,123,2,0.4860,0.4870,0.5130,0.5140,1,1,1,1
1787432630281,122,2,0.5060,0.5070,0.4930,0.4940,1,1,1,1
1787432630351,122,2,0.5060,0.5070,0.4930,0.4940,1,1,1,1
1787432633974,124,2,0.8440,0.8450,0.1550,0.1560,1,1,1,1
1787432634277,123,2,0.4860,0.4870,0.5130,0.5140,1,1,1,1
1787432635051,122,2,0.5060,0.5070,0.4930,0.4940,1,1,1,1
1787432637654,124,2,0.8440,0.8450,0.1550,0.1560,1,1,1,1
1787432637932,123,2,0.4860,0.4870,0.5130,0.5140,1,1,1,1
1787432638885,123,2,0.4860,0.4870,0.5130,0.5140,1,1,1,1
1787432638886,122,2,0.5060,0.5070,0.4930,0.4940,1,1,1,1
1787432638886,123,2,0.4860,0.4870,0.5130,0.5140,1,1,1,1
1787432639397,123,2,0.4860,0.4870,0.5130,0.5140,1,1,1,1
1787432639397,123,2,0.4860,0.4870,0.5130,0.5140,1,1,1,1
1787432641648,124,2,0.8440,0.8450,0.1550,0.1560,1,1,1,1
1787432641940,123,2,0.4860,0.4870,0.5130,0.5140,1,1,1,1
1787432642774,122,2,0.5060,0.5070,0.4930,0.4940,1,1,1,1
1787432642979,122,2,0.5060,0.5070,0.4930,0.4940,1,1,1,1
1787432644639,123,2,0.4860,0.4870,0.5130,0.5140,1,1,1,1
1787432646050,122,2,0.5060,0.5070,0.4930,0.4940,1,1,1,1
1787432646063,122,2,0.5060,0.5070,0.4930,0.4940,1,1,1,1
1787432646563,124,2,0.8440,0.8450,0.1550,0.1560,1,1,1,1
1787432646972,123,2,0.4860,0.4870,0.5130,0.5140,1,1,1,1
1787432647690,122,2,0.5060,0.5070,0.4930,0.4940,1,1,1,1
1787432647893,122,2,0.5060,0.5070,0.4930,0.4940,1,1,1,1
1787432651183,124,2,0.8440,0.8450,0.1550,0.1560,1,1,1,1
1787432651653,123,2,0.4860,0.4870,0.5130,0.5140,1,1,1,1
1787432653411,122,2,0.5060,0.5070,0.4930,0.4940,1,1,1,1
1787432655891,124,2,0.8440,0.8450,0.1550,0.1560,1,1,1,1
1787432656498,123,2,0.4860,0.4870,0.5130,0.5140,1,1,1,1
1787432656723,124,2,0.8440,0.8450,0.1550,0.1560,1,1,1,1
1787432657012,124,2,0.8440,0.8450,0.1550,0.1560,1,1,1,1
1787432657057,122,2,0.5060,0.5070,0.4930,0.4940,1,1,1,1
1787432660088,124,2,0.8440,0.8450,0.1550,0.1560,1,1,1,1
1787432660491,123,2,0.4860,0.4870,0.5130,0.5140,1,1,1,1
1787432660967,123,2,0.4860,0.4870,0.5130,0.5140,1,1,1,1
1787432661067,123,2,0.4860,0.4870,0.5130,0.5140,1,1,1,1
1787432661095,122,2,0.5060,0.5070,0.4930,0.4940,1,1,1,1
1787432661267,123,2,0.4860,0.4870,0.5130,0.5140,1,1,1,1
1787432664411,124,2,0.8440,0.8450,0.1550,0.1560,1,1,1,1
1787432665086,123,2,0.4860,0.4870,0.5130,0.5140,1,1,1,1
1787432665905,122,2,0.5060,0.5070,0.4930,0.4940,1,1,1,1
1787432666004,122,2,0.5060,0.5070,0.4930,0.4940,1,1,1,1
1787432667353,123,2,0.4860,0.4870,0.5130,0.5140,1,1,1,1
1787432668578,124,2,0.8440,0.8450,0.1550,0.1560,1,1,1,1
1787432669913,123,2,0.4860,0.4870,0.5130,0.5140,1,1,1,1
1787432670642,122,2,0.5060,0.5070,0.4930,0.4940,1,1,1,1
1787432672368,123,2,0.4860,0.4870,0.5130,0.5140,1,1,1,1
1787432672573,123,2,0.4860,0.4870,0.5130,0.5140,1,1,1,1
1787432672636,123,2,0.4860,0.4870,0.5130,0.5140,1,1,1,1
1787432673293,124,2,0.8440,0.8450,0.1550,0.1560,1,1,1,1
1787432673549,123,2,0.4860,0.4870,0.5130,0.5140,1,1,1,1
1787432674521,122,2,0.5060,0.5070,0.4930,0.4940,1,1,1,1
1787432674521,122,2,0.5060,0.5070,0.4930,0.4940,1,1,1,1
1787432676845,124,2,0.8440,0.8450,0.1550,0.1560,1,1,1,1
1787432676937,124,2,0.8440,0.8450,0.1550,0.1560,1,1,1,1
1787432677387,123,2,0.4860,0.4870,0.5130,0.5140,1,1,1,1
1787432678049,122,2,0.5060,0.5070,0.4930,0.4940,1,1,1,1
1787432679233,122,2,0.5060,0.5070,0.4930,0.4940,1,1,1,1
1787432679318,122,2,0.5060,0.5070,0.4930,0.4940,1,1,1,1
1787432681039,124,2,0.8440,0.8450,0.1550,0.1560,1,1,1,1
1787432681501,123,2,0.4860,0.4870,0.5130,0.5140,1,1,1,1
1787432682087,123,2,0.4860,0.4870,0.5130,0.5140,1,1,1,1
1787432682213,123,2,0.4860,0.4870,0.5130,0.5140,1,1,1,1
1787432682713,123,2,0.4860,0.4870,0.5130,0.5140,1,1,1,1
1787432682776,122,2,0.5060,0.5070,0.4930,0.4940,1,1,1,1
1787432684452,123,2,0.4860,0.4870,0.5130,0.5140,1,1,1,1
1787432685149,124,2,0.8440,0.8450,0.1550,0.1560,1,1,1,1
1787432685784,123,2,0.4860,0.4870,0.5130,0.5140,1,1,1,1
1787432686861,122,2,0.5060,0.5070,0.4930,0.4940,1,1,1,1
1787432687934,123,2,0.4860,0.4870,0.5130,0.5140,1,1,1,1
1787432688356,124,2,0.8440,0.8450,0.1550,0.1560,1,1,1,1
1787432688465,124,2,0.8440,0.8450,0.1550,0.1560,1,1,1,1
1787432689166,124,2,0.8440,0.8450,0.1550,0.1560,1,1,1,1
1787432689879,123,2,0.4860,0.4870,0.5130,0.5140,1,1,1,1
1787432690391,122,2,0.5060,0.5070,0.4930,0.4940,1,1,1,1
1787432693669,124,2,0.8440,0.8450,0.1550,0.1560,1,1,1,1
1787432693872,123,2,0.4860,0.4870,0.5130,0.5140,1,1,1,1
1787432694594,122,2,0.5060,0.5070,0.4930,0.4940,1,1,1,1
1787432694672,122,2,0.5060,0.5070,0.4930,0.4940,1,1,1,1
1787432697177,124,2,0.8440,0.8450,0.1550,0.1560,1,1,1,1
1787432698138,123,2,0.4860,0.4870,0.5130,0.5140,1,1,1,1
1787432698876,122,2,0.5060,0.5070,0.4930,0.4940,1,1,1,1
1787432702490,124,2,0.8440,0.8450,0.1550,0.1560,1,1,1,1
1787432703090,123,2,0.4860,0.4870,0.5130,0.5140,1,1,1,1
1787432703604,122,2,0.5060,0.5070,0.4930,0.4940,1,1,1,1
1787432703701,123,2,0.4860,0.4870,0.5130,0.5140,1,1,1,1
1787432703818,123,2,0.4860,0.4870,0.5130,0.5140,1,1,1,1
1787432703957,122,2,0.5060,0.5070,0.4930,0.4940,1,1,1,1
1787432704150,123,2,0.4860,0.4870,0.5130,0.5140,1,1,1,1
1787432705239,124,2,0.8440,0.8450,0.1550,0.1560,1,1,1,1
1787432705649,123,2,0.4860,0.4870,0.5130,0.5140,1,1,1,1
1787432706468,122,2,0.5060,0.5070,0.4930,0.4940,1,1,1,1
1787432708895,124,2,0.8440,0.8450,0.1550,0.1560,1,1,1,1
1787432709335,123,2,0.4860,0.4870,0.5130,0.5140,1,1,1,1
1787432709353,123,2,0.4860,0.4870,0.5130,0.5140,1,1,1,1
1787432709990,122,2,0.5060,0.5070,0.4930,0.4940,1,1,1,1
1787432712717,122,2,0.5060,0.5070,0.4930,0.4940,1,1,1,1
1787432712718,124,2,0.8440,0.8450,0.1550,0.1560,1,1,1,1
1787432712806,122,2,0.5060,0.5070,0.4930,0.4940,1,1,1,1
1787432713161,123,2,0.4860,0.4870,0.5130,0.5140,1,1,1,1
1787432714249,122,2,0.5060,0.5070,0.4930,0.4940,1,1,1,1
1787432717423,124,2,0.8440,0.8450,0.1550,0.1560,1,1,1,1
1787432717729,122,2,0.5060,0.5070,0.4930,0.4940,1,1,1,1
1787432717785,123,2,0.4860,0.4870,0.5130,0.5140,1,1,1,1
1787432718249,124,2,0.8440,0.8450,0.1550,0.1560,1,1,1,1
1787432718291,124,2,0.8440,0.8450,0.1550,0.1560,1,1,1,1
1787432718549,122,2,0.5060,0.5070,0.4930,0.4940,1,1,1,1
1787432718850,122,2,0.5060,0.5070,0.4930,0.4940,1,1,1,1
1787432721621,124,2,0.8440,0.8450,0.1550,0.1560,1,1,1,1
1787432721622,124,2,0.8440,0.8450,0.1550,0.1560,1,1,1,1
1787432722349,123,2,0.4860,0.4870,0.5130,0.5140,1,1,1,1
1787432723054,122,2,0.5060,0.5070,0.4930,0.4940,1,1,1,1
1787432725718,124,2,0.8440,0.8450,0.1550,0.1560,1,1,1,1
1787432725983,123,2,0.4860,0.4870,0.5130,0.5140,1,1,1,1
1787432726742,123,2,0.4860,0.4870,0.5130,0.5140,1,1,1,1
1787432726782,123,2,0.4860,0.4870,0.5130,0.5140,1,1,1,1
1787432726828,122,2,0.5060,0.5070,0.4930,0.4940,1,1,1,1
1787432727561,123,2,0.4860,0.4870,0.5130,0.5140,1,1,1,1
1787432729711,124,2,0.8440,0.8450,0.1550,0.1560,1,1,1,1
1787432729985,123,2,0.4860,0.4870,0.5130,0.5140,1,1,1,1
1787432730839,122,2,0.5060,0.5070,0.4930,0.4940,1,1,1,1
1787432730840,122,2,0.5060,0.5070,0.4930,0.4940,1,1,1,1
1787432732390,123,2,0.4860,0.4870,0.5130,0.5140,1,1,1,1
1787432732487,123,2,0.4860,0.4870,0.5130,0.5140,1,1,1,1
1787432732893,123,2,0.4860,0.4870,0.5130,0.5140,1,1,1,1
1787432733536,124,2,0.8440,0.8450,0.1550,0.1560,1,1,1,1
1787432733910,123,2,0.4860,0.4870,0.5130,0.5140,1,1,1,1
1787432734730,122,2,0.5060,0.5070,0.4930,0.4940,1,1,1,1
1787432734764,122,2,0.5060,0.5070,0.4930,0.4940,1,1,1,1
1787432738109,124,2,0.8440,0.8450,0.1550,0.1560,1,1,1,1
1787432738723,123,2,0.4860,0.4870,0.5130,0.5140,1,1,1,1
1787432739440,122,2,0.5060,0.5070,0.4930,0.4940,1,1,1,1
1787432742409,122,2,0.5060,0.5070,0.4930,0.4940,1,1,1,1
1787432742509,124,2,0.8440,0.8450,0.1550,0.1560,1,1,1,1
1787432742520,122,2,0.5060,0.5070,0.4930,0.4940,1,1,1,1
1787432742921,123,2,0.4860,0.4870,0.5130,0.5140,1,1,1,1
1787432743536,122,2,0.5060,0.5070,0.4930,0.4940,1,1,1,1
1787432743562,122,2,0.5060,0.5070,0.4930,0.4940,1,1,1,1
1787432746961,123,2,0.4860,0.4870,0.5130,0.5140,1,1,1,1
1787432747066,124,2,0.8440,0.8450,0.1550,0.1560,1,1,1,1
1787432747652,122,2,0.5060,0.5070,0.4930,0.4940,1,1,1,1
1787432748043,123,2,0.4860,0.4870,0.5130,0.5140,1,1,1,1
1787432748043,123,2,0.4860,0.4870,0.5130,0.5140,1,1,1,1
1787432748349,123,2,0.4860,0.4870,0.5130,0.5140,1,1,1,1
1787432748349,124,2,0.8440,0.8450,0.1550,0.1560,1,1,1,1
1787432748349,124,2,0.8440,0.8450,0.1550,0.1560,1,1,1,1
1787432748350,122,2,0.5060,0.5070,0.4930,0.4940,1,1,1,1
1787432750910,124,2,0.8440,0.8450,0.1550,0.1560,1,1,1,1
1787432751485,123,2,0.4860,0.4870,0.5130,0.5140,1,1,1,1
1787432752199,122,2,0.5060,0.5070,0.4930,0.4940,1,1,1,1
1787432752282,122,2,0.5060,0.5070,0.4930,0.4940,1,1,1,1
1787432753571,123,2,0.4860,0.4870,0.5130,0.5140,1,1,1,1
1787432756492,124,2,0.8440,0.8450,0.1550,0.1560,1,1,1,1
1787432756929,123,2,0.4860,0.4870,0.5130,0.5140,1,1,1,1
1787432757767,122,2,0.5060,0.5070,0.4930,0.4940,1,1,1,1
1787432757768,122,2,0.5060,0.5070,0.4930,0.4940,1,1,1,1
1787432761205,124,2,0.8440,0.8450,0.1550,0.1560,1,1,1,1
1787432761579,123,2,0.4860,0.4870,0.5130,0.5140,1,1,1,1
1787432762273,122,2,0.5060,0.5070,0.4930,0.4940,1,1,1,1
1787432762580,122,2,0.5060,0.5070,0.4930,0.4940,1,1,1,1
1787432765448,124,2,0.8440,0.8450,0.1550,0.1560,1,1,1,1
1787432766166,123,2,0.4860,0.4870,0.5130,0.5140,1,1,1,1
1787432767331,122,2,0.5060,0.5070,0.4930,0.4940,1,1,1,1
1787432767411,122,2,0.5060,0.5070,0.4930,0.4940,1,1,1,1
1787432768456,123,2,0.4860,0.4870,0.5130,0.5140,1,1,1,1
1787432768829,123,2,0.4860,0.4870,0.5130,0.5140,1,1,1,1
1787432769166,123,2,0.4860,0.4870,0.5130,0.5140,1,1,1,1
1787432769648,123,2,0.4860,0.4870,0.5130,0.5140,1,1,1,1
1787432769648,123,2,0.4860,0.4870,0.5130,0.5140,1,1,1,1
1787432770671,124,2,0.8440,0.8450,0.1550,0.1560,1,1,1,1
1787432771256,123,2,0.4860,0.4870,0.5130,0.5140,1,1,1,1
1787432772309,122,2,0.5060,0.5070,0.4930,0.4940,1,1,1,1
1787432774562,122,2,0.5060,0.5070,0.4930,0.4940,1,1,1,1
1787432774866,123,2,0.4860,0.4870,0.5130,0.5140,1,1,1,1
1787432775015,124,2,0.8440,0.8450,0.1550,0.1560,1,1,1,1
1787432776197,123,2,0.4860,0.4870,0.5130,0.5140,1,1,1,1
1787432776985,122,2,0.5060,0.5070,0.4930,0.4940,1,1,1,1
1787432777120,122,2,0.5060,0.5070,0.4930,0.4940,1,1,1,1
1787432777838,124,2,0.8440,0.8450,0.1550,0.1560,1,1,1,1
1787432778041,124,2,0.8440,0.8450,0.1550,0.1560,1,1,1,1
1787432780703,124,2,0.8440,0.8450,0.1550,0.1560,1,1,1,1
1787432781217,123,2,0.4860,0.4870,0.5130,0.5140,1,1,1,1
1787432782069,122,2,0.5060,0.5070,0.4930,0.4940,1,1,1,1
1787432782129,122,2,0.5060,0.5070,0.4930,0.4940,1,1,1,1
1787432785437,124,2,0.8440,0.8450,0.1550,0.1560,1,1,1,1
1787432786185,123,2,0.4860,0.4870,0.5130,0.5140,1,1,1,1
1787432786956,122,2,0.5060,0.5070,0.4930,0.4940,1,1,1,1
1787432787258,122,2,0.5060,0.5070,0.4930,0.4940,1,1,1,1
1787432789918,124,2,0.8440,0.8450,0.1550,0.1560,1,1,1,1
1787432790638,123,2,0.4860,0.4870,0.5130,0.5140,1,1,1,1
1787432791251,122,2,0.5060,0.5070,0.4930,0.4940,1,1,1,1
1787432791305,123,2,0.4860,0.4870,0.5130,0.5140,1,1,1,1
1787432791419,123,2,0.4860,0.4870,0.5130,0.5140,1,1,1,1
1787432791466,122,2,0.5060,0.5070,0.4930,0.4940,1,1,1,1
1787432791751,123,2,0.4860,0.4870,0.5130,0.5140,1,1,1,1
1787432794629,124,2,0.8440,0.8450,0.1550,0.1560,1,1,1,1
1787432795039,123,2,0.4860,0.4870,0.5130,0.5140,1,1,1,1
1787432795859,122,2,0.5060,0.5070,0.4930,0.4940,1,1,1,1
1787432797621,123,2,0.4860,0.4870,0.5130,0.5140,1,1,1,1
1787432798829,123,2,0.4860,0.4870,0.5130,0.5140,1,1,1,1
1787432799137,124,2,0.8440,0.8450,0.1550,0.1560,1,1,1,1
1787432799545,123,2,0.4860,0.4870,0.5130,0.5140,1,1,1,1
1787432800569,122,2,0.5060,0.5070,0.4930,0.4940,1,1,1,1
1787432803232,124,2,0.8440,0.8450,0.1550,0.1560,1,1,1,1
1787432803647,123,2,0.4860,0.4870,0.5130,0.5140,1,1,1,1
1787432804557,122,2,0.5060,0.5070,0.4930,0.4940,1,1,1,1
1787432807122,122,3,0.5100,0.5200,0.4800,0.4900,2901,2989,2989,2901
1787432807673,122,2,0.5060,0.5070,0.4930,0.4940,1,1,1,1
1787432807871,124,2,0.8440,0.8450,0.1550,0.1560,1,1,1,1
1787432807883,122,2,0.5060,0.5070,0.4930,0.4940,1,1,1,1
1787432808441,123,2,0.4860,0.4870,0.5130,0.5140,1,1,1,1
1787432809170,122,2,0.5060,0.5070,0.4930,0.4940,1,1,1,1
1787432809271,122,2,0.5060,0.5070,0.4930,0.4940,1,1,1,1
1787432810811,124,2,0.8440,0.8450,0.1550,0.1560,1,1,1,1
1787432811836,124,2,0.8440,0.8450,0.1550,0.1560,1,1,1,1
1787432812244,123,2,0.4860,0.4870,0.5130,0.5140,1,1,1,1
1787432812653,123,2,0.4860,0.4870,0.5130,0.5140,1,1,1,1
1787432812741,123,2,0.4860,0.4870,0.5130,0.5140,1,1,1,1
1787432813136,123,2,0.4860,0.4870,0.5130,0.5140,1,1,1,1
1787432813986,122,2,0.5060,0.5070,0.4930,0.4940,1,1,1,1
1787432813986,122,2,0.5060,0.5070,0.4930,0.4940,1,1,1,1
1787432815928,124,2,0.8440,0.8450,0.1550,0.1560,1,1,1,1
1787432816442,123,2,0.4860,0.4870,0.5130,0.5140,1,1,1,1
1787432817093,122,2,0.5060,0.5070,0.4930,0.4940,1,1,1,1
1787432817189,122,2,0.5060,0.5070,0.4930,0.4940,1,1,1,1
1787432818591,123,2,0.4860,0.4870,0.5130,0.5140,1,1,1,1
1787432821971,124,2,0.8440,0.8450,0.1550,0.1560,1,1,1,1
1787432822184,123,2,0.4860,0.4870,0.5130,0.5140,1,1,1,1
1787432822891,122,2,0.5060,0.5070,0.4930,0.4940,1,1,1,1
1787432824530,124,2,0.8440,0.8450,0.1550,0.1560,1,1,1,1
1787432825145,123,2,0.4860,0.4870,0.5130,0.5140,1,1,1,1
1787432825758,122,2,0.5060,0.5070,0.4930,0.4940,1,1,1,1
1787432825910,122,2,0.5060,0.5070,0.4930,0.4940,1,1,1,1
1787432829140,124,2,0.8440,0.8450,0.1550,0.1560,1,1,1,1
1787432829959,123,2,0.4860,0.4870,0.5130,0.5140,1,1,1,1
1787432830674,122,2,0.5060,0.5070,0.4930,0.4940,1,1,1,1
1787432831187,123,2,0.4860,0.4870,0.5130,0.5140,1,1,1,1
1787432831597,123,2,0.4860,0.4870,0.5130,0.5140,1,1,1,1
1787432833644,124,2,0.8440,0.8450,0.1550,0.1560,1,1,1,1
1787432833950,123,2,0.4860,0.4870,0.5130,0.5140,1,1,1,1
1787432834461,122,3,0.5100,0.5200,0.4800,0.4900,2651,2989,2989,2651
1787432834874,122,2,0.5060,0.5070,0.4930,0.4940,1,1,1,1
1787432835502,123,2,0.4860,0.4870,0.5130,0.5140,1,1,1,1
1787432837542,124,2,0.8440,0.8450,0.1550,0.1560,1,1,1,1
1787432837628,124,2,0.8440,0.8450,0.1550,0.1560,1,1,1,1
1787432838764,123,2,0.4860,0.4870,0.5130,0.5140,1,1,1,1
1787432839582,122,2,0.5060,0.5070,0.4930,0.4940,1,1,1,1
1787432839674,122,2,0.5060,0.5070,0.4930,0.4940,1,1,1,1
1787432840608,122,2,0.5060,0.5070,0.4930,0.4940,1,1,1,1
1787432840618,122,2,0.5060,0.5070,0.4930,0.4940,1,1,1,1
1787432841636,124,2,0.8440,0.8450,0.1550,0.1560,1,1,1,1
1787432841730,124,2,0.8440,0.8450,0.1550,0.1560,1,1,1,1
1787432842878,124,2,0.8440,0.8450,0.1550,0.1560,1,1,1,1
1787432843165,123,2,0.4860,0.4870,0.5130,0.5140,1,1,1,1
1787432843243,122,1,0.5300,0.5400,0.4600,0.4700,6557,16776,16776,6557
1787432843991,122,2,0.5060,0.5070,0.4930,0.4940,1,1,1,1
1787432844931,122,2,0.5060,0.5070,0.4930,0.4940,1,1,1,1
1787432847249,124,2,0.8440,0.8450,0.1550,0.1560,1,1,1,1
1787432847628,123,2,0.4860,0.4870,0.5130,0.5140,1,1,1,1
1787432848441,122,2,0.5060,0.5070,0.4930,0.4940,1,1,1,1
1787432849314,123,1,0.4600,0.4700,0.5300,0.5400,28904,32672,32672,28904
1787432849314,123,2,0.4860,0.4870,0.5130,0.5140,1,1,1,1
1787432849404,123,2,0.4860,0.4870,0.5130,0.5140,1,1,1,1
1787432851363,124,2,0.8440,0.8450,0.1550,0.1560,1,1,1,1
1787432851840,123,2,0.4860,0.4870,0.5130,0.5140,1,1,1,1
1787432852587,122,2,0.5060,0.5070,0.4930,0.4940,1,1,1,1
1787432852770,122,2,0.5060,0.5070,0.4930,0.4940,1,1,1,1
1787432855461,124,2,0.8440,0.8450,0.1550,0.1560,1,1,1,1
1787432855561,124,2,0.8440,0.8450,0.1550,0.1560,1,1,1,1
1787432856020,123,2,0.4860,0.4870,0.5130,0.5140,1,1,1,1
1787432856932,122,2,0.5060,0.5070,0.4930,0.4940,1,1,1,1
1787432861006,124,2,0.8440,0.8450,0.1550,0.1560,1,1,1,1
1787432861325,123,2,0.4860,0.4870,0.5130,0.5140,1,1,1,1
1787432862113,122,2,0.5060,0.5070,0.4930,0.4940,1,1,1,1
1787432862170,122,2,0.5060,0.5070,0.4930,0.4940,1,1,1,1
1787432864767,124,2,0.8440,0.8450,0.1550,0.1560,1,1,1,1
1787432864782,123,2,0.4860,0.4870,0.5130,0.5140,1,1,1,1
1787432864782,124,2,0.8440,0.8450,0.1550,0.1560,1,1,1,1
1787432865081,123,2,0.4860,0.4870,0.5130,0.5140,1,1,1,1
1787432866047,123,2,0.4860,0.4870,0.5130,0.5140,1,1,1,1
1787432866925,122,2,0.5060,0.5070,0.4930,0.4940,1,1,1,1
1787432869567,124,2,0.8440,0.8450,0.1550,0.1560,1,1,1,1
1787432870100,123,2,0.4860,0.4870,0.5130,0.5140,1,1,1,1
1787432870918,122,2,0.5060,0.5070,0.4930,0.4940,1,1,1,1
1787432872884,122,2,0.5060,0.5070,0.4930,0.4940,1,1,1,1
1787432873582,122,2,0.5060,0.5070,0.4930,0.4940,1,1,1,1
1787432873582,124,2,0.8440,0.8450,0.1550,0.1560,1,1,1,1
1787432873599,124,2,0.8440,0.8450,0.1550,0.1560,1,1,1,1
1787432874297,124,2,0.8440,0.8450,0.1550,0.1560,1,1,1,1
1787432875014,123,2,0.4860,0.4870,0.5130,0.5140,1,1,1,1
1787432875833,122,2,0.5060,0.5070,0.4930,0.4940,1,1,1,1
1787432875946,122,2,0.5060,0.5070,0.4930,0.4940,1,1,1,1
1787432877305,124,2,0.8440,0.8450,0.1550,0.1560,1,1,1,1
1787432879008,124,2,0.8440,0.8450,0.1550,0.1560,1,1,1,1
1787432879357,123,2,0.4860,0.4870,0.5130,0.5140,1,1,1,1
1787432880134,122,2,0.5060,0.5070,0.4930,0.4940,1,1,1,1
1787432880336,122,2,0.5060,0.5070,0.4930,0.4940,1,1,1,1
1787432884702,124,2,0.8440,0.8450,0.1550,0.1560,1,1,1,1
1787432885568,123,2,0.4860,0.4870,0.5130,0.5140,1,1,1,1
1787432886893,122,2,0.5060,0.5070,0.4930,0.4940,1,1,1,1
1787432887012,122,2,0.5060,0.5070,0.4930,0.4940,1,1,1,1
1787432889245,122,2,0.5060,0.5070,0.4930,0.4940,1,1,1,1
1787432890678,124,2,0.8440,0.8450,0.1550,0.1560,1,1,1,1
1787432891088,123,2,0.4860,0.4870,0.5130,0.5140,1,1,1,1
1787432892011,122,2,0.5060,0.5070,0.4930,0.4940,1,1,1,1
1787432894434,124,2,0.8440,0.8450,0.1550,0.1560,1,1,1,1
1787432894995,123,2,0.4860,0.4870,0.5130,0.5140,1,1,1,1
1787432896617,122,2,0.5060,0.5070,0.4930,0.4940,1,1,1,1
1787432896925,122,2,0.5060,0.5070,0.4930,0.4940,1,1,1,1
1787432898564,124,2,0.8440,0.8450,0.1550,0.1560,1,1,1,1
1787432898587,123,2,0.4860,0.4870,0.5130,0.5140,1,1,1,1
1787432899385,123,1,0.4600,0.4700,0.5300,0.5400,28957,32672,32672,28957
1787432899385,123,2,0.4860,0.4870,0.5130,0.5140,1,1,1,1
1787432899690,123,2,0.4860,0.4870,0.5130,0.5140,1,1,1,1
1787432900498,122,2,0.5060,0.5070,0.4930,0.4940,1,1,1,1
1787432900918,122,2,0.5060,0.5070,0.4930,0.4940,1,1,1,1
1787432904387,124,2,0.8440,0.8450,0.1550,0.1560,1,1,1,1
1787432904740,123,2,0.4860,0.4870,0.5130,0.5140,1,1,1,1
1787432905644,122,2,0.5060,0.5070,0.4930,0.4940,1,1,1,1
1787432905662,124,2,0.8440,0.8450,0.1550,0.1560,1,1,1,1
1787432905745,122,2,0.5060,0.5070,0.4930,0.4940,1,1,1,1
1787432905944,122,2,0.5060,0.5070,0.4930,0.4940,1,1,1,1
1787432906110,123,2,0.4860,0.4870,0.5130,0.5140,1,1,1,1
1787432906142,122,2,0.5060,0.5070,0.4930,0.4940,1,1,1,1
1787432907168,123,2,0.4860,0.4870,0.5130,0.5140,1,1,1,1
1787432907522,123,2,0.4860,0.4870,0.5130,0.5140,1,1,1,1
1787432908986,124,2,0.8440,0.8450,0.1550,0.1560,1,1,1,1
1787432909049,123,2,0.4860,0.4870,0.5130,0.5140,1,1,1,1
1787432909424,123,2,0.4860,0.4870,0.5130,0.5140,1,1,1,1
1787432910268,122,2,0.5060,0.5070,0.4930,0.4940,1,1,1,1
1787432914129,124,2,0.8440,0.8450,0.1550,0.1560,1,1,1,1
1787432914540,123,2,0.4860,0.4870,0.5130,0.5140,1,1,1,1
1787432915360,122,2,0.5060,0.5070,0.4930,0.4940,1,1,1,1
1787432915361,122,2,0.5060,0.5070,0.4930,0.4940,1,1,1,1
1787432919252,123,2,0.4860,0.4870,0.5130,0.5140,1,1,1,1
1787432920069,122,2,0.5060,0.5070,0.4930,0.4940,1,1,1,1
1787432920179,122,2,0.5060,0.5070,0.4930,0.4940,1,1,1,1
1787432920991,124,2,0.8440,0.8450,0.1550,0.1560,1,1,1,1
1787432921005,124,2,0.8440,0.8450,0.1550,0.1560,1,1,1,1
1787432923551,123,2,0.4860,0.4870,0.5130,0.5140,1,1,1,1
1787432923575,122,2,0.5060,0.5070,0.4930,0.4940,1,1,1,1
1787432924677,122,2,0.5060,0.5070,0.4930,0.4940,1,1,1,1
1787432924677,122,2,0.5060,0.5070,0.4930,0.4940,1,1,1,1
1787432925289,124,2,0.8440,0.8450,0.1550,0.1560,1,1,1,1
1787432928471,124,3,0.8400,0.8500,0.1500,0.1600,2753,1824,1824,2753
1787432928489,123,2,0.4860,0.4870,0.5130,0.5140,1,1,1,1
1787432929190,122,2,0.5060,0.5070,0.4930,0.4940,1,1,1,1
1787432929557,123,2,0.4860,0.4870,0.5130,0.5140,1,1,1,1
1787432929858,123,2,0.4860,0.4870,0.5130,0.5140,1,1,1,1
1787432930512,124,2,0.8440,0.8450,0.1550,0.1560,1,1,1,1
1787432930512,124,2,0.8440,0.8450,0.1550,0.1560,1,1,1,1
1787432931229,123,2,0.4860,0.4870,0.5130,0.5140,1,1,1,1
1787432934301,123,2,0.4860,0.4870,0.5130,0.5140,1,1,1,1
1787432934961,122,2,0.5060,0.5070,0.4930,0.4940,1,1,1,1
1787432935107,122,2,0.5060,0.5070,0.4930,0.4940,1,1,1,1
1787432935762,124,2,0.8440,0.8450,0.1550,0.1560,1,1,1,1
1787432936200,122,2,0.5060,0.5070,0.4930,0.4940,1,1,1,1
1787432936302,122,2,0.5060,0.5070,0.4930,0.4940,1,1,1,1
1787432936397,122,2,0.5060,0.5070,0.4930,0.4940,1,1,1,1
1787432936922,122,2,0.5060,0.5070,0.4930,0.4940,1,1,1,1
1787432937029,124,2,0.8440,0.8450,0.1550,0.1560,1,1,1,1
1787432937128,124,2,0.8440,0.8450,0.1550,0.1560,1,1,1,1
1787432938912,123,2,0.4860,0.4870,0.5130,0.5140,1,1,1,1
1787432939832,122,2,0.5060,0.5070,0.4930,0.4940,1,1,1,1
1787432941471,124,2,0.8440,0.8450,0.1550,0.1560,1,1,1,1
1787432943516,123,2,0.4860,0.4870,0.5130,0.5140,1,1,1,1
1787432943877,123,2,0.4860,0.4870,0.5130,0.5140,1,1,1,1
1787432944643,122,2,0.5060,0.5070,0.4930,0.4940,1,1,1,1
1787432944713,122,2,0.5060,0.5070,0.4930,0.4940,1,1,1,1
1787432945562,124,2,0.8440,0.8450,0.1550,0.1560,1,1,1,1
1787432945725,124,2,0.8440,0.8450,0.1550,0.1560,1,1,1,1
1787432948247,123,2,0.4860,0.4870,0.5130,0.5140,1,1,1,1
1787432948683,122,2,0.5060,0.5070,0.4930,0.4940,1,1,1,1
1787432948933,122,2,0.5060,0.5070,0.4930,0.4940,1,1,1,1
1787432949763,124,2,0.8440,0.8450,0.1550,0.1560,1,1,1,1
1787432953161,124,3,0.8400,0.8500,0.1500,0.1600,2503,1824,1824,2503
1787432953655,123,2,0.4860,0.4870,0.5130,0.5140,1,1,1,1
1787432954342,122,2,0.5060,0.5070,0.4930,0.4940,1,1,1,1
1787432955087,124,2,0.8440,0.8450,0.1550,0.1560,1,1,1,1
1787432957033,123,2,0.4860,0.4870,0.5130,0.5140,1,1,1,1
1787432958547,122,2,0.5060,0.5070,0.4930,0.4940,1,1,1,1
1787432958660,122,2,0.5060,0.5070,0.4930,0.4940,1,1,1,1
1787432959695,124,2,0.8440,0.8450,0.1550,0.1560,1,1,1,1
1787432961437,123,2,0.4860,0.4870,0.5130,0.5140,1,1,1,1
1787432962254,122,2,0.5060,0.5070,0.4930,0.4940,1,1,1,1
1787432963050,124,2,0.8440,0.8450,0.1550,0.1560,1,1,1,1
1787432963145,124,2,0.8440,0.8450,0.1550,0.1560,1,1,1,1
1787432964201,123,2,0.4860,0.4870,0.5130,0.5140,1,1,1,1
1787432964309,123,2,0.4860,0.4870,0.5130,0.5140,1,1,1,1
1787432965941,123,2,0.4860,0.4870,0.5130,0.5140,1,1,1,1
1787432966554,122,2,0.5060,0.5070,0.4930,0.4940,1,1,1,1
1787432967582,124,2,0.8440,0.8450,0.1550,0.1560,1,1,1,1
1787432969732,122,2,0.5060,0.5070,0.4930,0.4940,1,1,1,1
1787432969732,124,2,0.8440,0.8450,0.1550,0.1560,1,1,1,1
1787432969936,123,2,0.4860,0.4870,0.5130,0.5140,1,1,1,1
1787432969936,124,2,0.8440,0.8450,0.1550,0.1560,1,1,1,1
1787432970036,122,2,0.5060,0.5070,0.4930,0.4940,1,1,1,1
1787432970651,122,2,0.5060,0.5070,0.4930,0.4940,1,1,1,1
1787432971471,124,2,0.8440,0.8450,0.1550,0.1560,1,1,1,1
1787432974951,123,2,0.4860,0.4870,0.5130,0.5140,1,1,1,1
1787432975772,122,2,0.5060,0.5070,0.4930,0.4940,1,1,1,1
1787432976489,124,2,0.8440,0.8450,0.1550,0.1560,1,1,1,1
1787432976599,124,2,0.8440,0.8450,0.1550,0.1560,1,1,1,1
1787432978765,123,2,0.4860,0.4870,0.5130,0.5140,1,1,1,1
1787432980175,122,2,0.5060,0.5070,0.4930,0.4940,1,1,1,1
1787432980175,122,2,0.5060,0.5070,0.4930,0.4940,1,1,1,1
1787432980891,124,2,0.8440,0.8450,0.1550,0.1560,1,1,1,1
1787432980901,124,2,0.8440,0.8450,0.1550,0.1560,1,1,1,1
1787432983144,123,2,0.4860,0.4870,0.5130,0.5140,1,1,1,1
1787432984041,123,2,0.4860,0.4870,0.5130,0.5140,1,1,1,1
1787432985601,122,2,0.5060,0.5070,0.4930,0.4940,1,1,1,1
1787432986110,124,2,0.8440,0.8450,0.1550,0.1560,1,1,1,1
1787432988488,123,2,0.4860,0.4870,0.5130,0.5140,1,1,1,1
1787432989290,123,2,0.4860,0.4870,0.5130,0.5140,1,1,1,1
1787432989902,122,2,0.5060,0.5070,0.4930,0.4940,1,1,1,1
1787432990611,124,2,0.8440,0.8450,0.1550,0.1560,1,1,1,1
1787432994817,123,2,0.4860,0.4870,0.5130,0.5140,1,1,1,1
1787432995433,123,2,0.4860,0.4870,0.5130,0.5140,1,1,1,1
1787432995842,123,2,0.4860,0.4870,0.5130,0.5140,1,1,1,1
1787432995842,122,2,0.5060,0.5070,0.4930,0.4940,1,1,1,1
1787432996349,124,2,0.8440,0.8450,0.1550,0.1560,1,1,1,1
1787432998644,123,2,0.4860,0.4870,0.5130,0.5140,1,1,1,1
1787432999415,122,2,0.5060,0.5070,0.4930,0.4940,1,1,1,1
1787433000350,124,2,0.8440,0.8450,0.1550,0.1560,1,1,1,1
1787433004239,123,2,0.4860,0.4870,0.5130,0.5140,1,1,1,1
1787433004958,122,2,0.5060,0.5070,0.4930,0.4940,1,1,1,1
1787433006596,122,2,0.5060,0.5070,0.4930,0.4940,1,1,1,1
1787433006902,124,2,0.8440,0.8450,0.1550,0.1560,1,1,1,1
1787433007226,122,2,0.5060,0.5070,0.4930,0.4940,1,1,1,1
1787433007341,124,2,0.8440,0.8450,0.1550,0.1560,1,1,1,1
1787433007545,124,2,0.8440,0.8450,0.1550,0.1560,1,1,1,1
1787433009763,123,2,0.4860,0.4870,0.5130,0.5140,1,1,1,1
1787433010691,122,2,0.5060,0.5070,0.4930,0.4940,1,1,1,1
1787433010733,122,2,0.5060,0.5070,0.4930,0.4940,1,1,1,1
1787433012329,124,2,0.8440,0.8450,0.1550,0.1560,1,1,1,1
1787433016414,123,2,0.4860,0.4870,0.5130,0.5140,1,1,1,1
1787433017141,122,2,0.5060,0.5070,0.4930,0.4940,1,1,1,1
1787433017247,122,2,0.5060,0.5070,0.4930,0.4940,1,1,1,1
1787433018065,124,2,0.8440,0.8450,0.1550,0.1560,1,1,1,1
1787433018065,124,2,0.8440,0.8450,0.1550,0.1560,1,1,1,1
1787433020926,123,2,0.4860,0.4870,0.5130,0.5140,1,1,1,1
1787433020954,122,2,0.5060,0.5070,0.4930,0.4940,1,1,1,1
1787433021747,122,2,0.5060,0.5070,0.4930,0.4940,1,1,1,1
1787433021855,122,2,0.5060,0.5070,0.4930,0.4940,1,1,1,1
1787433022671,124,2,0.8440,0.8450,0.1550,0.1560,1,1,1,1
1787433025722,123,2,0.4860,0.4870,0.5130,0.5140,1,1,1,1
1787433026870,122,2,0.5060,0.5070,0.4930,0.4940,1,1,1,1
1787433026975,123,2,0.4860,0.4870,0.5130,0.5140,1,1,1,1
1787433027223,123,2,0.4860,0.4870,0.5130,0.5140,1,1,1,1
1787433027383,124,2,0.8440,0.8450,0.1550,0.1560,1,1,1,1
1787433030248,123,2,0.4860,0.4870,0.5130,0.5140,1,1,1,1
1787433030861,122,2,0.5060,0.5070,0.4930,0.4940,1,1,1,1
1787433031579,124,2,0.8440,0.8450,0.1550,0.1560,1,1,1,1
1787433034447,123,2,0.4860,0.4870,0.5130,0.5140,1,1,1,1
1787433035180,122,2,0.5060,0.5070,0.4930,0.4940,1,1,1,1
1787433035285,122,2,0.5060,0.5070,0.4930,0.4940,1,1,1,1
1787433036187,124,2,0.8440,0.8450,0.1550,0.1560,1,1,1,1
1787433036273,122,2,0.5060,0.5070,0.4930,0.4940,1,1,1,1
1787433036397,124,2,0.8440,0.8450,0.1550,0.1560,1,1,1,1
1787433036587,122,2,0.5060,0.5070,0.4930,0.4940,1,1,1,1
1787433036622,124,2,0.8440,0.8450,0.1550,0.1560,1,1,1,1
1787433038742,123,2,0.4860,0.4870,0.5130,0.5140,1,1,1,1
1787433039485,122,2,0.5060,0.5070,0.4930,0.4940,1,1,1,1
1787433039577,122,2,0.5060,0.5070,0.4930,0.4940,1,1,1,1
1787433040386,124,2,0.8440,0.8450,0.1550,0.1560,1,1,1,1
1787433040502,122,2,0.5060,0.5070,0.4930,0.4940,1,1,1,1
1787433040612,122,2,0.5060,0.5070,0.4930,0.4940,1,1,1,1
1787433043129,123,2,0.4860,0.4870,0.5130,0.5140,1,1,1,1
1787433043868,122,2,0.5060,0.5070,0.4930,0.4940,1,1,1,1
1787433043897,122,2,0.5060,0.5070,0.4930,0.4940,1,1,1,1
1787433044696,124,2,0.8440,0.8450,0.1550,0.1560,1,1,1,1
1787433048095,123,2,0.4860,0.4870,0.5130,0.5140,1,1,1,1
1787433048656,122,2,0.5060,0.5070,0.4930,0.4940,1,1,1,1
1787433049243,124,2,0.8440,0.8450,0.1550,0.1560,1,1,1,1
1787433052372,123,2,0.4860,0.4870,0.5130,0.5140,1,1,1,1
1787433053290,122,2,0.5060,0.5070,0.4930,0.4940,1,1,1,1
1787433053311,122,2,0.5060,0.5070,0.4930,0.4940,1,1,1,1
1787433054090,124,2,0.8440,0.8450,0.1550,0.1560,1,1,1,1
1787433056672,123,2,0.4860,0.4870,0.5130,0.5140,1,1,1,1
1787433056778,123,2,0.4860,0.4870,0.5130,0.5140,1,1,1,1
1787433057522,122,2,0.5060,0.5070,0.4930,0.4940,1,1,1,1
1787433058396,124,2,0.8440,0.8450,0.1550,0.1560,1,1,1,1
1787433061478,123,2,0.4860,0.4870,0.5130,0.5140,1,1,1,1
1787433062401,122,2,0.5060,0.5070,0.4930,0.4940,1,1,1,1
1787433062432,122,2,0.5060,0.5070,0.4930,0.4940,1,1,1,1
1787433063116,124,2,0.8440,0.8450,0.1550,0.1560,1,1,1,1
1787433066087,123,2,0.4860,0.4870,0.5130,0.5140,1,1,1,1
1787433066291,123,1,0.4600,0.4700,0.5300,0.5400,28957,32662,32662,28957
1787433066732,122,2,0.5060,0.5070,0.4930,0.4940,1,1,1,1
1787433067111,122,2,0.5060,0.5070,0.4930,0.4940,1,1,1,1
1787433067835,124,2,0.8440,0.8450,0.1550,0.1560,1,1,1,1
1787433067962,124,2,0.8440,0.8450,0.1550,0.1560,1,1,1,1
1787433068060,124,2,0.8440,0.8450,0.1550,0.1560,1,1,1,1
1787433068268,124,2,0.8440,0.8450,0.1550,0.1560,1,1,1,1
1787433068862,124,2,0.8440,0.8450,0.1550,0.1560,1,1,1,1
1787433069977,122,2,0.5060,0.5070,0.4930,0.4940,1,1,1,1
1787433070140,122,2,0.5060,0.5070,0.4930,0.4940,1,1,1,1
1787433070899,123,2,0.4860,0.4870,0.5130,0.5140,1,1,1,1
1787433071343,122,2,0.5060,0.5070,0.4930,0.4940,1,1,1,1
1787433071719,122,2,0.5060,0.5070,0.4930,0.4940,1,1,1,1
1787433071719,122,2,0.5060,0.5070,0.4930,0.4940,1,1,1,1
1787433072435,124,2,0.8440,0.8450,0.1550,0.1560,1,1,1,1
1787433072743,122,2,0.5060,0.5070,0.4930,0.4940,1,1,1,1
1787433073973,122,2,0.5060,0.5070,0.4930,0.4940,1,1,1,1
1787433074149,122,2,0.5060,0.5070,0.4930,0.4940,1,1,1,1
1787433075098,122,2,0.5060,0.5070,0.4930,0.4940,1,1,1,1
1787433075507,123,2,0.4860,0.4870,0.5130,0.5140,1,1,1,1
1787433076353,122,2,0.5060,0.5070,0.4930,0.4940,1,1,1,1
1787433076452,122,2,0.5060,0.5070,0.4930,0.4940,1,1,1,1
1787433077248,124,2,0.8440,0.8450,0.1550,0.1560,1,1,1,1
1787433077862,124,2,0.8440,0.8450,0.1550,0.1560,1,1,1,1
1787433080217,123,2,0.4860,0.4870,0.5130,0.5140,1,1,1,1
1787433080934,122,2,0.5060,0.5070,0.4930,0.4940,1,1,1,1
1787433081719,124,2,0.8440,0.8450,0.1550,0.1560,1,1,1,1
1787433081791,124,2,0.8440,0.8450,0.1550,0.1560,1,1,1,1
1787433085338,123,2,0.4860,0.4870,0.5130,0.5140,1,1,1,1
1787433086155,122,2,0.5060,0.5070,0.4930,0.4940,1,1,1,1
1787433086809,124,2,0.8440,0.8450,0.1550,0.1560,1,1,1,1
1787433089946,123,2,0.4860,0.4870,0.5130,0.5140,1,1,1,1
1787433090681,122,2,0.5060,0.5070,0.4930,0.4940,1,1,1,1
1787433090885,122,2,0.5060,0.5070,0.4930,0.4940,1,1,1,1
1787433091078,123,2,0.4860,0.4870,0.5130,0.5140,1,1,1,1
1787433091393,123,2,0.4860,0.4870,0.5130,0.5140,1,1,1,1
1787433091715,124,2,0.8440,0.8450,0.1550,0.1560,1,1,1,1
1787433095272,123,2,0.4860,0.4870,0.5130,0.5140,1,1,1,1
1787433095853,122,2,0.5060,0.5070,0.4930,0.4940,1,1,1,1
1787433095897,122,2,0.5060,0.5070,0.4930,0.4940,1,1,1,1
1787433096804,124,2,0.8440,0.8450,0.1550,0.1560,1,1,1,1
1787433099980,123,2,0.4860,0.4870,0.5130,0.5140,1,1,1,1
1787433100804,122,2,0.5060,0.5070,0.4930,0.4940,1,1,1,1
1787433101595,124,2,0.8440,0.8450,0.1550,0.1560,1,1,1,1
1787433103358,124,2,0.8440,0.8450,0.1550,0.1560,1,1,1,1
1787433103666,123,2,0.4860,0.4870,0.5130,0.5140,1,1,1,1
1787433104455,124,2,0.8440,0.8450,0.1550,0.1560,1,1,1,1
1787433105511,122,2,0.5060,0.5070,0.4930,0.4940,1,1,1,1
1787433106948,124,2,0.8440,0.8450,0.1550,0.1560,1,1,1,1
1787433106948,124,2,0.8440,0.8450,0.1550,0.1560,1,1,1,1
1787433108312,122,2,0.5060,0.5070,0.4930,0.4940,1,1,1,1
1787433108683,122,2,0.5060,0.5070,0.4930,0.4940,1,1,1,1
1787433109677,123,2,0.4860,0.4870,0.5130,0.5140,1,1,1,1
1787433110427,122,2,0.5060,0.5070,0.4930,0.4940,1,1,1,1
1787433113933,123,2,0.4860,0.4870,0.5130,0.5140,1,1,1,1
1787433114642,122,2,0.5060,0.5070,0.4930,0.4940,1,1,1,1
1787433114645,122,2,0.5060,0.5070,0.4930,0.4940,1,1,1,1
1787433115544,124,2,0.8440,0.8450,0.1550,0.1560,1,1,1,1
1787433117690,123,2,0.4860,0.4870,0.5130,0.5140,1,1,1,1
1787433118463,122,2,0.5060,0.5070,0.4930,0.4940,1,1,1,1
1787433118569,122,2,0.5060,0.5070,0.4930,0.4940,1,1,1,1
1787433119540,124,2,0.8440,0.8450,0.1550,0.1560,1,1,1,1
1787433119541,124,2,0.8440,0.8450,0.1550,0.1560,1,1,1,1
1787433122713,123,2,0.4860,0.4870,0.5130,0.5140,1,1,1,1
1787433123224,123,2,0.4860,0.4870,0.5130,0.5140,1,1,1,1
1787433123519,122,2,0.5060,0.5070,0.4930,0.4940,1,1,1,1
1787433123633,122,2,0.5060,0.5070,0.4930,0.4940,1,1,1,1
1787433124572,124,2,0.8440,0.8450,0.1550,0.1560,1,1,1,1
1787433127835,123,2,0.4860,0.4870,0.5130,0.5140,1,1,1,1
1787433128858,122,2,0.5060,0.5070,0.4930,0.4940,1,1,1,1
1787433128858,122,2,0.5060,0.5070,0.4930,0.4940,1,1,1,1
1787433129899,124,2,0.8440,0.8450,0.1550,0.1560,1,1,1,1
1787433133528,123,2,0.4860,0.4870,0.5130,0.5140,1,1,1,1
1787433134382,122,2,0.5060,0.5070,0.4930,0.4940,1,1,1,1
1787433134528,122,2,0.5060,0.5070,0.4930,0.4940,1,1,1,1
1787433135205,124,2,0.8440,0.8450,0.1550,0.1560,1,1,1,1
1787433135412,124,2,0.8440,0.8450,0.1550,0.1560,1,1,1,1
1787433137253,123,2,0.4860,0.4870,0.5130,0.5140,1,1,1,1
1787433138304,122,2,0.5060,0.5070,0.4930,0.4940,1,1,1,1
1787433139198,124,2,0.8440,0.8450,0.1550,0.1560,1,1,1,1
1787433140940,122,2,0.5060,0.5070,0.4930,0.4940,1,1,1,1
1787433141497,122,2,0.5060,0.5070,0.4930,0.4940,1,1,1,1
1787433141563,123,2,0.4860,0.4870,0.5130,0.5140,1,1,1,1
1787433142167,122,2,0.5060,0.5070,0.4930,0.4940,1,1,1,1
1787433142509,122,2,0.5060,0.5070,0.4930,0.4940,1,1,1,1
1787433142788,122,2,0.5060,0.5070,0.4930,0.4940,1,1,1,1
1787433142988,124,2,0.8440,0.8450,0.1550,0.1560,1,1,1,1
1787433144215,122,2,0.5060,0.5070,0.4930,0.4940,1,1,1,1
1787433144960,122,2,0.5060,0.5070,0.4930,0.4940,1,1,1,1
1787433145950,123,2,0.4860,0.4870,0.5130,0.5140,1,1,1,1
1787433146879,122,2,0.5060,0.5070,0.4930,0.4940,1,1,1,1
1787433146914,122,2,0.5060,0.5070,0.4930,0.4940,1,1,1,1
1787433147837,124,2,0.8440,0.8450,0.1550,0.1560,1,1,1,1
1787433148006,124,2,0.8440,0.8450,0.1550,0.1560,1,1,1,1
1787433151182,123,2,0.4860,0.4870,0.5130,0.5140,1,1,1,1
1787433151997,122,2,0.5060,0.5070,0.4930,0.4940,1,1,1,1
1787433152922,124,2,0.8440,0.8450,0.1550,0.1560,1,1,1,1
1787433155410,123,2,0.4860,0.4870,0.5130,0.5140,1,1,1,1
1787433155573,123,2,0.4860,0.4870,0.5130,0.5140,1,1,1,1
1787433155889,123,2,0.4860,0.4870,0.5130,0.5140,1,1,1,1
1787433156041,122,2,0.5060,0.5070,0.4930,0.4940,1,1,1,1
1787433156425,122,2,0.5060,0.5070,0.4930,0.4940,1,1,1,1
1787433156811,123,2,0.4860,0.4870,0.5130,0.5140,1,1,1,1
1787433157015,124,2,0.8440,0.8450,0.1550,0.1560,1,1,1,1
1787433157075,123,2,0.4860,0.4870,0.5130,0.5140,1,1,1,1
1787433160169,123,2,0.4860,0.4870,0.5130,0.5140,1,1,1,1
